faixa_idade,genero,raca,regiao,escolaridade,situacao_trabalho,cargo,nivel,salario,tempo_experiencia_dados,tempo_experiencia_ti,satisfacao,salario_num,latitude,longitude
17-21,Masculino,Branca,Sul,Estudante de Graduação,Estagiário,Analista de Dados,Júnior,de R$ 1.001/mês a R$ 2.000/mês,de 1 a 2 anos,de 1 a 2 anos,True,1500,-27.0,-51.0
17-21,Masculino,Branca,Sul,Estudante de Graduação,Estagiário,Analista de BI,Júnior,Menos de R$ 1.000/mês,Menos de 1 ano,Menos de 1 ano,True,500,-27.0,-51.0
17-21,Masculino,Parda,Sudeste,Estudante de Graduação,Empregado (CLT),Outro,Júnior,de R$ 1.001/mês a R$ 2.000/mês,Não tenho experiência na área de dados,Não tive experiência na área de TI/Engenharia de Software antes de começar a trabalhar na área de dados,False,1500,-20.0,-44.0
17-21,Masculino,Branca,Sudeste,Estudante de Graduação,Estagiário,Analista de Dados,Júnior,de R$ 1.001/mês a R$ 2.000/mês,Menos de 1 ano,Não tive experiência na área de TI/Engenharia de Software antes de começar a trabalhar na área de dados,True,1500,-20.0,-44.0
17-21,Masculino,Branca,Sudeste,Estudante de Graduação,Estagiário,Desenvolvedor,Júnior,de R$ 1.001/mês a R$ 2.000/mês,Menos de 1 ano,Menos de 1 ano,True,1500,-20.0,-44.0
17-21,Masculino,Parda,Sudeste,Graduação/Bacharelado,Empregado (CLT),Analista de BI,Júnior,de R$ 6.001/mês a R$ 8.000/mês,de 5 a 6 anos,Não tive experiência na área de TI/Engenharia de Software antes de começar a trabalhar na área de dados,True,7000,-20.0,-44.0
17-21,Masculino,Parda,Sudeste,Estudante de Graduação,Estagiário,Outro,Júnior,de R$ 1.001/mês a R$ 2.000/mês,Não tenho experiência na área de dados,Não tive experiência na área de TI/Engenharia de Software antes de começar a trabalhar na área de dados,True,1500,-20.0,-44.0
17-21,Masculino,Parda,Nordeste,Não tenho graduação formal,Estagiário,Outro,Júnior,Menos de R$ 1.000/mês,Não tenho experiência na área de dados,Não tive experiência na área de TI/Engenharia de Software antes de começar a trabalhar na área de dados,True,500,-8.0,-38.0
17-21,Masculino,Parda,Sudeste,Estudante de Graduação,Empreendedor ou Empregado (CNPJ),Desenvolvedor,Pleno,de R$ 3.001/mês a R$ 4.000/mês,Não tenho experiência na área de dados,de 3 a 4 anos,False,3500,-20.0,-44.0
17-21,Masculino,Branca,Sudeste,Graduação/Bacharelado,Estagiário,Desenvolvedor,Júnior,de R$ 2.001/mês a R$ 3.000/mês,Menos de 1 ano,Menos de 1 ano,False,2500,-20.0,-44.0
17-21,Masculino,Branca,Sudeste,Estudante de Graduação,Empregado (CLT),Outro,Júnior,Menos de R$ 1.000/mês,Não tenho experiência na área de dados,Não tive experiência na área de TI/Engenharia de Software antes de começar a trabalhar na área de dados,True,500,-20.0,-44.0
17-21,Masculino,Branca,Sul,Estudante de Graduação,Empregado (CLT),Engenheiro de Dados,Júnior,de R$ 3.001/mês a R$ 4.000/mês,de 1 a 2 anos,Não tive experiência na área de TI/Engenharia de Software antes de começar a trabalhar na área de dados,True,3500,-27.0,-51.0
17-21,Masculino,Preta,Sudeste,Estudante de Graduação,Empregado (CLT),Analytics Engineer,Júnior,de R$ 4.001/mês a R$ 6.000/mês,Menos de 1 ano,Menos de 1 ano,True,5000,-20.0,-44.0
17-21,Feminino,Branca,Sul,Estudante de Graduação,Estagiário,Engenheiro de Dados,Júnior,de R$ 2.001/mês a R$ 3.000/mês,de 1 a 2 anos,de 3 a 4 anos,True,2500,-27.0,-51.0
17-21,Masculino,Branca,Sudeste,Estudante de Graduação,Empreendedor ou Empregado (CNPJ),Analista de Negócios,Pleno,de R$ 3.001/mês a R$ 4.000/mês,de 3 a 4 anos,Não tive experiência na área de TI/Engenharia de Software antes de começar a trabalhar na área de dados,True,3500,-20.0,-44.0
17-21,Masculino,Branca,Centro-oeste,Estudante de Graduação,Empreendedor ou Empregado (CNPJ),Analista de BI,Júnior,de R$ 3.001/mês a R$ 4.000/mês,de 1 a 2 anos,Menos de 1 ano,False,3500,-15.0,-52.0
17-21,Masculino,Branca,Sudeste,Estudante de Graduação,Estagiário,Outro,Júnior,Menos de R$ 1.000/mês,Menos de 1 ano,Menos de 1 ano,False,500,-20.0,-44.0
17-21,Masculino,Parda,Centro-oeste,Estudante de Graduação,Empregado (CLT),Analista de Negócios,Pleno,de R$ 2.001/mês a R$ 3.000/mês,de 1 a 2 anos,de 3 a 4 anos,True,2500,-15.0,-52.0
17-21,Masculino,Branca,Sul,Estudante de Graduação,Empreendedor ou Empregado (CNPJ),Analista de BI,Júnior,de R$ 2.001/mês a R$ 3.000/mês,de 1 a 2 anos,Não tive experiência na área de TI/Engenharia de Software antes de começar a trabalhar na área de dados,True,2500,-27.0,-51.0
17-21,Masculino,Branca,Sudeste,Estudante de Graduação,Empregado (CLT),Outro,Júnior,de R$ 1.001/mês a R$ 2.000/mês,Não tenho experiência na área de dados,de 1 a 2 anos,False,1500,-20.0,-44.0
17-21,Masculino,Branca,Centro-oeste,Estudante de Graduação,Estagiário,Analista de Dados,Júnior,de R$ 3.001/mês a R$ 4.000/mês,de 1 a 2 anos,de 3 a 4 anos,True,3500,-15.0,-52.0
17-21,Masculino,Branca,Centro-oeste,Estudante de Graduação,Estagiário,Analista de BI,Júnior,de R$ 1.001/mês a R$ 2.000/mês,de 1 a 2 anos,Não tive experiência na área de TI/Engenharia de Software antes de começar a trabalhar na área de dados,True,1500,-15.0,-52.0
17-21,Feminino,Parda,Sudeste,Estudante de Graduação,Estagiário,Engenheiro de Dados,Júnior,de R$ 2.001/mês a R$ 3.000/mês,Menos de 1 ano,Menos de 1 ano,True,2500,-20.0,-44.0
17-21,Masculino,Outra,Centro-oeste,Graduação/Bacharelado,Estagiário,Outro,Júnior,Menos de R$ 1.000/mês,de 1 a 2 anos,de 1 a 2 anos,False,500,-15.0,-52.0
17-21,Masculino,Branca,Centro-oeste,Estudante de Graduação,Empregado (CLT),Outro,Júnior,de R$ 1.001/mês a R$ 2.000/mês,de 5 a 6 anos,Não tive experiência na área de TI/Engenharia de Software antes de começar a trabalhar na área de dados,True,1500,-15.0,-52.0
17-21,Feminino,Parda,Sudeste,Estudante de Graduação,Empregado (CLT),Analista de Dados,Júnior,de R$ 3.001/mês a R$ 4.000/mês,de 3 a 4 anos,de 1 a 2 anos,True,3500,-20.0,-44.0
17-21,Masculino,Parda,Nordeste,Estudante de Graduação,Estagiário,Outro,Júnior,de R$ 1.001/mês a R$ 2.000/mês,Menos de 1 ano,de 1 a 2 anos,True,1500,-8.0,-38.0
17-21,Masculino,Branca,Nordeste,Estudante de Graduação,Freelancer,Outro,Júnior,de R$ 1.001/mês a R$ 2.000/mês,Não tenho experiência na área de dados,Não tive experiência na área de TI/Engenharia de Software antes de começar a trabalhar na área de dados,False,1500,-8.0,-38.0
17-21,Masculino,Branca,Centro-oeste,Estudante de Graduação,Empregado (CLT),Analista de BI,Júnior,de R$ 1.001/mês a R$ 2.000/mês,Menos de 1 ano,Não tive experiência na área de TI/Engenharia de Software antes de começar a trabalhar na área de dados,True,1500,-15.0,-52.0
17-21,Feminino,Branca,Sudeste,Estudante de Graduação,Estagiário,Engenheiro de Dados,Júnior,de R$ 1.001/mês a R$ 2.000/mês,Menos de 1 ano,de 1 a 2 anos,True,1500,-20.0,-44.0
17-21,Feminino,Branca,Sul,Estudante de Graduação,Estagiário,Analista de Negócios,Júnior,de R$ 1.001/mês a R$ 2.000/mês,Não tenho experiência na área de dados,Menos de 1 ano,True,1500,-27.0,-51.0
17-21,Feminino,Branca,Sul,Estudante de Graduação,Estagiário,Analista de Negócios,Júnior,de R$ 1.001/mês a R$ 2.000/mês,Menos de 1 ano,Menos de 1 ano,True,1500,-27.0,-51.0
17-21,Feminino,Branca,Sul,Estudante de Graduação,Estagiário,Analista de BI,Júnior,Menos de R$ 1.000/mês,Menos de 1 ano,Não tive experiência na área de TI/Engenharia de Software antes de começar a trabalhar na área de dados,True,500,-27.0,-51.0
17-21,Masculino,Branca,Centro-oeste,Estudante de Graduação,Estagiário,Analista de BI,Júnior,Menos de R$ 1.000/mês,Menos de 1 ano,Não tive experiência na área de TI/Engenharia de Software antes de começar a trabalhar na área de dados,True,500,-15.0,-52.0
17-21,Masculino,Branca,Sudeste,Não tenho graduação formal,Estagiário,Desenvolvedor,Júnior,Menos de R$ 1.000/mês,de 1 a 2 anos,de 1 a 2 anos,True,500,-20.0,-44.0
17-21,Feminino,Branca,Sul,Estudante de Graduação,Estagiário,Desenvolvedor,Júnior,de R$ 2.001/mês a R$ 3.000/mês,de 1 a 2 anos,de 3 a 4 anos,True,2500,-27.0,-51.0
17-21,Masculino,Branca,Sul,Estudante de Graduação,Empregado (CLT),Analista de Suporte,Júnior,de R$ 2.001/mês a R$ 3.000/mês,de 1 a 2 anos,Não tive experiência na área de TI/Engenharia de Software antes de começar a trabalhar na área de dados,False,2500,-27.0,-51.0
17-21,Feminino,Branca,Sudeste,Estudante de Graduação,Empregado (CLT),Analista de Dados,Júnior,de R$ 4.001/mês a R$ 6.000/mês,de 1 a 2 anos,Não tive experiência na área de TI/Engenharia de Software antes de começar a trabalhar na área de dados,False,5000,-20.0,-44.0
17-21,Masculino,Branca,Sudeste,Estudante de Graduação,Estagiário,Analista de Dados,Júnior,de R$ 1.001/mês a R$ 2.000/mês,Menos de 1 ano,Não tive experiência na área de TI/Engenharia de Software antes de começar a trabalhar na área de dados,True,1500,-20.0,-44.0
17-21,Feminino,Branca,Sudeste,Estudante de Graduação,Estagiário,Analytics Engineer,Júnior,de R$ 2.001/mês a R$ 3.000/mês,de 1 a 2 anos,Não tive experiência na área de TI/Engenharia de Software antes de começar a trabalhar na área de dados,True,2500,-20.0,-44.0
17-21,Masculino,Branca,Sudeste,Estudante de Graduação,Empregado (CLT),Analista de BI,Júnior,de R$ 4.001/mês a R$ 6.000/mês,Menos de 1 ano,Menos de 1 ano,True,5000,-20.0,-44.0
17-21,Masculino,Branca,Sudeste,Estudante de Graduação,Estagiário,Engenheiro de Dados,Júnior,de R$ 3.001/mês a R$ 4.000/mês,Menos de 1 ano,Não tive experiência na área de TI/Engenharia de Software antes de começar a trabalhar na área de dados,True,3500,-20.0,-44.0
17-21,Masculino,Branca,Sul,Estudante de Graduação,Empregado (CLT),Analista de Dados,Júnior,de R$ 2.001/mês a R$ 3.000/mês,de 1 a 2 anos,Não tive experiência na área de TI/Engenharia de Software antes de começar a trabalhar na área de dados,True,2500,-27.0,-51.0
17-21,Feminino,Parda,Centro-oeste,Estudante de Graduação,Estagiário,Analytics Engineer,Júnior,de R$ 1.001/mês a R$ 2.000/mês,de 1 a 2 anos,Não tive experiência na área de TI/Engenharia de Software antes de começar a trabalhar na área de dados,True,1500,-15.0,-52.0
17-21,Feminino,Branca,Sudeste,Graduação/Bacharelado,Estagiário,Analista de Dados,Júnior,de R$ 1.001/mês a R$ 2.000/mês,Menos de 1 ano,Não tive experiência na área de TI/Engenharia de Software antes de começar a trabalhar na área de dados,False,1500,-20.0,-44.0
17-21,Masculino,Parda,Sudeste,Estudante de Graduação,Estagiário,Outro,Júnior,de R$ 1.001/mês a R$ 2.000/mês,de 1 a 2 anos,Menos de 1 ano,True,1500,-20.0,-44.0
17-21,Masculino,Branca,Sudeste,Estudante de Graduação,Empregado (CLT),Analista de BI,Pleno,de R$ 4.001/mês a R$ 6.000/mês,de 1 a 2 anos,de 1 a 2 anos,True,5000,-20.0,-44.0
17-21,Masculino,Parda,Sudeste,Estudante de Graduação,Empregado (CLT),Analista de BI,Júnior,de R$ 2.001/mês a R$ 3.000/mês,de 1 a 2 anos,Não tive experiência na área de TI/Engenharia de Software antes de começar a trabalhar na área de dados,True,2500,-20.0,-44.0
17-21,Masculino,Branca,Sudeste,Estudante de Graduação,Estagiário,Analista de BI,Júnior,de R$ 2.001/mês a R$ 3.000/mês,de 1 a 2 anos,Não tive experiência na área de TI/Engenharia de Software antes de começar a trabalhar na área de dados,True,2500,-20.0,-44.0
17-21,Masculino,Amarela,Sudeste,Estudante de Graduação,Estagiário,Desenvolvedor,Júnior,de R$ 2.001/mês a R$ 3.000/mês,de 1 a 2 anos,Não tive experiência na área de TI/Engenharia de Software antes de começar a trabalhar na área de dados,True,2500,-20.0,-44.0
17-21,Masculino,Branca,Sul,Estudante de Graduação,Empregado (CLT),Analista de Dados,Júnior,de R$ 8.001/mês a R$ 12.000/mês,Menos de 1 ano,de 1 a 2 anos,True,10000,-27.0,-51.0
17-21,Masculino,Branca,Sudeste,Estudante de Graduação,Estagiário,Cientista de Dados,Júnior,de R$ 3.001/mês a R$ 4.000/mês,Menos de 1 ano,de 1 a 2 anos,True,3500,-20.0,-44.0
17-21,Feminino,Branca,Centro-oeste,Estudante de Graduação,Estagiário,Outro,Júnior,Menos de R$ 1.000/mês,Não tenho experiência na área de dados,Não tive experiência na área de TI/Engenharia de Software antes de começar a trabalhar na área de dados,False,500,-15.0,-52.0
17-21,Masculino,Branca,Sudeste,Estudante de Graduação,Estagiário,Engenheiro de Dados,Júnior,de R$ 2.001/mês a R$ 3.000/mês,Não tenho experiência na área de dados,Não tive experiência na área de TI/Engenharia de Software antes de começar a trabalhar na área de dados,True,2500,-20.0,-44.0
17-21,Feminino,Parda,Sudeste,Estudante de Graduação,Empregado (CLT),Outro,Júnior,de R$ 2.001/mês a R$ 3.000/mês,Menos de 1 ano,Não tive experiência na área de TI/Engenharia de Software antes de começar a trabalhar na área de dados,True,2500,-20.0,-44.0
17-21,Masculino,Branca,Sudeste,Estudante de Graduação,Estagiário,Outro,Júnior,de R$ 3.001/mês a R$ 4.000/mês,Menos de 1 ano,Não tive experiência na área de TI/Engenharia de Software antes de começar a trabalhar na área de dados,True,3500,-20.0,-44.0
17-21,Masculino,Branca,Sudeste,Estudante de Graduação,Estagiário,Outro,Júnior,de R$ 3.001/mês a R$ 4.000/mês,Não tenho experiência na área de dados,Não tive experiência na área de TI/Engenharia de Software antes de começar a trabalhar na área de dados,True,3500,-20.0,-44.0
17-21,Feminino,Branca,Sul,Estudante de Graduação,Empregado (CLT),Outro,Júnior,de R$ 1.001/mês a R$ 2.000/mês,Não tenho experiência na área de dados,Não tive experiência na área de TI/Engenharia de Software antes de começar a trabalhar na área de dados,True,1500,-27.0,-51.0
17-21,Masculino,Branca,Sul,Estudante de Graduação,Estagiário,Engenheiro de Dados,Júnior,de R$ 2.001/mês a R$ 3.000/mês,de 1 a 2 anos,Não tive experiência na área de TI/Engenharia de Software antes de começar a trabalhar na área de dados,True,2500,-27.0,-51.0
17-21,Masculino,Branca,Sul,Estudante de Graduação,Estagiário,Professor/Pesquisador,Júnior,Menos de R$ 1.000/mês,Menos de 1 ano,Não tive experiência na área de TI/Engenharia de Software antes de começar a trabalhar na área de dados,True,500,-27.0,-51.0
17-21,Masculino,Branca,Sul,Estudante de Graduação,Empregado (CLT),Analista de BI,Pleno,de R$ 6.001/mês a R$ 8.000/mês,de 1 a 2 anos,de 5 a 6 anos,True,7000,-27.0,-51.0
17-21,Masculino,Parda,Norte,Pós-graduação,Servidor Público,Analista de Dados,Júnior,Menos de R$ 1.000/mês,Não tenho experiência na área de dados,de 3 a 4 anos,False,500,-5.0,-60.0
17-21,Masculino,Branca,Centro-oeste,Estudante de Graduação,Empregado (CLT),Eng. Machine Learning,Júnior,de R$ 3.001/mês a R$ 4.000/mês,de 1 a 2 anos,de 1 a 2 anos,True,3500,-15.0,-52.0
17-21,Feminino,Branca,Sudeste,Graduação/Bacharelado,Empregado (CLT),Analista de Dados,Júnior,de R$ 3.001/mês a R$ 4.000/mês,de 1 a 2 anos,Não tive experiência na área de TI/Engenharia de Software antes de começar a trabalhar na área de dados,True,3500,-20.0,-44.0
17-21,Feminino,Parda,Centro-oeste,Doutorado ou Phd,Prefiro não informar,Outro,Júnior,Menos de R$ 1.000/mês,Não tenho experiência na área de dados,Não tive experiência na área de TI/Engenharia de Software antes de começar a trabalhar na área de dados,False,500,-15.0,-52.0
17-21,Masculino,Branca,Sudeste,Estudante de Graduação,Empregado (CLT),Engenheiro de Dados,Júnior,de R$ 3.001/mês a R$ 4.000/mês,de 1 a 2 anos,Não tive experiência na área de TI/Engenharia de Software antes de começar a trabalhar na área de dados,True,3500,-20.0,-44.0
17-21,Masculino,Preta,Sudeste,Estudante de Graduação,Estagiário,Analista de Dados,Júnior,de R$ 2.001/mês a R$ 3.000/mês,Menos de 1 ano,Não tive experiência na área de TI/Engenharia de Software antes de começar a trabalhar na área de dados,False,2500,-20.0,-44.0
17-21,Masculino,Branca,Sudeste,Graduação/Bacharelado,Estagiário,Analista de Dados,Júnior,de R$ 3.001/mês a R$ 4.000/mês,de 1 a 2 anos,Não tive experiência na área de TI/Engenharia de Software antes de começar a trabalhar na área de dados,True,3500,-20.0,-44.0
17-21,Feminino,Branca,Sudeste,Estudante de Graduação,Estagiário,Analista de Dados,Júnior,de R$ 2.001/mês a R$ 3.000/mês,de 1 a 2 anos,Não tive experiência na área de TI/Engenharia de Software antes de começar a trabalhar na área de dados,False,2500,-20.0,-44.0
17-21,Masculino,Parda,Sul,Estudante de Graduação,Empregado (CLT),Analista de BI,Júnior,de R$ 3.001/mês a R$ 4.000/mês,de 1 a 2 anos,Menos de 1 ano,True,3500,-27.0,-51.0
17-21,Masculino,Parda,Nordeste,Graduação/Bacharelado,Estagiário,Analista de BI,Júnior,de R$ 1.001/mês a R$ 2.000/mês,de 1 a 2 anos,Menos de 1 ano,True,1500,-8.0,-38.0
17-21,Masculino,Branca,Sudeste,Estudante de Graduação,Empregado (CLT),Analista de Dados,Júnior,de R$ 3.001/mês a R$ 4.000/mês,Menos de 1 ano,Não tive experiência na área de TI/Engenharia de Software antes de começar a trabalhar na área de dados,False,3500,-20.0,-44.0
17-21,Feminino,Branca,Sudeste,Graduação/Bacharelado,Empregado (CLT),Cientista de Dados,Júnior,de R$ 6.001/mês a R$ 8.000/mês,de 3 a 4 anos,de 1 a 2 anos,True,7000,-20.0,-44.0
17-21,Masculino,Parda,Nordeste,Estudante de Graduação,Estagiário,Analista de BI,Júnior,de R$ 1.001/mês a R$ 2.000/mês,de 3 a 4 anos,Menos de 1 ano,False,1500,-8.0,-38.0
17-21,Feminino,Preta,Centro-oeste,Estudante de Graduação,Empreendedor ou Empregado (CNPJ),Analista de Negócios,Pleno,de R$ 4.001/mês a R$ 6.000/mês,de 3 a 4 anos,Não tive experiência na área de TI/Engenharia de Software antes de começar a trabalhar na área de dados,True,5000,-15.0,-52.0
17-21,Feminino,Branca,Sudeste,Estudante de Graduação,Empreendedor ou Empregado (CNPJ),Analista de Negócios,Pleno,de R$ 6.001/mês a R$ 8.000/mês,de 1 a 2 anos,Não tive experiência na área de TI/Engenharia de Software antes de começar a trabalhar na área de dados,True,7000,-20.0,-44.0
17-21,Masculino,Parda,Sudeste,Graduação/Bacharelado,Empregado (CLT),Analista de Dados,Júnior,de R$ 2.001/mês a R$ 3.000/mês,de 1 a 2 anos,Não tive experiência na área de TI/Engenharia de Software antes de começar a trabalhar na área de dados,False,2500,-20.0,-44.0
17-21,Masculino,Parda,Sudeste,Graduação/Bacharelado,Estagiário,Analista de BI,Júnior,de R$ 1.001/mês a R$ 2.000/mês,Não tenho experiência na área de dados,de 1 a 2 anos,True,1500,-20.0,-44.0
17-21,Masculino,Branca,Sudeste,Estudante de Graduação,Estagiário,Analista de Dados,Júnior,de R$ 1.001/mês a R$ 2.000/mês,Menos de 1 ano,Não tive experiência na área de TI/Engenharia de Software antes de começar a trabalhar na área de dados,False,1500,-20.0,-44.0
17-21,Masculino,Branca,Sudeste,Estudante de Graduação,Estagiário,Eng. Machine Learning,Júnior,de R$ 2.001/mês a R$ 3.000/mês,de 1 a 2 anos,Menos de 1 ano,True,2500,-20.0,-44.0
17-21,Masculino,Preta,Sudeste,Estudante de Graduação,Estagiário,Analytics Engineer,Júnior,de R$ 2.001/mês a R$ 3.000/mês,Menos de 1 ano,Menos de 1 ano,True,2500,-20.0,-44.0
17-21,Masculino,Branca,Sudeste,Estudante de Graduação,Estagiário,Analista de Negócios,Júnior,de R$ 2.001/mês a R$ 3.000/mês,de 3 a 4 anos,Menos de 1 ano,True,2500,-20.0,-44.0
17-21,Feminino,Branca,Sudeste,Graduação/Bacharelado,Empregado (CLT),Engenheiro de Dados,Júnior,de R$ 2.001/mês a R$ 3.000/mês,de 1 a 2 anos,de 1 a 2 anos,True,2500,-20.0,-44.0
17-21,Masculino,Parda,Sul,Estudante de Graduação,Empregado (CLT),Analista de BI,Pleno,de R$ 3.001/mês a R$ 4.000/mês,de 1 a 2 anos,Não tive experiência na área de TI/Engenharia de Software antes de começar a trabalhar na área de dados,True,3500,-27.0,-51.0
17-21,Masculino,Parda,Sudeste,Graduação/Bacharelado,Empregado (CLT),Analista de Dados,Júnior,de R$ 3.001/mês a R$ 4.000/mês,Menos de 1 ano,Não tive experiência na área de TI/Engenharia de Software antes de começar a trabalhar na área de dados,False,3500,-20.0,-44.0
17-21,Feminino,Branca,Sudeste,Estudante de Graduação,Estagiário,Analista de BI,Júnior,de R$ 1.001/mês a R$ 2.000/mês,Menos de 1 ano,de 1 a 2 anos,True,1500,-20.0,-44.0
17-21,Feminino,Branca,Sul,Estudante de Graduação,Empregado (CLT),Analista de BI,Júnior,de R$ 2.001/mês a R$ 3.000/mês,de 1 a 2 anos,Menos de 1 ano,True,2500,-27.0,-51.0
17-21,Masculino,Branca,Centro-oeste,Graduação/Bacharelado,Estagiário,Engenheiro de Dados,Júnior,de R$ 12.001/mês a R$ 16.000/mês,de 1 a 2 anos,Não tive experiência na área de TI/Engenharia de Software antes de começar a trabalhar na área de dados,True,14000,-15.0,-52.0
17-21,Masculino,Amarela,Sudeste,Estudante de Graduação,Estagiário,Analista de Negócios,Júnior,de R$ 2.001/mês a R$ 3.000/mês,Menos de 1 ano,de 1 a 2 anos,True,2500,-20.0,-44.0
17-21,Feminino,Branca,Sudeste,Estudante de Graduação,Estagiário,Cientista de Dados,Júnior,de R$ 1.001/mês a R$ 2.000/mês,de 1 a 2 anos,de 1 a 2 anos,True,1500,-20.0,-44.0
17-21,Masculino,Preta,Sudeste,Estudante de Graduação,Empregado (CLT),Analista de BI,Júnior,de R$ 1.001/mês a R$ 2.000/mês,Menos de 1 ano,Não tive experiência na área de TI/Engenharia de Software antes de começar a trabalhar na área de dados,False,1500,-20.0,-44.0
17-21,Masculino,Branca,Centro-oeste,Estudante de Graduação,Estagiário,Analista de Dados,Júnior,de R$ 1.001/mês a R$ 2.000/mês,Menos de 1 ano,Não tive experiência na área de TI/Engenharia de Software antes de começar a trabalhar na área de dados,False,1500,-15.0,-52.0
17-21,Masculino,Branca,Sudeste,Estudante de Graduação,Estagiário,Cientista de Dados,Júnior,de R$ 2.001/mês a R$ 3.000/mês,de 1 a 2 anos,Não tive experiência na área de TI/Engenharia de Software antes de começar a trabalhar na área de dados,True,2500,-20.0,-44.0
17-21,Feminino,Branca,Centro-oeste,Estudante de Graduação,Estagiário,Analista de Dados,Júnior,de R$ 1.001/mês a R$ 2.000/mês,de 1 a 2 anos,Não tive experiência na área de TI/Engenharia de Software antes de começar a trabalhar na área de dados,False,1500,-15.0,-52.0
17-21,Masculino,Branca,Centro-oeste,Estudante de Graduação,Empregado (CLT),Analista de Dados,Sênior,de R$ 6.001/mês a R$ 8.000/mês,de 3 a 4 anos,Não tive experiência na área de TI/Engenharia de Software antes de começar a trabalhar na área de dados,True,7000,-15.0,-52.0
17-21,Masculino,Branca,Centro-oeste,Estudante de Graduação,Estagiário,Analista de Dados,Júnior,de R$ 1.001/mês a R$ 2.000/mês,Menos de 1 ano,Não tive experiência na área de TI/Engenharia de Software antes de começar a trabalhar na área de dados,True,1500,-15.0,-52.0
17-21,Feminino,Branca,Sudeste,Não tenho graduação formal,Empregado (CLT),Outro,Júnior,de R$ 1.001/mês a R$ 2.000/mês,Não tenho experiência na área de dados,Não tive experiência na área de TI/Engenharia de Software antes de começar a trabalhar na área de dados,False,1500,-20.0,-44.0
17-21,Feminino,Parda,Centro-oeste,Estudante de Graduação,Estagiário,Analista de Dados,Júnior,de R$ 1.001/mês a R$ 2.000/mês,de 1 a 2 anos,Menos de 1 ano,False,1500,-15.0,-52.0
17-21,Masculino,Branca,Sudeste,Estudante de Graduação,Estagiário,Cientista de Dados,Júnior,Menos de R$ 1.000/mês,de 1 a 2 anos,Não tive experiência na área de TI/Engenharia de Software antes de começar a trabalhar na área de dados,False,500,-20.0,-44.0
17-21,Masculino,Branca,Sudeste,Estudante de Graduação,Empregado (CLT),Analista de BI,Júnior,de R$ 2.001/mês a R$ 3.000/mês,de 1 a 2 anos,Menos de 1 ano,True,2500,-20.0,-44.0
17-21,Masculino,Branca,Norte,Estudante de Graduação,Empregado (CLT),Analista de Dados,Júnior,de R$ 1.001/mês a R$ 2.000/mês,Menos de 1 ano,Menos de 1 ano,False,1500,-5.0,-60.0
17-21,Masculino,Branca,Sul,Estudante de Graduação,Empregado (CLT),Analista de Dados,Júnior,de R$ 4.001/mês a R$ 6.000/mês,de 3 a 4 anos,Não tive experiência na área de TI/Engenharia de Software antes de começar a trabalhar na área de dados,True,5000,-27.0,-51.0
17-21,Masculino,Branca,Nordeste,Graduação/Bacharelado,Empreendedor ou Empregado (CNPJ),Cientista de Dados,Júnior,de R$ 2.001/mês a R$ 3.000/mês,de 1 a 2 anos,de 1 a 2 anos,True,2500,-8.0,-38.0
17-21,Masculino,Branca,Sul,Estudante de Graduação,Empregado (CLT),Analista de Dados,Pleno,de R$ 6.001/mês a R$ 8.000/mês,de 3 a 4 anos,Não tive experiência na área de TI/Engenharia de Software antes de começar a trabalhar na área de dados,True,7000,-27.0,-51.0
17-21,Masculino,Branca,Sudeste,Estudante de Graduação,Empregado (CLT),Engenheiro de Dados,Júnior,de R$ 6.001/mês a R$ 8.000/mês,Menos de 1 ano,Não tive experiência na área de TI/Engenharia de Software antes de começar a trabalhar na área de dados,True,7000,-20.0,-44.0
17-21,Masculino,Branca,Sudeste,Graduação/Bacharelado,Empregado (CLT),Analista de Negócios,Júnior,de R$ 4.001/mês a R$ 6.000/mês,de 3 a 4 anos,Não tive experiência na área de TI/Engenharia de Software antes de começar a trabalhar na área de dados,True,5000,-20.0,-44.0
17-21,Feminino,Branca,Sul,Estudante de Graduação,Estagiário,Engenheiro de Dados,Júnior,de R$ 1.001/mês a R$ 2.000/mês,de 1 a 2 anos,Não tive experiência na área de TI/Engenharia de Software antes de começar a trabalhar na área de dados,True,1500,-27.0,-51.0
17-21,Masculino,Branca,Nordeste,Estudante de Graduação,Estagiário,Desenvolvedor,Júnior,Menos de R$ 1.000/mês,de 1 a 2 anos,de 1 a 2 anos,False,500,-8.0,-38.0
17-21,Masculino,Branca,Sudeste,Estudante de Graduação,Empreendedor ou Empregado (CNPJ),Engenheiro de Dados,Júnior,de R$ 4.001/mês a R$ 6.000/mês,de 3 a 4 anos,de 3 a 4 anos,True,5000,-20.0,-44.0
17-21,Masculino,Branca,Sul,Graduação/Bacharelado,Empregado (CLT),Analista de Suporte,Júnior,de R$ 2.001/mês a R$ 3.000/mês,Não tenho experiência na área de dados,Menos de 1 ano,False,2500,-27.0,-51.0
17-21,Masculino,Parda,Sudeste,Estudante de Graduação,Estagiário,Analista de Dados,Júnior,de R$ 2.001/mês a R$ 3.000/mês,Menos de 1 ano,Não tive experiência na área de TI/Engenharia de Software antes de começar a trabalhar na área de dados,True,2500,-20.0,-44.0
17-21,Masculino,Branca,Sudeste,Estudante de Graduação,Estagiário,Cientista de Dados,Júnior,de R$ 1.001/mês a R$ 2.000/mês,Não tenho experiência na área de dados,Não tive experiência na área de TI/Engenharia de Software antes de começar a trabalhar na área de dados,True,1500,-20.0,-44.0
17-21,Masculino,Branca,Sudeste,Estudante de Graduação,Estagiário,Outro,Júnior,de R$ 1.001/mês a R$ 2.000/mês,Menos de 1 ano,Não tive experiência na área de TI/Engenharia de Software antes de começar a trabalhar na área de dados,True,1500,-20.0,-44.0
17-21,Feminino,Parda,Sudeste,Estudante de Graduação,Empreendedor ou Empregado (CNPJ),Product Manager,Júnior,de R$ 3.001/mês a R$ 4.000/mês,Menos de 1 ano,Não tive experiência na área de TI/Engenharia de Software antes de começar a trabalhar na área de dados,True,3500,-20.0,-44.0
17-21,Feminino,Branca,Sudeste,Estudante de Graduação,Estagiário,Engenheiro de Dados,Júnior,de R$ 3.001/mês a R$ 4.000/mês,Menos de 1 ano,de 1 a 2 anos,True,3500,-20.0,-44.0
17-21,Masculino,Preta,Sudeste,Graduação/Bacharelado,Empregado (CLT),Engenheiro de Dados,Júnior,de R$ 2.001/mês a R$ 3.000/mês,de 1 a 2 anos,Não tive experiência na área de TI/Engenharia de Software antes de começar a trabalhar na área de dados,True,2500,-20.0,-44.0
17-21,Masculino,Branca,Sudeste,Estudante de Graduação,Estagiário,Cientista de Dados,Júnior,de R$ 1.001/mês a R$ 2.000/mês,Menos de 1 ano,Não tive experiência na área de TI/Engenharia de Software antes de começar a trabalhar na área de dados,False,1500,-20.0,-44.0
17-21,Masculino,Amarela,Sudeste,Estudante de Graduação,Estagiário,Outro,Júnior,de R$ 3.001/mês a R$ 4.000/mês,Menos de 1 ano,Menos de 1 ano,True,3500,-20.0,-44.0
17-21,Masculino,Parda,Nordeste,Estudante de Graduação,Empregado (CLT),Analista de Dados,Júnior,de R$ 2.001/mês a R$ 3.000/mês,de 1 a 2 anos,de 3 a 4 anos,True,2500,-8.0,-38.0
17-21,Masculino,Preta,Sul,Graduação/Bacharelado,Empregado (CLT),Analista de Dados,Júnior,de R$ 3.001/mês a R$ 4.000/mês,Menos de 1 ano,de 3 a 4 anos,True,3500,-27.0,-51.0
17-21,Masculino,Branca,Sul,Estudante de Graduação,Empregado (CLT),Engenheiro de Dados,Júnior,de R$ 4.001/mês a R$ 6.000/mês,de 1 a 2 anos,Não tive experiência na área de TI/Engenharia de Software antes de começar a trabalhar na área de dados,False,5000,-27.0,-51.0
17-21,Feminino,Parda,Sul,Estudante de Graduação,Empregado (CLT),Analista de BI,Júnior,de R$ 1.001/mês a R$ 2.000/mês,Menos de 1 ano,Não tive experiência na área de TI/Engenharia de Software antes de começar a trabalhar na área de dados,False,1500,-27.0,-51.0
17-21,Masculino,Branca,Sul,Estudante de Graduação,Empregado (CLT),Analista de BI,Pleno,de R$ 3.001/mês a R$ 4.000/mês,de 1 a 2 anos,de 3 a 4 anos,False,3500,-27.0,-51.0
17-21,Masculino,Branca,Sudeste,Graduação/Bacharelado,Empregado (CLT),Analista de BI,Júnior,de R$ 2.001/mês a R$ 3.000/mês,de 1 a 2 anos,Não tive experiência na área de TI/Engenharia de Software antes de começar a trabalhar na área de dados,True,2500,-20.0,-44.0
17-21,Masculino,Branca,Sudeste,Estudante de Graduação,Estagiário,Analista de Suporte,Júnior,Menos de R$ 1.000/mês,de 1 a 2 anos,Não tive experiência na área de TI/Engenharia de Software antes de começar a trabalhar na área de dados,False,500,-20.0,-44.0
17-21,Masculino,Parda,Sudeste,Graduação/Bacharelado,Estagiário,Engenheiro de Dados,Júnior,Menos de R$ 1.000/mês,Não tenho experiência na área de dados,Não tive experiência na área de TI/Engenharia de Software antes de começar a trabalhar na área de dados,False,500,-20.0,-44.0
17-21,Feminino,Parda,Nordeste,Estudante de Graduação,Estagiário,Analista de Dados,Júnior,de R$ 1.001/mês a R$ 2.000/mês,de 1 a 2 anos,Não tive experiência na área de TI/Engenharia de Software antes de começar a trabalhar na área de dados,True,1500,-8.0,-38.0
17-21,Masculino,Preta,Centro-oeste,Não tenho graduação formal,Empregado (CLT),Outro,Júnior,de R$ 1.001/mês a R$ 2.000/mês,Não tenho experiência na área de dados,Não tive experiência na área de TI/Engenharia de Software antes de começar a trabalhar na área de dados,False,1500,-15.0,-52.0
17-21,Masculino,Branca,Centro-oeste,Estudante de Graduação,Empregado (CLT),Engenheiro de Dados,Júnior,de R$ 2.001/mês a R$ 3.000/mês,Menos de 1 ano,Não tive experiência na área de TI/Engenharia de Software antes de começar a trabalhar na área de dados,True,2500,-15.0,-52.0
17-21,Feminino,Branca,Nordeste,Graduação/Bacharelado,Estagiário,Cientista de Dados,Júnior,de R$ 1.001/mês a R$ 2.000/mês,Menos de 1 ano,de 1 a 2 anos,False,1500,-8.0,-38.0
17-21,Masculino,Preta,Nordeste,Estudante de Graduação,Empregado (CLT),Engenheiro de Dados,Pleno,de R$ 6.001/mês a R$ 8.000/mês,de 1 a 2 anos,Não tive experiência na área de TI/Engenharia de Software antes de começar a trabalhar na área de dados,True,7000,-8.0,-38.0
17-21,Masculino,Branca,Sul,Estudante de Graduação,Empregado (CLT),Desenvolvedor,Júnior,de R$ 3.001/mês a R$ 4.000/mês,Menos de 1 ano,Menos de 1 ano,False,3500,-27.0,-51.0
17-21,Feminino,Preta,Sudeste,Estudante de Graduação,Estagiário,Desenvolvedor,Júnior,de R$ 1.001/mês a R$ 2.000/mês,Não tenho experiência na área de dados,de 1 a 2 anos,False,1500,-20.0,-44.0
17-21,Masculino,Parda,Sul,Pós-graduação,Empregado (CLT),Analista de Suporte,Pleno,de R$ 2.001/mês a R$ 3.000/mês,de 1 a 2 anos,de 1 a 2 anos,True,2500,-27.0,-51.0
22-24,Masculino,Parda,Sudeste,Pós-graduação,Empregado (CLT),Engenheiro de Dados,Júnior,de R$ 4.001/mês a R$ 6.000/mês,de 3 a 4 anos,Não tive experiência na área de TI/Engenharia de Software antes de começar a trabalhar na área de dados,True,5000,-20.0,-44.0
22-24,Masculino,Branca,Sul,Estudante de Graduação,Empregado (CLT),Engenheiro de Dados,Júnior,de R$ 2.001/mês a R$ 3.000/mês,de 1 a 2 anos,Não tive experiência na área de TI/Engenharia de Software antes de começar a trabalhar na área de dados,False,2500,-27.0,-51.0
22-24,Feminino,Preta,Sudeste,Mestrado,Empregado (CLT),Analista de Dados,Júnior,de R$ 4.001/mês a R$ 6.000/mês,de 1 a 2 anos,Não tive experiência na área de TI/Engenharia de Software antes de começar a trabalhar na área de dados,True,5000,-20.0,-44.0
22-24,Masculino,Branca,Sudeste,Pós-graduação,Servidor Público,Outro,Júnior,de R$ 3.001/mês a R$ 4.000/mês,Menos de 1 ano,Menos de 1 ano,False,3500,-20.0,-44.0
22-24,Feminino,Branca,Sudeste,Estudante de Graduação,Empregado (CLT),Analista de Dados,Júnior,de R$ 3.001/mês a R$ 4.000/mês,de 1 a 2 anos,Menos de 1 ano,True,3500,-20.0,-44.0
22-24,Feminino,Branca,Sudeste,Estudante de Graduação,Empregado (CLT),Analista de BI,Júnior,de R$ 2.001/mês a R$ 3.000/mês,de 1 a 2 anos,Não tive experiência na área de TI/Engenharia de Software antes de começar a trabalhar na área de dados,False,2500,-20.0,-44.0
22-24,Masculino,Parda,Sudeste,Estudante de Graduação,Estagiário,Analytics Engineer,Júnior,de R$ 2.001/mês a R$ 3.000/mês,de 1 a 2 anos,Menos de 1 ano,True,2500,-20.0,-44.0
22-24,Feminino,Branca,Sudeste,Estudante de Graduação,Estagiário,Outro,Júnior,de R$ 2.001/mês a R$ 3.000/mês,Não tenho experiência na área de dados,Não tive experiência na área de TI/Engenharia de Software antes de começar a trabalhar na área de dados,True,2500,-20.0,-44.0
22-24,Masculino,Amarela,Sul,Estudante de Graduação,Estagiário,Analista de BI,Júnior,Menos de R$ 1.000/mês,Menos de 1 ano,Não tive experiência na área de TI/Engenharia de Software antes de começar a trabalhar na área de dados,True,500,-27.0,-51.0
22-24,Masculino,Amarela,Sudeste,Estudante de Graduação,Estagiário,Analytics Engineer,Júnior,de R$ 2.001/mês a R$ 3.000/mês,de 1 a 2 anos,de 1 a 2 anos,False,2500,-20.0,-44.0
22-24,Masculino,Branca,Sudeste,Estudante de Graduação,Empregado (CLT),Analytics Engineer,Pleno,de R$ 8.001/mês a R$ 12.000/mês,de 1 a 2 anos,Não tive experiência na área de TI/Engenharia de Software antes de começar a trabalhar na área de dados,False,10000,-20.0,-44.0
22-24,Masculino,Branca,Sudeste,Estudante de Graduação,Estagiário,Analytics Engineer,Júnior,de R$ 2.001/mês a R$ 3.000/mês,Menos de 1 ano,Menos de 1 ano,True,2500,-20.0,-44.0
22-24,Feminino,Branca,Sudeste,Graduação/Bacharelado,Empregado (CLT),Analista de Dados,Pleno,de R$ 4.001/mês a R$ 6.000/mês,de 3 a 4 anos,Não tive experiência na área de TI/Engenharia de Software antes de começar a trabalhar na área de dados,False,5000,-20.0,-44.0
22-24,Masculino,Branca,Sudeste,Graduação/Bacharelado,Empregado (CLT),Cientista de Dados,Júnior,de R$ 4.001/mês a R$ 6.000/mês,de 1 a 2 anos,Não tive experiência na área de TI/Engenharia de Software antes de começar a trabalhar na área de dados,True,5000,-20.0,-44.0
22-24,Masculino,Preta,Sudeste,Estudante de Graduação,Empregado (CLT),Analista de Dados,Pleno,de R$ 6.001/mês a R$ 8.000/mês,de 1 a 2 anos,Não tive experiência na área de TI/Engenharia de Software antes de começar a trabalhar na área de dados,True,7000,-20.0,-44.0
22-24,Masculino,Branca,Nordeste,Graduação/Bacharelado,Empregado (CLT),Engenheiro de Dados,Júnior,de R$ 6.001/mês a R$ 8.000/mês,de 1 a 2 anos,Não tive experiência na área de TI/Engenharia de Software antes de começar a trabalhar na área de dados,True,7000,-8.0,-38.0
22-24,Masculino,Branca,Sudeste,Estudante de Graduação,Estagiário,Outro,Júnior,de R$ 1.001/mês a R$ 2.000/mês,Menos de 1 ano,Não tive experiência na área de TI/Engenharia de Software antes de começar a trabalhar na área de dados,False,1500,-20.0,-44.0
22-24,Masculino,Branca,Sudeste,Pós-graduação,Empregado (CLT),Analista de Dados,Pleno,de R$ 2.001/mês a R$ 3.000/mês,Menos de 1 ano,Não tive experiência na área de TI/Engenharia de Software antes de começar a trabalhar na área de dados,True,2500,-20.0,-44.0
22-24,Masculino,Branca,Sul,Estudante de Graduação,Empregado (CLT),Analista de BI,Júnior,de R$ 2.001/mês a R$ 3.000/mês,Menos de 1 ano,Não tive experiência na área de TI/Engenharia de Software antes de começar a trabalhar na área de dados,True,2500,-27.0,-51.0
22-24,Masculino,Branca,Sul,Graduação/Bacharelado,Empregado (CLT),Analista de Dados,Júnior,de R$ 4.001/mês a R$ 6.000/mês,Menos de 1 ano,Não tive experiência na área de TI/Engenharia de Software antes de começar a trabalhar na área de dados,True,5000,-27.0,-51.0
22-24,Masculino,Parda,Sudeste,Estudante de Graduação,Empregado (CLT),Analista de Dados,Pleno,de R$ 3.001/mês a R$ 4.000/mês,de 1 a 2 anos,Não tive experiência na área de TI/Engenharia de Software antes de começar a trabalhar na área de dados,False,3500,-20.0,-44.0
22-24,Masculino,Branca,Nordeste,Estudante de Graduação,Empreendedor ou Empregado (CNPJ),Outras Engenharias,Júnior,de R$ 4.001/mês a R$ 6.000/mês,de 1 a 2 anos,de 1 a 2 anos,True,5000,-8.0,-38.0
22-24,Masculino,Branca,Nordeste,Estudante de Graduação,Estagiário,Cientista de Dados,Júnior,de R$ 2.001/mês a R$ 3.000/mês,Menos de 1 ano,Não tive experiência na área de TI/Engenharia de Software antes de começar a trabalhar na área de dados,True,2500,-8.0,-38.0
22-24,Masculino,Branca,Nordeste,Estudante de Graduação,Empregado (CLT),Analista de BI,Júnior,de R$ 3.001/mês a R$ 4.000/mês,de 1 a 2 anos,Menos de 1 ano,True,3500,-8.0,-38.0
22-24,Masculino,Parda,Sudeste,Estudante de Graduação,Empregado (CLT),Analista de BI,Pleno,de R$ 8.001/mês a R$ 12.000/mês,de 1 a 2 anos,Não tive experiência na área de TI/Engenharia de Software antes de começar a trabalhar na área de dados,True,10000,-20.0,-44.0
22-24,Masculino,Parda,Sul,Graduação/Bacharelado,Vivo no Brasil e trabalho remoto para empresa de fora do Brasil,Engenheiro de Dados,Sênior,de R$ 12.001/mês a R$ 16.000/mês,de 3 a 4 anos,Não tive experiência na área de TI/Engenharia de Software antes de começar a trabalhar na área de dados,True,14000,-27.0,-51.0
22-24,Masculino,Branca,Centro-oeste,Graduação/Bacharelado,Empregado (CLT),Analytics Engineer,Pleno,de R$ 6.001/mês a R$ 8.000/mês,de 3 a 4 anos,Não tive experiência na área de TI/Engenharia de Software antes de começar a trabalhar na área de dados,True,7000,-15.0,-52.0
22-24,Masculino,Branca,Sul,Estudante de Graduação,Empregado (CLT),Engenheiro de Dados,Pleno,de R$ 8.001/mês a R$ 12.000/mês,de 1 a 2 anos,de 3 a 4 anos,False,10000,-27.0,-51.0
22-24,Masculino,Branca,Sudeste,Estudante de Graduação,Empregado (CLT),Analista de BI,Júnior,de R$ 2.001/mês a R$ 3.000/mês,Menos de 1 ano,Não tive experiência na área de TI/Engenharia de Software antes de começar a trabalhar na área de dados,False,2500,-20.0,-44.0
22-24,Masculino,Branca,Sudeste,Graduação/Bacharelado,Empregado (CLT),Analista de BI,Júnior,de R$ 3.001/mês a R$ 4.000/mês,de 1 a 2 anos,Não tive experiência na área de TI/Engenharia de Software antes de começar a trabalhar na área de dados,True,3500,-20.0,-44.0
22-24,Masculino,Branca,Sudeste,Estudante de Graduação,Empregado (CLT),Analista de Dados,Júnior,de R$ 3.001/mês a R$ 4.000/mês,Menos de 1 ano,de 1 a 2 anos,False,3500,-20.0,-44.0
22-24,Masculino,Branca,Sudeste,Graduação/Bacharelado,Estagiário,Analytics Engineer,Júnior,de R$ 6.001/mês a R$ 8.000/mês,de 1 a 2 anos,Menos de 1 ano,True,7000,-20.0,-44.0
22-24,Masculino,Branca,Sul,Estudante de Graduação,Freelancer,Outro,Júnior,de R$ 1.001/mês a R$ 2.000/mês,Não tenho experiência na área de dados,Não tive experiência na área de TI/Engenharia de Software antes de começar a trabalhar na área de dados,False,1500,-27.0,-51.0
22-24,Feminino,Parda,Sudeste,Estudante de Graduação,Estagiário,Outro,Júnior,de R$ 1.001/mês a R$ 2.000/mês,Não tenho experiência na área de dados,de 3 a 4 anos,False,1500,-20.0,-44.0
22-24,Masculino,Branca,Sul,Graduação/Bacharelado,Empregado (CLT),Analista de Negócios,Júnior,de R$ 4.001/mês a R$ 6.000/mês,de 3 a 4 anos,Não tive experiência na área de TI/Engenharia de Software antes de começar a trabalhar na área de dados,False,5000,-27.0,-51.0
22-24,Feminino,Branca,Sudeste,Graduação/Bacharelado,Estagiário,Desenvolvedor,Júnior,de R$ 1.001/mês a R$ 2.000/mês,Menos de 1 ano,Menos de 1 ano,False,1500,-20.0,-44.0
22-24,Masculino,Parda,Sudeste,Estudante de Graduação,Empregado (CLT),Outro,Júnior,de R$ 2.001/mês a R$ 3.000/mês,Não tenho experiência na área de dados,Não tive experiência na área de TI/Engenharia de Software antes de começar a trabalhar na área de dados,False,2500,-20.0,-44.0
22-24,Masculino,Parda,Nordeste,Estudante de Graduação,Vivo no Brasil e trabalho remoto para empresa de fora do Brasil,Eng. Machine Learning,Pleno,de R$ 30.001/mês a R$ 40.000/mês,de 3 a 4 anos,Não tive experiência na área de TI/Engenharia de Software antes de começar a trabalhar na área de dados,True,35000,-8.0,-38.0
22-24,Feminino,Preta,Sudeste,Mestrado,Empregado (CLT),Analista de Dados,Júnior,de R$ 4.001/mês a R$ 6.000/mês,de 1 a 2 anos,Não tive experiência na área de TI/Engenharia de Software antes de começar a trabalhar na área de dados,True,5000,-20.0,-44.0
22-24,Feminino,Branca,Sudeste,Graduação/Bacharelado,Empregado (CLT),Cientista de Dados,Júnior,de R$ 6.001/mês a R$ 8.000/mês,de 3 a 4 anos,de 1 a 2 anos,True,7000,-20.0,-44.0
22-24,Masculino,Branca,Sudeste,Graduação/Bacharelado,Empregado (CLT),Cientista de Dados,Júnior,de R$ 4.001/mês a R$ 6.000/mês,de 1 a 2 anos,de 1 a 2 anos,True,5000,-20.0,-44.0
22-24,Feminino,Branca,Sul,Estudante de Graduação,Empregado (CLT),Engenheiro de Dados,Júnior,de R$ 2.001/mês a R$ 3.000/mês,de 1 a 2 anos,Menos de 1 ano,True,2500,-27.0,-51.0
22-24,Masculino,Branca,Sul,Pós-graduação,Empregado (CLT),Eng. Machine Learning,Pleno,de R$ 6.001/mês a R$ 8.000/mês,de 3 a 4 anos,Não tive experiência na área de TI/Engenharia de Software antes de começar a trabalhar na área de dados,False,7000,-27.0,-51.0
22-24,Feminino,Parda,Sul,Estudante de Graduação,Estagiário,Cientista de Dados,Júnior,de R$ 1.001/mês a R$ 2.000/mês,Menos de 1 ano,de 1 a 2 anos,False,1500,-27.0,-51.0
22-24,Masculino,Branca,Sudeste,Estudante de Graduação,Empregado (CLT),Cientista de Dados,Júnior,de R$ 8.001/mês a R$ 12.000/mês,de 1 a 2 anos,Menos de 1 ano,True,10000,-20.0,-44.0
22-24,Masculino,Branca,Nordeste,Estudante de Graduação,Empregado (CLT),Engenheiro de Dados,Pleno,de R$ 8.001/mês a R$ 12.000/mês,de 3 a 4 anos,Não tive experiência na área de TI/Engenharia de Software antes de começar a trabalhar na área de dados,True,10000,-8.0,-38.0
22-24,Masculino,Branca,Sudeste,Estudante de Graduação,Vivo no Brasil e trabalho remoto para empresa de fora do Brasil,Cientista de Dados,Júnior,de R$ 4.001/mês a R$ 6.000/mês,de 1 a 2 anos,Menos de 1 ano,True,5000,-20.0,-44.0
22-24,Masculino,Branca,Sul,Pós-graduação,Empregado (CLT),Analista de Suporte,Pleno,de R$ 4.001/mês a R$ 6.000/mês,de 1 a 2 anos,Menos de 1 ano,True,5000,-27.0,-51.0
22-24,Masculino,Branca,Sul,Graduação/Bacharelado,Empregado (CLT),Analista de BI,Júnior,de R$ 2.001/mês a R$ 3.000/mês,Menos de 1 ano,de 1 a 2 anos,True,2500,-27.0,-51.0
22-24,Masculino,Branca,Nordeste,Estudante de Graduação,Empregado (CLT),Analista de Dados,Pleno,de R$ 2.001/mês a R$ 3.000/mês,Menos de 1 ano,Não tive experiência na área de TI/Engenharia de Software antes de começar a trabalhar na área de dados,True,2500,-8.0,-38.0
22-24,Masculino,Parda,Sudeste,Estudante de Graduação,Estagiário,Analista de Dados,Júnior,de R$ 1.001/mês a R$ 2.000/mês,de 1 a 2 anos,Não tive experiência na área de TI/Engenharia de Software antes de começar a trabalhar na área de dados,False,1500,-20.0,-44.0
22-24,Masculino,Branca,Sudeste,Graduação/Bacharelado,Empregado (CLT),Engenheiro de Dados,Pleno,de R$ 8.001/mês a R$ 12.000/mês,de 3 a 4 anos,Não tive experiência na área de TI/Engenharia de Software antes de começar a trabalhar na área de dados,True,10000,-20.0,-44.0
22-24,Feminino,Branca,Nordeste,Estudante de Graduação,Empregado (CLT),Analytics Engineer,Pleno,de R$ 8.001/mês a R$ 12.000/mês,de 1 a 2 anos,Não tive experiência na área de TI/Engenharia de Software antes de começar a trabalhar na área de dados,True,10000,-8.0,-38.0
22-24,Masculino,Preta,Sudeste,Estudante de Graduação,Empregado (CLT),Desenvolvedor,Júnior,de R$ 2.001/mês a R$ 3.000/mês,Menos de 1 ano,Não tive experiência na área de TI/Engenharia de Software antes de começar a trabalhar na área de dados,True,2500,-20.0,-44.0
22-24,Masculino,Branca,Sul,Estudante de Graduação,Empregado (CLT),Engenheiro de Dados,Júnior,de R$ 4.001/mês a R$ 6.000/mês,de 1 a 2 anos,Não tive experiência na área de TI/Engenharia de Software antes de começar a trabalhar na área de dados,True,5000,-27.0,-51.0
22-24,Masculino,Branca,Sudeste,Estudante de Graduação,Empregado (CLT),Engenheiro de Dados,Pleno,de R$ 6.001/mês a R$ 8.000/mês,de 3 a 4 anos,Não tive experiência na área de TI/Engenharia de Software antes de começar a trabalhar na área de dados,True,7000,-20.0,-44.0
22-24,Feminino,Branca,Sudeste,Estudante de Graduação,Empregado (CLT),Outro,Júnior,de R$ 2.001/mês a R$ 3.000/mês,Menos de 1 ano,Não tive experiência na área de TI/Engenharia de Software antes de começar a trabalhar na área de dados,False,2500,-20.0,-44.0
22-24,Feminino,Preta,Sudeste,Graduação/Bacharelado,Estagiário,Analista de Dados,Júnior,de R$ 2.001/mês a R$ 3.000/mês,de 3 a 4 anos,Não tive experiência na área de TI/Engenharia de Software antes de começar a trabalhar na área de dados,True,2500,-20.0,-44.0
22-24,Masculino,Branca,Sudeste,Estudante de Graduação,Empregado (CLT),Analista de Dados,Júnior,de R$ 2.001/mês a R$ 3.000/mês,Menos de 1 ano,Não tive experiência na área de TI/Engenharia de Software antes de começar a trabalhar na área de dados,False,2500,-20.0,-44.0
22-24,Masculino,Branca,Sudeste,Graduação/Bacharelado,Empregado (CLT),Engenheiro de Dados,Júnior,de R$ 6.001/mês a R$ 8.000/mês,de 3 a 4 anos,Não tive experiência na área de TI/Engenharia de Software antes de começar a trabalhar na área de dados,True,7000,-20.0,-44.0
22-24,Feminino,Branca,Sudeste,Estudante de Graduação,Estagiário,Analista de Dados,Júnior,de R$ 1.001/mês a R$ 2.000/mês,de 1 a 2 anos,Não tive experiência na área de TI/Engenharia de Software antes de começar a trabalhar na área de dados,True,1500,-20.0,-44.0
22-24,Feminino,Parda,Sudeste,Estudante de Graduação,Empregado (CLT),Analista de Dados,Pleno,de R$ 4.001/mês a R$ 6.000/mês,de 1 a 2 anos,Não tive experiência na área de TI/Engenharia de Software antes de começar a trabalhar na área de dados,False,5000,-20.0,-44.0
22-24,Masculino,Parda,Sudeste,Graduação/Bacharelado,Empregado (CLT),Analista de Dados,Pleno,de R$ 3.001/mês a R$ 4.000/mês,de 3 a 4 anos,Não tive experiência na área de TI/Engenharia de Software antes de começar a trabalhar na área de dados,False,3500,-20.0,-44.0
22-24,Masculino,Branca,Sul,Pós-graduação,Empregado (CLT),Engenheiro de Dados,Júnior,de R$ 4.001/mês a R$ 6.000/mês,de 1 a 2 anos,Menos de 1 ano,True,5000,-27.0,-51.0
22-24,Masculino,Amarela,Centro-oeste,Estudante de Graduação,Estagiário,Analista de Dados,Júnior,de R$ 3.001/mês a R$ 4.000/mês,de 1 a 2 anos,Não tive experiência na área de TI/Engenharia de Software antes de começar a trabalhar na área de dados,True,3500,-15.0,-52.0
22-24,Masculino,Branca,Centro-oeste,Graduação/Bacharelado,Estagiário,Analista de Dados,Júnior,de R$ 1.001/mês a R$ 2.000/mês,de 1 a 2 anos,Não tive experiência na área de TI/Engenharia de Software antes de começar a trabalhar na área de dados,True,1500,-15.0,-52.0
22-24,Masculino,Branca,Sul,Pós-graduação,Empregado (CLT),Engenheiro de Dados,Pleno,de R$ 4.001/mês a R$ 6.000/mês,de 3 a 4 anos,Não tive experiência na área de TI/Engenharia de Software antes de começar a trabalhar na área de dados,True,5000,-27.0,-51.0
22-24,Masculino,Branca,Sul,Graduação/Bacharelado,Empreendedor ou Empregado (CNPJ),Desenvolvedor,Júnior,de R$ 3.001/mês a R$ 4.000/mês,Não tenho experiência na área de dados,Menos de 1 ano,False,3500,-27.0,-51.0
22-24,Masculino,Branca,Nordeste,Pós-graduação,Empreendedor ou Empregado (CNPJ),Analytics Engineer,Pleno,de R$ 3.001/mês a R$ 4.000/mês,de 5 a 6 anos,Não tive experiência na área de TI/Engenharia de Software antes de começar a trabalhar na área de dados,False,3500,-8.0,-38.0
22-24,Masculino,Parda,Sudeste,Estudante de Graduação,Estagiário,Cientista de Dados,Júnior,de R$ 1.001/mês a R$ 2.000/mês,Não tenho experiência na área de dados,Menos de 1 ano,True,1500,-20.0,-44.0
22-24,Masculino,Preta,Nordeste,Estudante de Graduação,Estagiário,Analista de BI,Júnior,de R$ 1.001/mês a R$ 2.000/mês,de 1 a 2 anos,Não tive experiência na área de TI/Engenharia de Software antes de começar a trabalhar na área de dados,False,1500,-8.0,-38.0
22-24,Masculino,Preta,Nordeste,Estudante de Graduação,Empregado (CLT),Analista de Suporte,Júnior,de R$ 2.001/mês a R$ 3.000/mês,de 1 a 2 anos,Não tive experiência na área de TI/Engenharia de Software antes de começar a trabalhar na área de dados,False,2500,-8.0,-38.0
22-24,Masculino,Preta,Sudeste,Estudante de Graduação,Estagiário,Analista de Dados,Júnior,de R$ 1.001/mês a R$ 2.000/mês,de 3 a 4 anos,Não tive experiência na área de TI/Engenharia de Software antes de começar a trabalhar na área de dados,False,1500,-20.0,-44.0
22-24,Feminino,Branca,Sudeste,Graduação/Bacharelado,Empregado (CLT),Cientista de Dados,Júnior,de R$ 6.001/mês a R$ 8.000/mês,de 3 a 4 anos,Não tive experiência na área de TI/Engenharia de Software antes de começar a trabalhar na área de dados,False,7000,-20.0,-44.0
22-24,Masculino,Branca,Sudeste,Pós-graduação,Empregado (CLT),Analista de Dados,Pleno,de R$ 3.001/mês a R$ 4.000/mês,de 3 a 4 anos,Não tive experiência na área de TI/Engenharia de Software antes de começar a trabalhar na área de dados,False,3500,-20.0,-44.0
22-24,Feminino,Branca,Sudeste,Estudante de Graduação,Estagiário,Cientista de Dados,Júnior,de R$ 1.001/mês a R$ 2.000/mês,Menos de 1 ano,Não tive experiência na área de TI/Engenharia de Software antes de começar a trabalhar na área de dados,True,1500,-20.0,-44.0
22-24,Masculino,Branca,Nordeste,Estudante de Graduação,Empregado (CLT),Analista de Dados,Júnior,de R$ 3.001/mês a R$ 4.000/mês,de 1 a 2 anos,Menos de 1 ano,False,3500,-8.0,-38.0
22-24,Feminino,Branca,Sul,Estudante de Graduação,Empregado (CLT),Outro,Júnior,de R$ 3.001/mês a R$ 4.000/mês,de 1 a 2 anos,Não tive experiência na área de TI/Engenharia de Software antes de começar a trabalhar na área de dados,True,3500,-27.0,-51.0
22-24,Feminino,Branca,Nordeste,Graduação/Bacharelado,Empregado (CLT),Outro,Júnior,de R$ 2.001/mês a R$ 3.000/mês,Não tenho experiência na área de dados,Não tive experiência na área de TI/Engenharia de Software antes de começar a trabalhar na área de dados,True,2500,-8.0,-38.0
22-24,Masculino,Branca,Sul,Estudante de Graduação,Empregado (CLT),Analista de Dados,Pleno,de R$ 8.001/mês a R$ 12.000/mês,de 1 a 2 anos,Não tive experiência na área de TI/Engenharia de Software antes de começar a trabalhar na área de dados,False,10000,-27.0,-51.0
22-24,Feminino,Parda,Sudeste,Estudante de Graduação,Empregado (CLT),Analista de BI,Sênior,de R$ 8.001/mês a R$ 12.000/mês,de 1 a 2 anos,Não tive experiência na área de TI/Engenharia de Software antes de começar a trabalhar na área de dados,True,10000,-20.0,-44.0
22-24,Masculino,Branca,Nordeste,Não tenho graduação formal,Empregado (CLT),Analista de Dados,Pleno,de R$ 1.001/mês a R$ 2.000/mês,de 1 a 2 anos,de 1 a 2 anos,False,1500,-8.0,-38.0
22-24,Masculino,Branca,Norte,Não tenho graduação formal,Empreendedor ou Empregado (CNPJ),Analista de Dados,Sênior,de R$ 8.001/mês a R$ 12.000/mês,de 1 a 2 anos,de 3 a 4 anos,True,10000,-5.0,-60.0
22-24,Masculino,Parda,Centro-oeste,Não tenho graduação formal,Empreendedor ou Empregado (CNPJ),Analista de Dados,Pleno,de R$ 6.001/mês a R$ 8.000/mês,de 1 a 2 anos,Não tive experiência na área de TI/Engenharia de Software antes de começar a trabalhar na área de dados,False,7000,-15.0,-52.0
22-24,Masculino,Branca,Sudeste,Graduação/Bacharelado,Empregado (CLT),Analytics Engineer,Júnior,de R$ 4.001/mês a R$ 6.000/mês,de 1 a 2 anos,Não tive experiência na área de TI/Engenharia de Software antes de começar a trabalhar na área de dados,True,5000,-20.0,-44.0
22-24,Masculino,Branca,Sudeste,Graduação/Bacharelado,Empregado (CLT),Analista de Dados,Júnior,de R$ 3.001/mês a R$ 4.000/mês,de 1 a 2 anos,Não tive experiência na área de TI/Engenharia de Software antes de começar a trabalhar na área de dados,False,3500,-20.0,-44.0
22-24,Feminino,Branca,Sudeste,Estudante de Graduação,Empregado (CLT),Analista de Dados,Pleno,de R$ 6.001/mês a R$ 8.000/mês,de 3 a 4 anos,Não tive experiência na área de TI/Engenharia de Software antes de começar a trabalhar na área de dados,True,7000,-20.0,-44.0
22-24,Masculino,Branca,Sul,Pós-graduação,Empregado (CLT),Analista de Dados,Pleno,de R$ 6.001/mês a R$ 8.000/mês,de 1 a 2 anos,Menos de 1 ano,True,7000,-27.0,-51.0
22-24,Masculino,Branca,Sudeste,Graduação/Bacharelado,Empregado (CLT),Analista de Suporte,Júnior,de R$ 4.001/mês a R$ 6.000/mês,Não tenho experiência na área de dados,de 1 a 2 anos,False,5000,-20.0,-44.0
22-24,Outro,Branca,Sudeste,Graduação/Bacharelado,Empregado (CLT),Cientista de Dados,Pleno,de R$ 6.001/mês a R$ 8.000/mês,de 1 a 2 anos,Não tive experiência na área de TI/Engenharia de Software antes de começar a trabalhar na área de dados,True,7000,-20.0,-44.0
22-24,Masculino,Branca,Sul,Graduação/Bacharelado,Empregado (CLT),Analytics Engineer,Pleno,de R$ 6.001/mês a R$ 8.000/mês,de 5 a 6 anos,Menos de 1 ano,True,7000,-27.0,-51.0
22-24,Masculino,Parda,Sudeste,Graduação/Bacharelado,Vivo no Brasil e trabalho remoto para empresa de fora do Brasil,Analista de Dados,Sênior,de R$ 12.001/mês a R$ 16.000/mês,de 5 a 6 anos,Não tive experiência na área de TI/Engenharia de Software antes de começar a trabalhar na área de dados,False,14000,-20.0,-44.0
22-24,Masculino,Branca,Sudeste,Graduação/Bacharelado,Empregado (CLT),Analytics Engineer,Sênior,de R$ 8.001/mês a R$ 12.000/mês,de 3 a 4 anos,Não tive experiência na área de TI/Engenharia de Software antes de começar a trabalhar na área de dados,False,10000,-20.0,-44.0
22-24,Masculino,Parda,Sul,Estudante de Graduação,Estagiário,Analista de Dados,Júnior,de R$ 1.001/mês a R$ 2.000/mês,de 1 a 2 anos,Não tive experiência na área de TI/Engenharia de Software antes de começar a trabalhar na área de dados,True,1500,-27.0,-51.0
22-24,Masculino,Parda,Sudeste,Estudante de Graduação,Estagiário,Analista de Dados,Júnior,de R$ 2.001/mês a R$ 3.000/mês,Menos de 1 ano,Não tive experiência na área de TI/Engenharia de Software antes de começar a trabalhar na área de dados,False,2500,-20.0,-44.0
22-24,Feminino,Branca,Sudeste,Graduação/Bacharelado,Empregado (CLT),Analista de Dados,Júnior,de R$ 4.001/mês a R$ 6.000/mês,de 1 a 2 anos,Não tive experiência na área de TI/Engenharia de Software antes de começar a trabalhar na área de dados,True,5000,-20.0,-44.0
22-24,Masculino,Parda,Nordeste,Estudante de Graduação,Estagiário,Analista de Dados,Júnior,Menos de R$ 1.000/mês,Menos de 1 ano,Não tive experiência na área de TI/Engenharia de Software antes de começar a trabalhar na área de dados,False,500,-8.0,-38.0
22-24,Masculino,Branca,Sul,Pós-graduação,Empreendedor ou Empregado (CNPJ),Cientista de Dados,Sênior,de R$ 20.001/mês a R$ 25.000/mês,de 5 a 6 anos,Menos de 1 ano,False,22500,-27.0,-51.0
22-24,Masculino,Branca,Sudeste,Graduação/Bacharelado,Empregado (CLT),Analista de Dados,Júnior,de R$ 6.001/mês a R$ 8.000/mês,de 3 a 4 anos,Não tive experiência na área de TI/Engenharia de Software antes de começar a trabalhar na área de dados,True,7000,-20.0,-44.0
22-24,Masculino,Parda,Norte,Estudante de Graduação,Empregado (CLT),Analista de Dados,Júnior,de R$ 2.001/mês a R$ 3.000/mês,de 3 a 4 anos,Menos de 1 ano,False,2500,-5.0,-60.0
22-24,Masculino,Parda,Sudeste,Graduação/Bacharelado,Empregado (CLT),Engenheiro de Dados,Pleno,de R$ 3.001/mês a R$ 4.000/mês,de 1 a 2 anos,Menos de 1 ano,False,3500,-20.0,-44.0
22-24,Masculino,Branca,Sul,Estudante de Graduação,Estagiário,Cientista de Dados,Júnior,de R$ 2.001/mês a R$ 3.000/mês,de 1 a 2 anos,Não tive experiência na área de TI/Engenharia de Software antes de começar a trabalhar na área de dados,True,2500,-27.0,-51.0
22-24,Feminino,Branca,Sul,Graduação/Bacharelado,Empregado (CLT),Analista de Dados,Pleno,de R$ 6.001/mês a R$ 8.000/mês,de 3 a 4 anos,Não tive experiência na área de TI/Engenharia de Software antes de começar a trabalhar na área de dados,False,7000,-27.0,-51.0
22-24,Prefiro não informar,Amarela,Sudeste,Estudante de Graduação,Estagiário,Analista de BI,Júnior,de R$ 1.001/mês a R$ 2.000/mês,de 1 a 2 anos,Não tive experiência na área de TI/Engenharia de Software antes de começar a trabalhar na área de dados,False,1500,-20.0,-44.0
22-24,Masculino,Parda,Sudeste,Graduação/Bacharelado,Servidor Público,Outro,Júnior,de R$ 2.001/mês a R$ 3.000/mês,de 1 a 2 anos,de 1 a 2 anos,False,2500,-20.0,-44.0
22-24,Masculino,Branca,Sul,Graduação/Bacharelado,Empregado (CLT),Arquiteto de Dados,Sênior,de R$ 12.001/mês a R$ 16.000/mês,de 3 a 4 anos,de 1 a 2 anos,True,14000,-27.0,-51.0
22-24,Masculino,Branca,Sudeste,Estudante de Graduação,Estagiário,Analista de BI,Júnior,de R$ 1.001/mês a R$ 2.000/mês,de 1 a 2 anos,Menos de 1 ano,False,1500,-20.0,-44.0
22-24,Masculino,Parda,Sudeste,Graduação/Bacharelado,Empregado (CLT),Analista de Dados,Sênior,de R$ 12.001/mês a R$ 16.000/mês,de 3 a 4 anos,de 1 a 2 anos,True,14000,-20.0,-44.0
22-24,Feminino,Parda,Sudeste,Estudante de Graduação,Empregado (CLT),Engenheiro de Dados,Júnior,de R$ 4.001/mês a R$ 6.000/mês,de 1 a 2 anos,Não tive experiência na área de TI/Engenharia de Software antes de começar a trabalhar na área de dados,True,5000,-20.0,-44.0
22-24,Feminino,Branca,Sul,Estudante de Graduação,Estagiário,Analista de Dados,Júnior,de R$ 2.001/mês a R$ 3.000/mês,Menos de 1 ano,Menos de 1 ano,True,2500,-27.0,-51.0
22-24,Masculino,Branca,Sudeste,Graduação/Bacharelado,Empregado (CLT),Analista de Dados,Pleno,de R$ 6.001/mês a R$ 8.000/mês,de 1 a 2 anos,Não tive experiência na área de TI/Engenharia de Software antes de começar a trabalhar na área de dados,True,7000,-20.0,-44.0
22-24,Masculino,Branca,Centro-oeste,Estudante de Graduação,Empregado (CLT),Analista de Dados,Pleno,de R$ 4.001/mês a R$ 6.000/mês,de 1 a 2 anos,de 1 a 2 anos,False,5000,-15.0,-52.0
22-24,Masculino,Branca,Sul,Graduação/Bacharelado,Empregado (CLT),Analista de BI,Pleno,de R$ 4.001/mês a R$ 6.000/mês,de 3 a 4 anos,Não tive experiência na área de TI/Engenharia de Software antes de começar a trabalhar na área de dados,True,5000,-27.0,-51.0
22-24,Feminino,Branca,Sul,Graduação/Bacharelado,Empregado (CLT),Analista de BI,Júnior,de R$ 4.001/mês a R$ 6.000/mês,Menos de 1 ano,de 1 a 2 anos,True,5000,-27.0,-51.0
22-24,Masculino,Parda,Sudeste,Estudante de Graduação,Empregado (CLT),Analista de Dados,Júnior,de R$ 3.001/mês a R$ 4.000/mês,de 3 a 4 anos,Não tive experiência na área de TI/Engenharia de Software antes de começar a trabalhar na área de dados,True,3500,-20.0,-44.0
22-24,Masculino,Branca,Sudeste,Estudante de Graduação,Empregado (CLT),Analista de Dados,Júnior,de R$ 2.001/mês a R$ 3.000/mês,Menos de 1 ano,Não tive experiência na área de TI/Engenharia de Software antes de começar a trabalhar na área de dados,False,2500,-20.0,-44.0
22-24,Masculino,Parda,Sudeste,Graduação/Bacharelado,Empregado (CLT),Analista de BI,Júnior,de R$ 2.001/mês a R$ 3.000/mês,Menos de 1 ano,Não tive experiência na área de TI/Engenharia de Software antes de começar a trabalhar na área de dados,False,2500,-20.0,-44.0
22-24,Feminino,Amarela,Sudeste,Graduação/Bacharelado,Empregado (CLT),Cientista de Dados,Pleno,de R$ 6.001/mês a R$ 8.000/mês,de 3 a 4 anos,Não tive experiência na área de TI/Engenharia de Software antes de começar a trabalhar na área de dados,True,7000,-20.0,-44.0
22-24,Masculino,Parda,Sudeste,Graduação/Bacharelado,Empregado (CLT),Analista de BI,Sênior,de R$ 8.001/mês a R$ 12.000/mês,de 5 a 6 anos,de 5 a 6 anos,True,10000,-20.0,-44.0
22-24,Feminino,Branca,Sudeste,Estudante de Graduação,Empregado (CLT),Analista de BI,Júnior,de R$ 3.001/mês a R$ 4.000/mês,de 1 a 2 anos,de 1 a 2 anos,False,3500,-20.0,-44.0
22-24,Masculino,Parda,Sudeste,Graduação/Bacharelado,Empregado (CLT),Outro,Júnior,de R$ 1.001/mês a R$ 2.000/mês,de 1 a 2 anos,Não tive experiência na área de TI/Engenharia de Software antes de começar a trabalhar na área de dados,False,1500,-20.0,-44.0
22-24,Feminino,Branca,Sudeste,Pós-graduação,Empregado (CLT),Analista de Dados,Júnior,de R$ 3.001/mês a R$ 4.000/mês,de 1 a 2 anos,Não tive experiência na área de TI/Engenharia de Software antes de começar a trabalhar na área de dados,False,3500,-20.0,-44.0
22-24,Masculino,Parda,Sudeste,Graduação/Bacharelado,Empregado (CLT),Cientista de Dados,Júnior,de R$ 4.001/mês a R$ 6.000/mês,de 1 a 2 anos,Não tive experiência na área de TI/Engenharia de Software antes de começar a trabalhar na área de dados,True,5000,-20.0,-44.0
22-24,Masculino,Branca,Sudeste,Estudante de Graduação,Estagiário,Analista de Dados,Júnior,de R$ 2.001/mês a R$ 3.000/mês,Menos de 1 ano,Não tive experiência na área de TI/Engenharia de Software antes de começar a trabalhar na área de dados,True,2500,-20.0,-44.0
22-24,Masculino,Parda,Sudeste,Pós-graduação,Empregado (CLT),Engenheiro de Dados,Pleno,de R$ 8.001/mês a R$ 12.000/mês,de 3 a 4 anos,de 1 a 2 anos,True,10000,-20.0,-44.0
22-24,Masculino,Branca,Sudeste,Estudante de Graduação,Empregado (CLT),Cientista de Dados,Júnior,de R$ 6.001/mês a R$ 8.000/mês,de 1 a 2 anos,Não tive experiência na área de TI/Engenharia de Software antes de começar a trabalhar na área de dados,True,7000,-20.0,-44.0
22-24,Masculino,Parda,Sudeste,Graduação/Bacharelado,Empregado (CLT),Cientista de Dados,Pleno,de R$ 8.001/mês a R$ 12.000/mês,de 3 a 4 anos,Não tive experiência na área de TI/Engenharia de Software antes de começar a trabalhar na área de dados,False,10000,-20.0,-44.0
22-24,Masculino,Branca,Sudeste,Graduação/Bacharelado,Empregado (CLT),Cientista de Dados,Pleno,de R$ 4.001/mês a R$ 6.000/mês,de 1 a 2 anos,Menos de 1 ano,False,5000,-20.0,-44.0
22-24,Masculino,Preta,Sudeste,Graduação/Bacharelado,Empregado (CLT),Analista de Dados,Pleno,de R$ 6.001/mês a R$ 8.000/mês,de 3 a 4 anos,Não tive experiência na área de TI/Engenharia de Software antes de começar a trabalhar na área de dados,True,7000,-20.0,-44.0
22-24,Feminino,Branca,Sul,Graduação/Bacharelado,Estagiário,Analista de Dados,Júnior,de R$ 2.001/mês a R$ 3.000/mês,Menos de 1 ano,Menos de 1 ano,True,2500,-27.0,-51.0
22-24,Feminino,Branca,Sudeste,Graduação/Bacharelado,Empregado (CLT),Analista de Dados,Pleno,de R$ 8.001/mês a R$ 12.000/mês,de 5 a 6 anos,Não tive experiência na área de TI/Engenharia de Software antes de começar a trabalhar na área de dados,True,10000,-20.0,-44.0
22-24,Masculino,Branca,Sudeste,Graduação/Bacharelado,Empregado (CLT),Analista de Dados,Pleno,de R$ 8.001/mês a R$ 12.000/mês,de 5 a 6 anos,Não tive experiência na área de TI/Engenharia de Software antes de começar a trabalhar na área de dados,True,10000,-20.0,-44.0
22-24,Masculino,Branca,Sul,Estudante de Graduação,Estagiário,Eng. Machine Learning,Júnior,de R$ 3.001/mês a R$ 4.000/mês,de 1 a 2 anos,Não tive experiência na área de TI/Engenharia de Software antes de começar a trabalhar na área de dados,True,3500,-27.0,-51.0
22-24,Masculino,Amarela,Sudeste,Graduação/Bacharelado,Empregado (CLT),Analista de BI,Júnior,de R$ 3.001/mês a R$ 4.000/mês,de 1 a 2 anos,Não tive experiência na área de TI/Engenharia de Software antes de começar a trabalhar na área de dados,True,3500,-20.0,-44.0
22-24,Feminino,Branca,Sudeste,Estudante de Graduação,Empregado (CLT),Analytics Engineer,Pleno,de R$ 3.001/mês a R$ 4.000/mês,de 1 a 2 anos,de 1 a 2 anos,False,3500,-20.0,-44.0
22-24,Masculino,Preta,Nordeste,Não tenho graduação formal,Empregado (CLT),Analytics Engineer,Pleno,de R$ 3.001/mês a R$ 4.000/mês,de 3 a 4 anos,de 1 a 2 anos,False,3500,-8.0,-38.0
22-24,Masculino,Branca,Centro-oeste,Estudante de Graduação,Empreendedor ou Empregado (CNPJ),Eng. Machine Learning,Pleno,de R$ 4.001/mês a R$ 6.000/mês,de 1 a 2 anos,de 1 a 2 anos,True,5000,-15.0,-52.0
22-24,Feminino,Preta,Nordeste,Graduação/Bacharelado,Empregado (CLT),Analytics Engineer,Sênior,de R$ 8.001/mês a R$ 12.000/mês,de 3 a 4 anos,de 1 a 2 anos,True,10000,-8.0,-38.0
22-24,Masculino,Branca,Sudeste,Graduação/Bacharelado,Empregado (CLT),Cientista de Dados,Pleno,de R$ 6.001/mês a R$ 8.000/mês,de 3 a 4 anos,Não tive experiência na área de TI/Engenharia de Software antes de começar a trabalhar na área de dados,False,7000,-20.0,-44.0
22-24,Feminino,Preta,Sudeste,Graduação/Bacharelado,Empregado (CLT),Analytics Engineer,Pleno,de R$ 6.001/mês a R$ 8.000/mês,de 1 a 2 anos,Não tive experiência na área de TI/Engenharia de Software antes de começar a trabalhar na área de dados,True,7000,-20.0,-44.0
22-24,Masculino,Branca,Sudeste,Graduação/Bacharelado,Empregado (CLT),Analista de Suporte,Pleno,de R$ 3.001/mês a R$ 4.000/mês,Não tenho experiência na área de dados,Não tive experiência na área de TI/Engenharia de Software antes de começar a trabalhar na área de dados,False,3500,-20.0,-44.0
22-24,Feminino,Branca,Sudeste,Pós-graduação,Empregado (CLT),Analista de Dados,Pleno,de R$ 6.001/mês a R$ 8.000/mês,de 3 a 4 anos,Menos de 1 ano,True,7000,-20.0,-44.0
22-24,Feminino,Branca,Sul,Estudante de Graduação,Empregado (CLT),Analista de Dados,Júnior,de R$ 4.001/mês a R$ 6.000/mês,de 1 a 2 anos,Menos de 1 ano,True,5000,-27.0,-51.0
22-24,Masculino,Branca,Sudeste,Graduação/Bacharelado,Empregado (CLT),Analista de Dados,Pleno,de R$ 3.001/mês a R$ 4.000/mês,de 1 a 2 anos,Não tive experiência na área de TI/Engenharia de Software antes de começar a trabalhar na área de dados,False,3500,-20.0,-44.0
22-24,Masculino,Branca,Sudeste,Graduação/Bacharelado,Empregado (CLT),Outro,Júnior,de R$ 2.001/mês a R$ 3.000/mês,Não tenho experiência na área de dados,Não tive experiência na área de TI/Engenharia de Software antes de começar a trabalhar na área de dados,True,2500,-20.0,-44.0
22-24,Masculino,Parda,Centro-oeste,Estudante de Graduação,Empregado (CLT),Analista de BI,Pleno,de R$ 3.001/mês a R$ 4.000/mês,de 1 a 2 anos,de 1 a 2 anos,False,3500,-15.0,-52.0
22-24,Masculino,Parda,Sudeste,Pós-graduação,Empregado (CLT),Analista de Dados,Sênior,de R$ 4.001/mês a R$ 6.000/mês,de 3 a 4 anos,de 3 a 4 anos,False,5000,-20.0,-44.0
22-24,Feminino,Branca,,Estudante de Graduação,Vivo fora do Brasil e trabalho para empresa de fora do Brasil,Cientista de Dados,Júnior,de R$ 16.001/mês a R$ 20.000/mês,de 1 a 2 anos,Não tive experiência na área de TI/Engenharia de Software antes de começar a trabalhar na área de dados,True,18000,,
22-24,Masculino,Branca,Sudeste,Graduação/Bacharelado,Estagiário,Desenvolvedor,Júnior,de R$ 2.001/mês a R$ 3.000/mês,Não tenho experiência na área de dados,Não tive experiência na área de TI/Engenharia de Software antes de começar a trabalhar na área de dados,True,2500,-20.0,-44.0
22-24,Masculino,Branca,Centro-oeste,Estudante de Graduação,Empregado (CLT),Analista de Dados,Júnior,de R$ 6.001/mês a R$ 8.000/mês,de 3 a 4 anos,Menos de 1 ano,False,7000,-15.0,-52.0
22-24,Masculino,Parda,Nordeste,Graduação/Bacharelado,Empreendedor ou Empregado (CNPJ),Cientista de Dados,Júnior,de R$ 6.001/mês a R$ 8.000/mês,de 1 a 2 anos,Menos de 1 ano,True,7000,-8.0,-38.0
22-24,Masculino,Parda,Sudeste,Graduação/Bacharelado,Empregado (CLT),Cientista de Dados,Pleno,de R$ 6.001/mês a R$ 8.000/mês,de 1 a 2 anos,Não tive experiência na área de TI/Engenharia de Software antes de começar a trabalhar na área de dados,True,7000,-20.0,-44.0
22-24,Feminino,Branca,Centro-oeste,Estudante de Graduação,Empreendedor ou Empregado (CNPJ),Analista de Dados,Pleno,de R$ 2.001/mês a R$ 3.000/mês,de 1 a 2 anos,Menos de 1 ano,False,2500,-15.0,-52.0
22-24,Masculino,Branca,Sul,Graduação/Bacharelado,Empregado (CLT),Outro,Júnior,de R$ 2.001/mês a R$ 3.000/mês,Não tenho experiência na área de dados,de 1 a 2 anos,False,2500,-27.0,-51.0
22-24,Masculino,Parda,Sudeste,Estudante de Graduação,Estagiário,Analista de Dados,Júnior,de R$ 1.001/mês a R$ 2.000/mês,de 1 a 2 anos,de 1 a 2 anos,False,1500,-20.0,-44.0
22-24,Masculino,Branca,Nordeste,Estudante de Graduação,Empregado (CLT),Cientista de Dados,Júnior,de R$ 3.001/mês a R$ 4.000/mês,de 1 a 2 anos,Não tive experiência na área de TI/Engenharia de Software antes de começar a trabalhar na área de dados,True,3500,-8.0,-38.0
22-24,Masculino,Parda,Centro-oeste,Estudante de Graduação,Estagiário,Analista de BI,Júnior,de R$ 1.001/mês a R$ 2.000/mês,de 1 a 2 anos,Menos de 1 ano,True,1500,-15.0,-52.0
22-24,Masculino,Parda,Sul,Estudante de Graduação,Empregado (CLT),Cientista de Dados,Pleno,de R$ 4.001/mês a R$ 6.000/mês,de 3 a 4 anos,Não tive experiência na área de TI/Engenharia de Software antes de começar a trabalhar na área de dados,False,5000,-27.0,-51.0
22-24,Masculino,Branca,Norte,Estudante de Graduação,Empregado (CLT),Outro,Júnior,de R$ 1.001/mês a R$ 2.000/mês,Menos de 1 ano,Não tive experiência na área de TI/Engenharia de Software antes de começar a trabalhar na área de dados,False,1500,-5.0,-60.0
22-24,Masculino,Branca,Sul,Estudante de Graduação,Estagiário,Analista de Dados,Júnior,de R$ 2.001/mês a R$ 3.000/mês,de 1 a 2 anos,Não tive experiência na área de TI/Engenharia de Software antes de começar a trabalhar na área de dados,True,2500,-27.0,-51.0
22-24,Feminino,Branca,Centro-oeste,Estudante de Graduação,Empregado (CLT),Engenheiro de Dados,Júnior,de R$ 3.001/mês a R$ 4.000/mês,de 1 a 2 anos,Não tive experiência na área de TI/Engenharia de Software antes de começar a trabalhar na área de dados,True,3500,-15.0,-52.0
22-24,Masculino,Branca,Sudeste,Pós-graduação,Empregado (CLT),Analista de BI,Pleno,de R$ 3.001/mês a R$ 4.000/mês,de 1 a 2 anos,Não tive experiência na área de TI/Engenharia de Software antes de começar a trabalhar na área de dados,False,3500,-20.0,-44.0
22-24,Masculino,Branca,Centro-oeste,Graduação/Bacharelado,Empregado (CLT),Cientista de Dados,Júnior,de R$ 4.001/mês a R$ 6.000/mês,Menos de 1 ano,Não tive experiência na área de TI/Engenharia de Software antes de começar a trabalhar na área de dados,True,5000,-15.0,-52.0
22-24,Feminino,Branca,Sul,Estudante de Graduação,Empregado (CLT),Analista de Dados,Júnior,de R$ 2.001/mês a R$ 3.000/mês,de 1 a 2 anos,de 1 a 2 anos,True,2500,-27.0,-51.0
22-24,Masculino,Amarela,Sudeste,Graduação/Bacharelado,Empregado (CLT),Arquiteto de Dados,Sênior,de R$ 8.001/mês a R$ 12.000/mês,de 5 a 6 anos,Não tive experiência na área de TI/Engenharia de Software antes de começar a trabalhar na área de dados,False,10000,-20.0,-44.0
22-24,Feminino,Branca,Nordeste,Estudante de Graduação,Estagiário,Engenheiro de Dados,Júnior,Menos de R$ 1.000/mês,de 1 a 2 anos,Menos de 1 ano,False,500,-8.0,-38.0
22-24,Masculino,Parda,Centro-oeste,Estudante de Graduação,Estagiário,Cientista de Dados,Júnior,de R$ 1.001/mês a R$ 2.000/mês,de 1 a 2 anos,de 1 a 2 anos,False,1500,-15.0,-52.0
22-24,Masculino,Branca,Sudeste,Estudante de Graduação,Empregado (CLT),Desenvolvedor,Júnior,de R$ 2.001/mês a R$ 3.000/mês,Menos de 1 ano,de 1 a 2 anos,False,2500,-20.0,-44.0
22-24,Feminino,Branca,Sudeste,Estudante de Graduação,Freelancer,Analista de Dados,Júnior,de R$ 6.001/mês a R$ 8.000/mês,de 1 a 2 anos,Não tive experiência na área de TI/Engenharia de Software antes de começar a trabalhar na área de dados,True,7000,-20.0,-44.0
22-24,Masculino,Prefiro não informar,Sudeste,Graduação/Bacharelado,Empregado (CLT),Cientista de Dados,Júnior,de R$ 4.001/mês a R$ 6.000/mês,de 1 a 2 anos,Menos de 1 ano,True,5000,-20.0,-44.0
22-24,Masculino,Branca,Sudeste,Estudante de Graduação,Estagiário,Analista de Negócios,Júnior,de R$ 3.001/mês a R$ 4.000/mês,de 1 a 2 anos,Não tive experiência na área de TI/Engenharia de Software antes de começar a trabalhar na área de dados,True,3500,-20.0,-44.0
22-24,Masculino,Branca,Sudeste,Graduação/Bacharelado,Empregado (CLT),Engenheiro de Dados,Júnior,de R$ 4.001/mês a R$ 6.000/mês,de 1 a 2 anos,Não tive experiência na área de TI/Engenharia de Software antes de começar a trabalhar na área de dados,True,5000,-20.0,-44.0
22-24,Masculino,Branca,Sul,Estudante de Graduação,Estagiário,Analista de Dados,Júnior,de R$ 1.001/mês a R$ 2.000/mês,Não tenho experiência na área de dados,Não tive experiência na área de TI/Engenharia de Software antes de começar a trabalhar na área de dados,True,1500,-27.0,-51.0
22-24,Masculino,Branca,Sudeste,Graduação/Bacharelado,Empregado (CLT),Analista de Negócios,Pleno,de R$ 3.001/mês a R$ 4.000/mês,Menos de 1 ano,Não tive experiência na área de TI/Engenharia de Software antes de começar a trabalhar na área de dados,False,3500,-20.0,-44.0
22-24,Feminino,Parda,Nordeste,Estudante de Graduação,Estagiário,Estatístico,Júnior,de R$ 1.001/mês a R$ 2.000/mês,de 3 a 4 anos,Não tive experiência na área de TI/Engenharia de Software antes de começar a trabalhar na área de dados,False,1500,-8.0,-38.0
22-24,Feminino,Branca,Sul,Pós-graduação,Empregado (CLT),Analista de Dados,Pleno,de R$ 4.001/mês a R$ 6.000/mês,de 1 a 2 anos,Não tive experiência na área de TI/Engenharia de Software antes de começar a trabalhar na área de dados,False,5000,-27.0,-51.0
22-24,Masculino,Branca,Sudeste,Pós-graduação,Empregado (CLT),Engenheiro de Dados,Pleno,de R$ 8.001/mês a R$ 12.000/mês,de 3 a 4 anos,de 3 a 4 anos,False,10000,-20.0,-44.0
22-24,Masculino,Parda,Sudeste,Pós-graduação,Empregado (CLT),Product Manager,Júnior,de R$ 3.001/mês a R$ 4.000/mês,de 1 a 2 anos,Menos de 1 ano,True,3500,-20.0,-44.0
22-24,Masculino,Branca,Sul,Graduação/Bacharelado,Empregado (CLT),Analista de Dados,Sênior,de R$ 6.001/mês a R$ 8.000/mês,de 3 a 4 anos,Não tive experiência na área de TI/Engenharia de Software antes de começar a trabalhar na área de dados,True,7000,-27.0,-51.0
22-24,Masculino,Preta,Norte,Estudante de Graduação,Empregado (CLT),Engenheiro de Dados,Júnior,de R$ 4.001/mês a R$ 6.000/mês,de 1 a 2 anos,de 1 a 2 anos,True,5000,-5.0,-60.0
22-24,Masculino,Branca,Sudeste,Graduação/Bacharelado,Empregado (CLT),Analista de Dados,Júnior,de R$ 6.001/mês a R$ 8.000/mês,de 1 a 2 anos,Não tive experiência na área de TI/Engenharia de Software antes de começar a trabalhar na área de dados,False,7000,-20.0,-44.0
22-24,Masculino,Parda,Sudeste,Pós-graduação,Empregado (CLT),Analista de Dados,Pleno,de R$ 6.001/mês a R$ 8.000/mês,de 3 a 4 anos,Não tive experiência na área de TI/Engenharia de Software antes de começar a trabalhar na área de dados,True,7000,-20.0,-44.0
22-24,Feminino,Branca,Sul,Graduação/Bacharelado,Empregado (CLT),Analista de Dados,Júnior,de R$ 3.001/mês a R$ 4.000/mês,de 1 a 2 anos,Não tive experiência na área de TI/Engenharia de Software antes de começar a trabalhar na área de dados,True,3500,-27.0,-51.0
22-24,Masculino,Branca,Sudeste,Estudante de Graduação,Empregado (CLT),Analista de Negócios,Júnior,de R$ 2.001/mês a R$ 3.000/mês,de 1 a 2 anos,Menos de 1 ano,False,2500,-20.0,-44.0
22-24,Feminino,Amarela,Sudeste,Graduação/Bacharelado,Empregado (CLT),Analista de Dados,Pleno,de R$ 4.001/mês a R$ 6.000/mês,de 1 a 2 anos,Não tive experiência na área de TI/Engenharia de Software antes de começar a trabalhar na área de dados,False,5000,-20.0,-44.0
22-24,Feminino,Parda,Centro-oeste,Estudante de Graduação,Empreendedor ou Empregado (CNPJ),Engenheiro de Dados,Pleno,de R$ 3.001/mês a R$ 4.000/mês,de 1 a 2 anos,de 1 a 2 anos,False,3500,-15.0,-52.0
22-24,Masculino,Branca,Sudeste,Graduação/Bacharelado,Empregado (CLT),Cientista de Dados,Pleno,de R$ 4.001/mês a R$ 6.000/mês,de 1 a 2 anos,Não tive experiência na área de TI/Engenharia de Software antes de começar a trabalhar na área de dados,True,5000,-20.0,-44.0
22-24,Masculino,Branca,Sudeste,Estudante de Graduação,Empregado (CLT),Cientista de Dados,Júnior,de R$ 4.001/mês a R$ 6.000/mês,de 1 a 2 anos,Não tive experiência na área de TI/Engenharia de Software antes de começar a trabalhar na área de dados,True,5000,-20.0,-44.0
22-24,Masculino,Branca,Sul,Graduação/Bacharelado,Estagiário,Analista de BI,Júnior,de R$ 1.001/mês a R$ 2.000/mês,de 1 a 2 anos,de 1 a 2 anos,False,1500,-27.0,-51.0
22-24,Feminino,Parda,Sudeste,Graduação/Bacharelado,Empregado (CLT),Cientista de Dados,Pleno,de R$ 6.001/mês a R$ 8.000/mês,de 1 a 2 anos,de 3 a 4 anos,False,7000,-20.0,-44.0
22-24,Masculino,Branca,Sudeste,Graduação/Bacharelado,Empregado (CLT),Desenvolvedor,Pleno,de R$ 8.001/mês a R$ 12.000/mês,de 3 a 4 anos,de 1 a 2 anos,False,10000,-20.0,-44.0
22-24,Masculino,Branca,Sudeste,Estudante de Graduação,Estagiário,Analytics Engineer,Júnior,de R$ 1.001/mês a R$ 2.000/mês,Menos de 1 ano,Não tive experiência na área de TI/Engenharia de Software antes de começar a trabalhar na área de dados,True,1500,-20.0,-44.0
22-24,Masculino,Branca,Sul,Estudante de Graduação,Empregado (CLT),Analista de Dados,Pleno,de R$ 2.001/mês a R$ 3.000/mês,de 3 a 4 anos,Não tive experiência na área de TI/Engenharia de Software antes de começar a trabalhar na área de dados,True,2500,-27.0,-51.0
22-24,Masculino,Parda,Sul,Graduação/Bacharelado,Empregado (CLT),Cientista de Dados,Pleno,de R$ 6.001/mês a R$ 8.000/mês,de 3 a 4 anos,de 1 a 2 anos,True,7000,-27.0,-51.0
22-24,Masculino,Branca,Sul,Estudante de Graduação,Empregado (CLT),Analista de Negócios,Pleno,de R$ 4.001/mês a R$ 6.000/mês,de 3 a 4 anos,de 1 a 2 anos,False,5000,-27.0,-51.0
22-24,Masculino,Preta,Sul,Graduação/Bacharelado,Empregado (CLT),Analista de Negócios,Júnior,de R$ 4.001/mês a R$ 6.000/mês,de 3 a 4 anos,Não tive experiência na área de TI/Engenharia de Software antes de começar a trabalhar na área de dados,False,5000,-27.0,-51.0
22-24,Masculino,Preta,Nordeste,Estudante de Graduação,Freelancer,Analista de Dados,Júnior,de R$ 1.001/mês a R$ 2.000/mês,Menos de 1 ano,Não tive experiência na área de TI/Engenharia de Software antes de começar a trabalhar na área de dados,True,1500,-8.0,-38.0
22-24,Feminino,Parda,Nordeste,Graduação/Bacharelado,Empregado (CLT),Analytics Engineer,Júnior,de R$ 6.001/mês a R$ 8.000/mês,de 1 a 2 anos,Menos de 1 ano,True,7000,-8.0,-38.0
22-24,Masculino,Branca,Sul,Pós-graduação,Empregado (CLT),Analista de BI,Pleno,de R$ 3.001/mês a R$ 4.000/mês,Menos de 1 ano,de 1 a 2 anos,False,3500,-27.0,-51.0
22-24,Masculino,Parda,Sudeste,Estudante de Graduação,Empregado (CLT),Analista de Dados,Pleno,de R$ 3.001/mês a R$ 4.000/mês,de 1 a 2 anos,Não tive experiência na área de TI/Engenharia de Software antes de começar a trabalhar na área de dados,False,3500,-20.0,-44.0
22-24,Masculino,Preta,Sudeste,Graduação/Bacharelado,Empregado (CLT),Analista de BI,Pleno,de R$ 3.001/mês a R$ 4.000/mês,de 1 a 2 anos,Menos de 1 ano,False,3500,-20.0,-44.0
22-24,Masculino,Parda,Nordeste,Graduação/Bacharelado,Empregado (CLT),Cientista de Dados,Júnior,de R$ 3.001/mês a R$ 4.000/mês,Menos de 1 ano,de 3 a 4 anos,True,3500,-8.0,-38.0
22-24,Masculino,Branca,Sudeste,Estudante de Graduação,Empregado (CLT),Outro,Júnior,de R$ 2.001/mês a R$ 3.000/mês,Menos de 1 ano,Menos de 1 ano,False,2500,-20.0,-44.0
22-24,Masculino,Branca,Sudeste,Graduação/Bacharelado,Empregado (CLT),Cientista de Dados,Pleno,de R$ 8.001/mês a R$ 12.000/mês,de 3 a 4 anos,Não tive experiência na área de TI/Engenharia de Software antes de começar a trabalhar na área de dados,True,10000,-20.0,-44.0
22-24,Feminino,Branca,Nordeste,Estudante de Graduação,Estagiário,Engenheiro de Dados,Júnior,de R$ 1.001/mês a R$ 2.000/mês,de 1 a 2 anos,Não tive experiência na área de TI/Engenharia de Software antes de começar a trabalhar na área de dados,True,1500,-8.0,-38.0
22-24,Feminino,Preta,Sudeste,Pós-graduação,Empregado (CLT),Analytics Engineer,Sênior,de R$ 8.001/mês a R$ 12.000/mês,de 3 a 4 anos,Não tive experiência na área de TI/Engenharia de Software antes de começar a trabalhar na área de dados,False,10000,-20.0,-44.0
22-24,Masculino,Branca,Sudeste,Graduação/Bacharelado,Empregado (CLT),Analista de Dados,Pleno,de R$ 4.001/mês a R$ 6.000/mês,de 3 a 4 anos,de 3 a 4 anos,False,5000,-20.0,-44.0
22-24,Masculino,Parda,Sudeste,Graduação/Bacharelado,Empregado (CLT),Analista de Dados,Júnior,de R$ 3.001/mês a R$ 4.000/mês,de 1 a 2 anos,Não tive experiência na área de TI/Engenharia de Software antes de começar a trabalhar na área de dados,True,3500,-20.0,-44.0
22-24,Masculino,Preta,Sudeste,Graduação/Bacharelado,Empregado (CLT),Engenheiro de Dados,Pleno,de R$ 4.001/mês a R$ 6.000/mês,de 3 a 4 anos,de 1 a 2 anos,False,5000,-20.0,-44.0
22-24,Feminino,Preta,Sudeste,Estudante de Graduação,Estagiário,Engenheiro de Dados,Júnior,de R$ 1.001/mês a R$ 2.000/mês,Menos de 1 ano,Não tive experiência na área de TI/Engenharia de Software antes de começar a trabalhar na área de dados,True,1500,-20.0,-44.0
22-24,Masculino,Branca,Centro-oeste,Graduação/Bacharelado,Empregado (CLT),Analista de BI,Júnior,de R$ 4.001/mês a R$ 6.000/mês,de 1 a 2 anos,de 5 a 6 anos,False,5000,-15.0,-52.0
22-24,Masculino,Parda,Nordeste,Estudante de Graduação,Empregado (CLT),Analista de Dados,Júnior,de R$ 1.001/mês a R$ 2.000/mês,Menos de 1 ano,Menos de 1 ano,False,1500,-8.0,-38.0
22-24,Masculino,Branca,Centro-oeste,Pós-graduação,Empregado (CLT),Analista de Dados,Pleno,de R$ 4.001/mês a R$ 6.000/mês,de 3 a 4 anos,Não tive experiência na área de TI/Engenharia de Software antes de começar a trabalhar na área de dados,True,5000,-15.0,-52.0
22-24,Masculino,Branca,Centro-oeste,Estudante de Graduação,Empregado (CLT),Analista de BI,Pleno,de R$ 4.001/mês a R$ 6.000/mês,de 1 a 2 anos,Não tive experiência na área de TI/Engenharia de Software antes de começar a trabalhar na área de dados,False,5000,-15.0,-52.0
22-24,Masculino,Parda,Sudeste,Graduação/Bacharelado,Empregado (CLT),Analista de BI,Júnior,de R$ 2.001/mês a R$ 3.000/mês,Menos de 1 ano,Não tive experiência na área de TI/Engenharia de Software antes de começar a trabalhar na área de dados,False,2500,-20.0,-44.0
22-24,Masculino,Branca,Sudeste,Graduação/Bacharelado,Empregado (CLT),Cientista de Dados,Pleno,de R$ 6.001/mês a R$ 8.000/mês,de 1 a 2 anos,Menos de 1 ano,True,7000,-20.0,-44.0
22-24,Masculino,Parda,Centro-oeste,Graduação/Bacharelado,Empregado (CLT),Analista de BI,Pleno,de R$ 4.001/mês a R$ 6.000/mês,de 3 a 4 anos,Não tive experiência na área de TI/Engenharia de Software antes de começar a trabalhar na área de dados,False,5000,-15.0,-52.0
22-24,Masculino,Branca,Sudeste,Estudante de Graduação,Empregado (CLT),Analista de Dados,Júnior,de R$ 3.001/mês a R$ 4.000/mês,Menos de 1 ano,de 1 a 2 anos,True,3500,-20.0,-44.0
22-24,Masculino,Branca,Sul,Estudante de Graduação,Estagiário,Cientista de Dados,Júnior,de R$ 1.001/mês a R$ 2.000/mês,Menos de 1 ano,Não tive experiência na área de TI/Engenharia de Software antes de começar a trabalhar na área de dados,False,1500,-27.0,-51.0
22-24,Masculino,Branca,Sudeste,Graduação/Bacharelado,Empregado (CLT),Analista de Negócios,Júnior,de R$ 4.001/mês a R$ 6.000/mês,de 3 a 4 anos,de 1 a 2 anos,False,5000,-20.0,-44.0
22-24,Masculino,Branca,Sudeste,Estudante de Graduação,Empregado (CLT),Analista de Dados,Pleno,de R$ 6.001/mês a R$ 8.000/mês,de 3 a 4 anos,Não tive experiência na área de TI/Engenharia de Software antes de começar a trabalhar na área de dados,False,7000,-20.0,-44.0
22-24,Masculino,Branca,Sudeste,Mestrado,Empregado (CLT),Eng. Machine Learning,Sênior,de R$ 25.001/mês a R$ 30.000/mês,de 3 a 4 anos,Não tive experiência na área de TI/Engenharia de Software antes de começar a trabalhar na área de dados,True,27500,-20.0,-44.0
22-24,Masculino,Parda,Sudeste,Graduação/Bacharelado,Empregado (CLT),Cientista de Dados,Sênior,de R$ 8.001/mês a R$ 12.000/mês,de 1 a 2 anos,Não tive experiência na área de TI/Engenharia de Software antes de começar a trabalhar na área de dados,True,10000,-20.0,-44.0
22-24,Masculino,Branca,Sudeste,Graduação/Bacharelado,Empregado (CLT),Analista de BI,Pleno,de R$ 8.001/mês a R$ 12.000/mês,de 3 a 4 anos,Não tive experiência na área de TI/Engenharia de Software antes de começar a trabalhar na área de dados,True,10000,-20.0,-44.0
22-24,Masculino,Parda,Sudeste,Estudante de Graduação,Estagiário,Analista de Suporte,Júnior,Menos de R$ 1.000/mês,de 1 a 2 anos,Menos de 1 ano,True,500,-20.0,-44.0
22-24,Masculino,Branca,Sudeste,Não tenho graduação formal,Empregado (CLT),Engenheiro de Dados,Pleno,de R$ 4.001/mês a R$ 6.000/mês,de 1 a 2 anos,Não tive experiência na área de TI/Engenharia de Software antes de começar a trabalhar na área de dados,True,5000,-20.0,-44.0
22-24,Masculino,Parda,Sudeste,Pós-graduação,Vivo no Brasil e trabalho remoto para empresa de fora do Brasil,Cientista de Dados,Pleno,de R$ 20.001/mês a R$ 25.000/mês,de 3 a 4 anos,Não tive experiência na área de TI/Engenharia de Software antes de começar a trabalhar na área de dados,True,22500,-20.0,-44.0
22-24,Masculino,Branca,Sudeste,Estudante de Graduação,Empregado (CLT),Engenheiro de Dados,Pleno,de R$ 6.001/mês a R$ 8.000/mês,de 3 a 4 anos,Não tive experiência na área de TI/Engenharia de Software antes de começar a trabalhar na área de dados,False,7000,-20.0,-44.0
22-24,Masculino,Branca,Sudeste,Graduação/Bacharelado,Empregado (CLT),Analytics Engineer,Pleno,de R$ 8.001/mês a R$ 12.000/mês,de 3 a 4 anos,Não tive experiência na área de TI/Engenharia de Software antes de começar a trabalhar na área de dados,False,10000,-20.0,-44.0
22-24,Masculino,Preta,Sudeste,Estudante de Graduação,Empregado (CLT),Engenheiro de Dados,Sênior,de R$ 8.001/mês a R$ 12.000/mês,de 5 a 6 anos,Não tive experiência na área de TI/Engenharia de Software antes de começar a trabalhar na área de dados,True,10000,-20.0,-44.0
22-24,Masculino,Preta,Sul,Não tenho graduação formal,Empregado (CLT),Engenheiro de Dados,Sênior,de R$ 16.001/mês a R$ 20.000/mês,de 5 a 6 anos,Não tive experiência na área de TI/Engenharia de Software antes de começar a trabalhar na área de dados,True,18000,-27.0,-51.0
22-24,Feminino,Branca,Sul,Graduação/Bacharelado,Empregado (CLT),Analista de BI,Júnior,de R$ 4.001/mês a R$ 6.000/mês,Menos de 1 ano,de 3 a 4 anos,True,5000,-27.0,-51.0
22-24,Feminino,Branca,Sudeste,Graduação/Bacharelado,Empregado (CLT),Analista de Dados,Pleno,de R$ 8.001/mês a R$ 12.000/mês,de 3 a 4 anos,Não tive experiência na área de TI/Engenharia de Software antes de começar a trabalhar na área de dados,True,10000,-20.0,-44.0
22-24,Feminino,Parda,Nordeste,Graduação/Bacharelado,Empregado (CLT),Outro,Pleno,de R$ 6.001/mês a R$ 8.000/mês,de 1 a 2 anos,de 1 a 2 anos,True,7000,-8.0,-38.0
22-24,Masculino,Branca,Sudeste,Graduação/Bacharelado,Empregado (CLT),Engenheiro de Dados,Sênior,de R$ 8.001/mês a R$ 12.000/mês,de 3 a 4 anos,Não tive experiência na área de TI/Engenharia de Software antes de começar a trabalhar na área de dados,True,10000,-20.0,-44.0
22-24,Masculino,Branca,Nordeste,Graduação/Bacharelado,Empregado (CLT),Analista de BI,Júnior,de R$ 1.001/mês a R$ 2.000/mês,Menos de 1 ano,Não tive experiência na área de TI/Engenharia de Software antes de começar a trabalhar na área de dados,False,1500,-8.0,-38.0
22-24,Masculino,Parda,Nordeste,Estudante de Graduação,Empregado (CLT),Analista de Dados,Júnior,de R$ 2.001/mês a R$ 3.000/mês,de 1 a 2 anos,de 1 a 2 anos,False,2500,-8.0,-38.0
22-24,Masculino,Branca,Sudeste,Graduação/Bacharelado,Empregado (CLT),Analista de BI,Júnior,de R$ 4.001/mês a R$ 6.000/mês,Menos de 1 ano,Não tive experiência na área de TI/Engenharia de Software antes de começar a trabalhar na área de dados,True,5000,-20.0,-44.0
22-24,Masculino,Branca,Sul,Mestrado,Empreendedor ou Empregado (CNPJ),Engenheiro de Dados,Pleno,de R$ 8.001/mês a R$ 12.000/mês,de 3 a 4 anos,Menos de 1 ano,True,10000,-27.0,-51.0
22-24,Masculino,Branca,Sul,Estudante de Graduação,Empregado (CLT),Cientista de Dados,Sênior,de R$ 6.001/mês a R$ 8.000/mês,de 3 a 4 anos,Menos de 1 ano,True,7000,-27.0,-51.0
22-24,Masculino,Parda,Centro-oeste,Pós-graduação,Empregado (CLT),Outro,Pleno,de R$ 2.001/mês a R$ 3.000/mês,Menos de 1 ano,Não tive experiência na área de TI/Engenharia de Software antes de começar a trabalhar na área de dados,False,2500,-15.0,-52.0
22-24,Masculino,Branca,Sudeste,Estudante de Graduação,Estagiário,Analista de Negócios,Júnior,de R$ 2.001/mês a R$ 3.000/mês,Menos de 1 ano,Não tive experiência na área de TI/Engenharia de Software antes de começar a trabalhar na área de dados,True,2500,-20.0,-44.0
22-24,Masculino,Amarela,Sul,Pós-graduação,Empregado (CLT),Engenheiro de Dados,Júnior,de R$ 3.001/mês a R$ 4.000/mês,de 1 a 2 anos,Não tive experiência na área de TI/Engenharia de Software antes de começar a trabalhar na área de dados,True,3500,-27.0,-51.0
22-24,Masculino,Branca,Sudeste,Graduação/Bacharelado,Empregado (CLT),Analista de Dados,Júnior,de R$ 4.001/mês a R$ 6.000/mês,de 1 a 2 anos,de 1 a 2 anos,True,5000,-20.0,-44.0
22-24,Masculino,Amarela,Sul,Graduação/Bacharelado,Empregado (CLT),Analista de BI,Júnior,de R$ 3.001/mês a R$ 4.000/mês,de 1 a 2 anos,Não tive experiência na área de TI/Engenharia de Software antes de começar a trabalhar na área de dados,True,3500,-27.0,-51.0
22-24,Feminino,Branca,Sudeste,Graduação/Bacharelado,Empregado (CLT),Analista de Negócios,Sênior,de R$ 8.001/mês a R$ 12.000/mês,de 1 a 2 anos,Não tive experiência na área de TI/Engenharia de Software antes de começar a trabalhar na área de dados,True,10000,-20.0,-44.0
22-24,Masculino,Parda,Centro-oeste,Pós-graduação,Empregado (CLT),Analista de BI,Júnior,de R$ 6.001/mês a R$ 8.000/mês,de 1 a 2 anos,de 3 a 4 anos,True,7000,-15.0,-52.0
22-24,Masculino,Branca,Sudeste,Pós-graduação,Empregado (CLT),Analista de Negócios,Pleno,de R$ 12.001/mês a R$ 16.000/mês,de 3 a 4 anos,Não tive experiência na área de TI/Engenharia de Software antes de começar a trabalhar na área de dados,True,14000,-20.0,-44.0
22-24,Masculino,Branca,Sul,Graduação/Bacharelado,Empregado (CLT),Engenheiro de Dados,Pleno,de R$ 4.001/mês a R$ 6.000/mês,de 3 a 4 anos,de 5 a 6 anos,True,5000,-27.0,-51.0
22-24,Feminino,Branca,Sul,Pós-graduação,Empregado (CLT),Analista de Dados,Júnior,de R$ 3.001/mês a R$ 4.000/mês,de 1 a 2 anos,Não tive experiência na área de TI/Engenharia de Software antes de começar a trabalhar na área de dados,True,3500,-27.0,-51.0
22-24,Masculino,Branca,Sul,Pós-graduação,Empregado (CLT),Desenvolvedor,Pleno,de R$ 6.001/mês a R$ 8.000/mês,de 1 a 2 anos,de 1 a 2 anos,True,7000,-27.0,-51.0
22-24,Feminino,Branca,Sul,Pós-graduação,Empregado (CLT),Analista de BI,Pleno,de R$ 3.001/mês a R$ 4.000/mês,de 5 a 6 anos,Não tive experiência na área de TI/Engenharia de Software antes de começar a trabalhar na área de dados,False,3500,-27.0,-51.0
22-24,Masculino,Parda,Centro-oeste,Pós-graduação,Empregado (CLT),Analytics Engineer,Pleno,de R$ 6.001/mês a R$ 8.000/mês,de 3 a 4 anos,de 1 a 2 anos,True,7000,-15.0,-52.0
22-24,Feminino,Parda,Centro-oeste,Graduação/Bacharelado,Empregado (CLT),Analista de BI,Pleno,de R$ 2.001/mês a R$ 3.000/mês,de 1 a 2 anos,Não tive experiência na área de TI/Engenharia de Software antes de começar a trabalhar na área de dados,True,2500,-15.0,-52.0
22-24,Masculino,Branca,Sudeste,Graduação/Bacharelado,Empregado (CLT),Analista de BI,Pleno,de R$ 6.001/mês a R$ 8.000/mês,de 3 a 4 anos,de 1 a 2 anos,True,7000,-20.0,-44.0
22-24,Masculino,Parda,Nordeste,Estudante de Graduação,Estagiário,Estatístico,Júnior,de R$ 1.001/mês a R$ 2.000/mês,de 1 a 2 anos,de 1 a 2 anos,True,1500,-8.0,-38.0
22-24,Feminino,Branca,Sudeste,Graduação/Bacharelado,Empregado (CLT),Analytics Engineer,Pleno,de R$ 4.001/mês a R$ 6.000/mês,de 3 a 4 anos,de 1 a 2 anos,True,5000,-20.0,-44.0
22-24,Feminino,Branca,Sul,Graduação/Bacharelado,Estagiário,Engenheiro de Dados,Júnior,de R$ 2.001/mês a R$ 3.000/mês,de 1 a 2 anos,de 1 a 2 anos,True,2500,-27.0,-51.0
22-24,Masculino,Amarela,Sudeste,Estudante de Graduação,Empregado (CLT),Analista de Dados,Pleno,de R$ 6.001/mês a R$ 8.000/mês,de 3 a 4 anos,Não tive experiência na área de TI/Engenharia de Software antes de começar a trabalhar na área de dados,True,7000,-20.0,-44.0
22-24,Masculino,Branca,Sudeste,Não tenho graduação formal,Empregado (CLT),Analista de Dados,Júnior,de R$ 4.001/mês a R$ 6.000/mês,Menos de 1 ano,Não tive experiência na área de TI/Engenharia de Software antes de começar a trabalhar na área de dados,True,5000,-20.0,-44.0
22-24,Masculino,Branca,Sudeste,Graduação/Bacharelado,Empregado (CLT),Cientista de Dados,Pleno,de R$ 8.001/mês a R$ 12.000/mês,de 3 a 4 anos,Menos de 1 ano,True,10000,-20.0,-44.0
22-24,Masculino,Branca,Sul,Estudante de Graduação,Empregado (CLT),Analista de Dados,Júnior,de R$ 2.001/mês a R$ 3.000/mês,de 1 a 2 anos,Menos de 1 ano,False,2500,-27.0,-51.0
22-24,Masculino,Parda,Sudeste,Graduação/Bacharelado,Servidor Público,Cientista de Dados,Pleno,de R$ 4.001/mês a R$ 6.000/mês,de 1 a 2 anos,de 1 a 2 anos,False,5000,-20.0,-44.0
22-24,Masculino,Branca,Sudeste,Pós-graduação,Empregado (CLT),Analista de Dados,Júnior,de R$ 4.001/mês a R$ 6.000/mês,de 1 a 2 anos,Não tive experiência na área de TI/Engenharia de Software antes de começar a trabalhar na área de dados,False,5000,-20.0,-44.0
22-24,Masculino,Branca,Sul,Pós-graduação,Empregado (CLT),Analista de Negócios,Sênior,de R$ 8.001/mês a R$ 12.000/mês,de 3 a 4 anos,Não tive experiência na área de TI/Engenharia de Software antes de começar a trabalhar na área de dados,True,10000,-27.0,-51.0
22-24,Masculino,Branca,Sudeste,Graduação/Bacharelado,Empregado (CLT),Analista de Dados,Sênior,de R$ 12.001/mês a R$ 16.000/mês,de 3 a 4 anos,Não tive experiência na área de TI/Engenharia de Software antes de começar a trabalhar na área de dados,True,14000,-20.0,-44.0
22-24,Feminino,Branca,Sudeste,Estudante de Graduação,Estagiário,Cientista de Dados,Júnior,de R$ 1.001/mês a R$ 2.000/mês,Menos de 1 ano,Não tive experiência na área de TI/Engenharia de Software antes de começar a trabalhar na área de dados,False,1500,-20.0,-44.0
22-24,Feminino,Branca,Sudeste,Graduação/Bacharelado,Empregado (CLT),Analista de Dados,Pleno,de R$ 6.001/mês a R$ 8.000/mês,de 1 a 2 anos,Não tive experiência na área de TI/Engenharia de Software antes de começar a trabalhar na área de dados,True,7000,-20.0,-44.0
22-24,Feminino,Parda,Sudeste,Graduação/Bacharelado,Empregado (CLT),Analista de Negócios,Júnior,de R$ 4.001/mês a R$ 6.000/mês,Menos de 1 ano,Não tive experiência na área de TI/Engenharia de Software antes de começar a trabalhar na área de dados,True,5000,-20.0,-44.0
22-24,Masculino,Preta,Sudeste,Pós-graduação,Empregado (CLT),Analista de Dados,Pleno,de R$ 8.001/mês a R$ 12.000/mês,de 1 a 2 anos,Não tive experiência na área de TI/Engenharia de Software antes de começar a trabalhar na área de dados,True,10000,-20.0,-44.0
22-24,Masculino,Branca,Nordeste,Graduação/Bacharelado,Empregado (CLT),Analista de Dados,Pleno,de R$ 8.001/mês a R$ 12.000/mês,de 1 a 2 anos,Não tive experiência na área de TI/Engenharia de Software antes de começar a trabalhar na área de dados,True,10000,-8.0,-38.0
22-24,Masculino,Branca,Sudeste,Graduação/Bacharelado,Empregado (CLT),Cientista de Dados,Sênior,de R$ 8.001/mês a R$ 12.000/mês,de 3 a 4 anos,de 1 a 2 anos,True,10000,-20.0,-44.0
22-24,Feminino,Branca,Sudeste,Graduação/Bacharelado,Empregado (CLT),Analista de BI,Júnior,de R$ 4.001/mês a R$ 6.000/mês,de 1 a 2 anos,Não tive experiência na área de TI/Engenharia de Software antes de começar a trabalhar na área de dados,True,5000,-20.0,-44.0
22-24,Feminino,Parda,Sudeste,Graduação/Bacharelado,Empregado (CLT),Analista de BI,Júnior,de R$ 4.001/mês a R$ 6.000/mês,de 3 a 4 anos,Não tive experiência na área de TI/Engenharia de Software antes de começar a trabalhar na área de dados,True,5000,-20.0,-44.0
22-24,Masculino,Branca,Centro-oeste,Estudante de Graduação,Estagiário,Analista de Dados,Júnior,de R$ 1.001/mês a R$ 2.000/mês,de 3 a 4 anos,Não tive experiência na área de TI/Engenharia de Software antes de começar a trabalhar na área de dados,True,1500,-15.0,-52.0
22-24,Masculino,Branca,Sudeste,Estudante de Graduação,Empregado (CLT),Analista de Dados,Júnior,de R$ 4.001/mês a R$ 6.000/mês,Menos de 1 ano,Não tive experiência na área de TI/Engenharia de Software antes de começar a trabalhar na área de dados,True,5000,-20.0,-44.0
22-24,Masculino,Preta,Sudeste,Estudante de Graduação,Servidor Público,Engenheiro de Dados,Júnior,de R$ 2.001/mês a R$ 3.000/mês,de 1 a 2 anos,de 3 a 4 anos,True,2500,-20.0,-44.0
22-24,Feminino,Branca,Sudeste,Estudante de Graduação,Estagiário,Analista de Dados,Júnior,de R$ 2.001/mês a R$ 3.000/mês,de 1 a 2 anos,Não tive experiência na área de TI/Engenharia de Software antes de começar a trabalhar na área de dados,True,2500,-20.0,-44.0
22-24,Masculino,Branca,Sul,Pós-graduação,Empregado (CLT),Analista de BI,Sênior,de R$ 8.001/mês a R$ 12.000/mês,de 3 a 4 anos,Não tive experiência na área de TI/Engenharia de Software antes de começar a trabalhar na área de dados,False,10000,-27.0,-51.0
22-24,Masculino,Branca,Sudeste,Graduação/Bacharelado,Empregado (CLT),Cientista de Dados,Júnior,de R$ 6.001/mês a R$ 8.000/mês,de 1 a 2 anos,Não tive experiência na área de TI/Engenharia de Software antes de começar a trabalhar na área de dados,True,7000,-20.0,-44.0
22-24,Feminino,Branca,Sudeste,Graduação/Bacharelado,Empregado (CLT),Analista de Dados,Júnior,de R$ 4.001/mês a R$ 6.000/mês,de 3 a 4 anos,Não tive experiência na área de TI/Engenharia de Software antes de começar a trabalhar na área de dados,True,5000,-20.0,-44.0
22-24,Masculino,Parda,Sudeste,Estudante de Graduação,Estagiário,Engenheiro de Dados,Júnior,de R$ 2.001/mês a R$ 3.000/mês,Menos de 1 ano,Menos de 1 ano,True,2500,-20.0,-44.0
22-24,Feminino,Branca,Sul,Graduação/Bacharelado,Empregado (CLT),Engenheiro de Dados,Pleno,de R$ 6.001/mês a R$ 8.000/mês,de 3 a 4 anos,Menos de 1 ano,True,7000,-27.0,-51.0
22-24,Masculino,Preta,Sudeste,Graduação/Bacharelado,Empregado (CLT),Cientista de Dados,Júnior,de R$ 8.001/mês a R$ 12.000/mês,de 3 a 4 anos,Não tive experiência na área de TI/Engenharia de Software antes de começar a trabalhar na área de dados,True,10000,-20.0,-44.0
22-24,Masculino,Parda,Centro-oeste,Graduação/Bacharelado,Empregado (CLT),Analista de Dados,Júnior,de R$ 2.001/mês a R$ 3.000/mês,Menos de 1 ano,de 3 a 4 anos,False,2500,-15.0,-52.0
22-24,Masculino,Branca,Sul,Estudante de Graduação,Estagiário,Analista de Dados,Pleno,de R$ 2.001/mês a R$ 3.000/mês,de 1 a 2 anos,Não tive experiência na área de TI/Engenharia de Software antes de começar a trabalhar na área de dados,True,2500,-27.0,-51.0
22-24,Masculino,Branca,Sudeste,Graduação/Bacharelado,Empreendedor ou Empregado (CNPJ),Analista de Dados,Pleno,de R$ 6.001/mês a R$ 8.000/mês,de 1 a 2 anos,Não tive experiência na área de TI/Engenharia de Software antes de começar a trabalhar na área de dados,False,7000,-20.0,-44.0
22-24,Masculino,Preta,Sudeste,Graduação/Bacharelado,Empregado (CLT),Cientista de Dados,Júnior,de R$ 8.001/mês a R$ 12.000/mês,de 3 a 4 anos,Não tive experiência na área de TI/Engenharia de Software antes de começar a trabalhar na área de dados,True,10000,-20.0,-44.0
22-24,Feminino,Parda,Sudeste,Pós-graduação,Empreendedor ou Empregado (CNPJ),Cientista de Dados,Pleno,de R$ 8.001/mês a R$ 12.000/mês,de 3 a 4 anos,Não tive experiência na área de TI/Engenharia de Software antes de começar a trabalhar na área de dados,False,10000,-20.0,-44.0
22-24,Masculino,Branca,Nordeste,Pós-graduação,Empregado (CLT),Analista de BI,Júnior,de R$ 3.001/mês a R$ 4.000/mês,de 1 a 2 anos,Menos de 1 ano,True,3500,-8.0,-38.0
22-24,Feminino,Parda,Norte,Graduação/Bacharelado,Empregado (CLT),Engenheiro de Dados,Sênior,de R$ 6.001/mês a R$ 8.000/mês,de 3 a 4 anos,de 3 a 4 anos,True,7000,-5.0,-60.0
22-24,Masculino,Branca,Sudeste,Graduação/Bacharelado,Empregado (CLT),Desenvolvedor,Pleno,de R$ 8.001/mês a R$ 12.000/mês,Não tenho experiência na área de dados,de 5 a 6 anos,True,10000,-20.0,-44.0
22-24,Masculino,Branca,Nordeste,Pós-graduação,Empregado (CLT),Analista de Negócios,Pleno,de R$ 4.001/mês a R$ 6.000/mês,de 1 a 2 anos,de 1 a 2 anos,False,5000,-8.0,-38.0
22-24,Masculino,Preta,Sudeste,Pós-graduação,Empregado (CLT),Analytics Engineer,Pleno,de R$ 4.001/mês a R$ 6.000/mês,de 1 a 2 anos,Não tive experiência na área de TI/Engenharia de Software antes de começar a trabalhar na área de dados,True,5000,-20.0,-44.0
22-24,Masculino,Branca,Sudeste,Estudante de Graduação,Estagiário,Analista de BI,Júnior,de R$ 1.001/mês a R$ 2.000/mês,Não tenho experiência na área de dados,Menos de 1 ano,True,1500,-20.0,-44.0
22-24,Feminino,Amarela,Sudeste,Graduação/Bacharelado,Empregado (CLT),Analista de Dados,Sênior,de R$ 8.001/mês a R$ 12.000/mês,de 5 a 6 anos,Não tive experiência na área de TI/Engenharia de Software antes de começar a trabalhar na área de dados,True,10000,-20.0,-44.0
22-24,Masculino,Parda,Sudeste,Graduação/Bacharelado,Empregado (CLT),Engenheiro de Dados,Pleno,de R$ 6.001/mês a R$ 8.000/mês,de 3 a 4 anos,Não tive experiência na área de TI/Engenharia de Software antes de começar a trabalhar na área de dados,False,7000,-20.0,-44.0
22-24,Feminino,Branca,Sudeste,Pós-graduação,Empregado (CLT),Analista de Dados,Júnior,de R$ 4.001/mês a R$ 6.000/mês,de 1 a 2 anos,Não tive experiência na área de TI/Engenharia de Software antes de começar a trabalhar na área de dados,True,5000,-20.0,-44.0
22-24,Masculino,Parda,Sudeste,Graduação/Bacharelado,Empregado (CLT),Analista de Dados,Júnior,de R$ 3.001/mês a R$ 4.000/mês,de 1 a 2 anos,Não tive experiência na área de TI/Engenharia de Software antes de começar a trabalhar na área de dados,False,3500,-20.0,-44.0
22-24,Masculino,Branca,Sudeste,Graduação/Bacharelado,Empregado (CLT),Analista de Dados,Pleno,de R$ 6.001/mês a R$ 8.000/mês,de 1 a 2 anos,Não tive experiência na área de TI/Engenharia de Software antes de começar a trabalhar na área de dados,False,7000,-20.0,-44.0
22-24,Masculino,Parda,Sul,Mestrado,Empreendedor ou Empregado (CNPJ),Analista de Dados,Sênior,de R$ 12.001/mês a R$ 16.000/mês,de 5 a 6 anos,de 3 a 4 anos,True,14000,-27.0,-51.0
22-24,Masculino,Branca,Sudeste,Estudante de Graduação,Empregado (CLT),Engenheiro de Dados,Pleno,de R$ 6.001/mês a R$ 8.000/mês,de 1 a 2 anos,Menos de 1 ano,False,7000,-20.0,-44.0
22-24,Masculino,Parda,Centro-oeste,Graduação/Bacharelado,Empregado (CLT),Eng. Machine Learning,Pleno,de R$ 6.001/mês a R$ 8.000/mês,de 1 a 2 anos,Não tive experiência na área de TI/Engenharia de Software antes de começar a trabalhar na área de dados,True,7000,-15.0,-52.0
22-24,Masculino,Branca,Sudeste,Graduação/Bacharelado,Empregado (CLT),Analytics Engineer,Sênior,de R$ 8.001/mês a R$ 12.000/mês,de 1 a 2 anos,Não tive experiência na área de TI/Engenharia de Software antes de começar a trabalhar na área de dados,False,10000,-20.0,-44.0
22-24,Masculino,Branca,Sul,Graduação/Bacharelado,Empregado (CLT),Analytics Engineer,Pleno,de R$ 4.001/mês a R$ 6.000/mês,de 1 a 2 anos,de 3 a 4 anos,False,5000,-27.0,-51.0
22-24,Masculino,Branca,Sul,Estudante de Graduação,Empregado (CLT),Analista de Dados,Júnior,de R$ 4.001/mês a R$ 6.000/mês,de 1 a 2 anos,Não tive experiência na área de TI/Engenharia de Software antes de começar a trabalhar na área de dados,True,5000,-27.0,-51.0
22-24,Feminino,Branca,Sudeste,Graduação/Bacharelado,Empregado (CLT),Cientista de Dados,Pleno,de R$ 6.001/mês a R$ 8.000/mês,de 3 a 4 anos,Não tive experiência na área de TI/Engenharia de Software antes de começar a trabalhar na área de dados,True,7000,-20.0,-44.0
22-24,Masculino,Branca,Sul,Graduação/Bacharelado,Empregado (CLT),Cientista de Dados,Sênior,de R$ 20.001/mês a R$ 25.000/mês,de 3 a 4 anos,Não tive experiência na área de TI/Engenharia de Software antes de começar a trabalhar na área de dados,True,22500,-27.0,-51.0
22-24,Feminino,Branca,Sudeste,Estudante de Graduação,Estagiário,Analista de BI,Júnior,de R$ 1.001/mês a R$ 2.000/mês,de 1 a 2 anos,Não tive experiência na área de TI/Engenharia de Software antes de começar a trabalhar na área de dados,False,1500,-20.0,-44.0
22-24,Masculino,Branca,Sudeste,Mestrado,Empreendedor ou Empregado (CNPJ),Cientista de Dados,Júnior,de R$ 3.001/mês a R$ 4.000/mês,de 1 a 2 anos,Menos de 1 ano,False,3500,-20.0,-44.0
22-24,Masculino,Branca,Sul,Mestrado,Empregado (CLT),Engenheiro de Dados,Pleno,de R$ 8.001/mês a R$ 12.000/mês,de 1 a 2 anos,Não tive experiência na área de TI/Engenharia de Software antes de começar a trabalhar na área de dados,True,10000,-27.0,-51.0
22-24,Masculino,Branca,Sudeste,Graduação/Bacharelado,Empregado (CLT),Analista de Dados,Júnior,de R$ 3.001/mês a R$ 4.000/mês,de 1 a 2 anos,de 3 a 4 anos,True,3500,-20.0,-44.0
22-24,Masculino,Amarela,Sul,Graduação/Bacharelado,Empregado (CLT),Analista de Dados,Pleno,de R$ 3.001/mês a R$ 4.000/mês,de 1 a 2 anos,Menos de 1 ano,True,3500,-27.0,-51.0
22-24,Masculino,Branca,Sudeste,Graduação/Bacharelado,Empregado (CLT),Engenheiro de Dados,Júnior,de R$ 3.001/mês a R$ 4.000/mês,de 3 a 4 anos,Não tive experiência na área de TI/Engenharia de Software antes de começar a trabalhar na área de dados,False,3500,-20.0,-44.0
22-24,Masculino,Parda,Sudeste,Estudante de Graduação,Empregado (CLT),Analista de Negócios,Pleno,de R$ 8.001/mês a R$ 12.000/mês,de 1 a 2 anos,Não tive experiência na área de TI/Engenharia de Software antes de começar a trabalhar na área de dados,True,10000,-20.0,-44.0
22-24,Feminino,Branca,Sudeste,Pós-graduação,Empregado (CLT),Analista de Dados,Júnior,de R$ 4.001/mês a R$ 6.000/mês,de 1 a 2 anos,Não tive experiência na área de TI/Engenharia de Software antes de começar a trabalhar na área de dados,True,5000,-20.0,-44.0
22-24,Masculino,Branca,Sul,Estudante de Graduação,Empregado (CLT),Engenheiro de Dados,Pleno,de R$ 3.001/mês a R$ 4.000/mês,de 3 a 4 anos,de 1 a 2 anos,False,3500,-27.0,-51.0
22-24,Feminino,Preta,Nordeste,Graduação/Bacharelado,Empregado (CLT),Desenvolvedor,Pleno,de R$ 6.001/mês a R$ 8.000/mês,de 3 a 4 anos,Não tive experiência na área de TI/Engenharia de Software antes de começar a trabalhar na área de dados,True,7000,-8.0,-38.0
22-24,Masculino,Parda,Centro-oeste,Pós-graduação,Empregado (CLT),Analytics Engineer,Pleno,de R$ 6.001/mês a R$ 8.000/mês,de 3 a 4 anos,de 1 a 2 anos,True,7000,-15.0,-52.0
22-24,Masculino,Branca,Sudeste,Graduação/Bacharelado,Estagiário,Outro,Júnior,de R$ 1.001/mês a R$ 2.000/mês,Não tenho experiência na área de dados,Não tive experiência na área de TI/Engenharia de Software antes de começar a trabalhar na área de dados,True,1500,-20.0,-44.0
22-24,Feminino,Branca,Sudeste,Graduação/Bacharelado,Empregado (CLT),Analista de Dados,Pleno,de R$ 4.001/mês a R$ 6.000/mês,de 1 a 2 anos,Não tive experiência na área de TI/Engenharia de Software antes de começar a trabalhar na área de dados,True,5000,-20.0,-44.0
22-24,Masculino,Branca,Nordeste,Graduação/Bacharelado,Empregado (CLT),Analista de BI,Pleno,de R$ 6.001/mês a R$ 8.000/mês,de 3 a 4 anos,Não tive experiência na área de TI/Engenharia de Software antes de começar a trabalhar na área de dados,True,7000,-8.0,-38.0
22-24,Masculino,Branca,Sul,Graduação/Bacharelado,Empregado (CLT),Engenheiro de Dados,Júnior,de R$ 2.001/mês a R$ 3.000/mês,Menos de 1 ano,Não tive experiência na área de TI/Engenharia de Software antes de começar a trabalhar na área de dados,True,2500,-27.0,-51.0
22-24,Masculino,Branca,Sul,Estudante de Graduação,Empreendedor ou Empregado (CNPJ),Engenheiro de Dados,Júnior,de R$ 4.001/mês a R$ 6.000/mês,de 1 a 2 anos,de 3 a 4 anos,False,5000,-27.0,-51.0
22-24,Masculino,Branca,Sudeste,Graduação/Bacharelado,Empregado (CLT),Analista de Dados,Pleno,de R$ 6.001/mês a R$ 8.000/mês,de 3 a 4 anos,Não tive experiência na área de TI/Engenharia de Software antes de começar a trabalhar na área de dados,True,7000,-20.0,-44.0
22-24,Masculino,Branca,Sudeste,Graduação/Bacharelado,Empregado (CLT),Analista de Dados,Pleno,de R$ 4.001/mês a R$ 6.000/mês,de 1 a 2 anos,Não tive experiência na área de TI/Engenharia de Software antes de começar a trabalhar na área de dados,True,5000,-20.0,-44.0
22-24,Feminino,Parda,Sul,Pós-graduação,Empregado (CLT),Analista de Suporte,Pleno,de R$ 4.001/mês a R$ 6.000/mês,de 5 a 6 anos,Não tive experiência na área de TI/Engenharia de Software antes de começar a trabalhar na área de dados,True,5000,-27.0,-51.0
22-24,Feminino,Parda,Sul,Pós-graduação,Empregado (CLT),Analista de Suporte,Pleno,de R$ 4.001/mês a R$ 6.000/mês,de 5 a 6 anos,Não tive experiência na área de TI/Engenharia de Software antes de começar a trabalhar na área de dados,True,5000,-27.0,-51.0
22-24,Masculino,Branca,Sul,Graduação/Bacharelado,Empregado (CLT),Analista de BI,Júnior,de R$ 3.001/mês a R$ 4.000/mês,de 3 a 4 anos,Não tive experiência na área de TI/Engenharia de Software antes de começar a trabalhar na área de dados,True,3500,-27.0,-51.0
22-24,Masculino,Branca,Nordeste,Graduação/Bacharelado,Empregado (CLT),Analista de Dados,Júnior,de R$ 4.001/mês a R$ 6.000/mês,de 1 a 2 anos,de 1 a 2 anos,True,5000,-8.0,-38.0
22-24,Masculino,Branca,Sul,Graduação/Bacharelado,Empregado (CLT),Analista de BI,Pleno,de R$ 4.001/mês a R$ 6.000/mês,de 3 a 4 anos,de 1 a 2 anos,True,5000,-27.0,-51.0
22-24,Masculino,Branca,Sudeste,Estudante de Graduação,Empregado (CLT),Analytics Engineer,Pleno,de R$ 12.001/mês a R$ 16.000/mês,de 3 a 4 anos,de 3 a 4 anos,True,14000,-20.0,-44.0
22-24,Masculino,Branca,Sul,Estudante de Graduação,Estagiário,Outro,Júnior,de R$ 1.001/mês a R$ 2.000/mês,Não tenho experiência na área de dados,Não tive experiência na área de TI/Engenharia de Software antes de começar a trabalhar na área de dados,False,1500,-27.0,-51.0
22-24,Feminino,Branca,Centro-oeste,Graduação/Bacharelado,Empregado (CLT),Engenheiro de Dados,Júnior,de R$ 4.001/mês a R$ 6.000/mês,de 3 a 4 anos,Não tive experiência na área de TI/Engenharia de Software antes de começar a trabalhar na área de dados,True,5000,-15.0,-52.0
22-24,Masculino,Preta,Nordeste,Estudante de Graduação,Empregado (CLT),Outro,Júnior,de R$ 1.001/mês a R$ 2.000/mês,Menos de 1 ano,Não tive experiência na área de TI/Engenharia de Software antes de começar a trabalhar na área de dados,False,1500,-8.0,-38.0
22-24,Masculino,Branca,Sudeste,Mestrado,Empregado (CLT),Analista de Dados,Pleno,de R$ 6.001/mês a R$ 8.000/mês,de 3 a 4 anos,Não tive experiência na área de TI/Engenharia de Software antes de começar a trabalhar na área de dados,True,7000,-20.0,-44.0
22-24,Masculino,Branca,Sudeste,Pós-graduação,Empregado (CLT),Analista de Dados,Júnior,de R$ 3.001/mês a R$ 4.000/mês,Menos de 1 ano,de 3 a 4 anos,True,3500,-20.0,-44.0
22-24,Masculino,Branca,Sul,Pós-graduação,Empregado (CLT),Cientista de Dados,Sênior,de R$ 8.001/mês a R$ 12.000/mês,de 3 a 4 anos,Menos de 1 ano,True,10000,-27.0,-51.0
22-24,Masculino,Branca,Sudeste,Graduação/Bacharelado,Empregado (CLT),Analista de Dados,Júnior,de R$ 2.001/mês a R$ 3.000/mês,de 1 a 2 anos,Não tive experiência na área de TI/Engenharia de Software antes de começar a trabalhar na área de dados,True,2500,-20.0,-44.0
22-24,Masculino,Preta,Sudeste,Estudante de Graduação,Empreendedor ou Empregado (CNPJ),Engenheiro de Dados,Pleno,de R$ 8.001/mês a R$ 12.000/mês,de 1 a 2 anos,de 3 a 4 anos,False,10000,-20.0,-44.0
22-24,Masculino,Branca,Sul,Estudante de Graduação,Empregado (CLT),Analista de Dados,Pleno,de R$ 6.001/mês a R$ 8.000/mês,de 3 a 4 anos,Não tive experiência na área de TI/Engenharia de Software antes de começar a trabalhar na área de dados,True,7000,-27.0,-51.0
22-24,Masculino,Branca,Sul,Graduação/Bacharelado,Empregado (CLT),Analista de Dados,Pleno,de R$ 6.001/mês a R$ 8.000/mês,de 5 a 6 anos,de 7 a 10 anos,True,7000,-27.0,-51.0
22-24,Masculino,Branca,Sudeste,Estudante de Graduação,Empregado (CLT),Arquiteto de Dados,Júnior,de R$ 4.001/mês a R$ 6.000/mês,de 1 a 2 anos,de 3 a 4 anos,False,5000,-20.0,-44.0
22-24,Masculino,Branca,Sudeste,Graduação/Bacharelado,Empreendedor ou Empregado (CNPJ),Outro,Pleno,de R$ 3.001/mês a R$ 4.000/mês,Não tenho experiência na área de dados,Não tive experiência na área de TI/Engenharia de Software antes de começar a trabalhar na área de dados,False,3500,-20.0,-44.0
22-24,Masculino,Parda,Sudeste,Pós-graduação,Empregado (CLT),Cientista de Dados,Pleno,de R$ 8.001/mês a R$ 12.000/mês,de 3 a 4 anos,Não tive experiência na área de TI/Engenharia de Software antes de começar a trabalhar na área de dados,True,10000,-20.0,-44.0
22-24,Masculino,Branca,Sudeste,Graduação/Bacharelado,Empreendedor ou Empregado (CNPJ),Engenheiro de Dados,Pleno,de R$ 3.001/mês a R$ 4.000/mês,de 1 a 2 anos,Menos de 1 ano,False,3500,-20.0,-44.0
22-24,Masculino,Branca,Sudeste,Graduação/Bacharelado,Empregado (CLT),Cientista de Dados,Júnior,de R$ 6.001/mês a R$ 8.000/mês,de 3 a 4 anos,Não tive experiência na área de TI/Engenharia de Software antes de começar a trabalhar na área de dados,True,7000,-20.0,-44.0
22-24,Masculino,Branca,Sul,Graduação/Bacharelado,Empreendedor ou Empregado (CNPJ),Eng. Machine Learning,Júnior,de R$ 4.001/mês a R$ 6.000/mês,de 1 a 2 anos,Menos de 1 ano,True,5000,-27.0,-51.0
22-24,Feminino,Branca,Sudeste,Estudante de Graduação,Empregado (CLT),Analista de Negócios,Pleno,de R$ 4.001/mês a R$ 6.000/mês,de 1 a 2 anos,de 3 a 4 anos,False,5000,-20.0,-44.0
22-24,Masculino,Branca,Sul,Pós-graduação,Empregado (CLT),Analista de BI,Pleno,de R$ 6.001/mês a R$ 8.000/mês,de 3 a 4 anos,Menos de 1 ano,True,7000,-27.0,-51.0
22-24,Feminino,Parda,Sudeste,Estudante de Graduação,Empregado (CLT),Engenheiro de Dados,Júnior,de R$ 4.001/mês a R$ 6.000/mês,de 3 a 4 anos,de 3 a 4 anos,True,5000,-20.0,-44.0
22-24,Masculino,Amarela,Sul,Graduação/Bacharelado,Empregado (CLT),Cientista de Dados,Sênior,de R$ 6.001/mês a R$ 8.000/mês,de 1 a 2 anos,Menos de 1 ano,False,7000,-27.0,-51.0
22-24,Masculino,Branca,Sudeste,Graduação/Bacharelado,Empregado (CLT),Cientista de Dados,Júnior,de R$ 6.001/mês a R$ 8.000/mês,de 1 a 2 anos,de 1 a 2 anos,True,7000,-20.0,-44.0
22-24,Masculino,Branca,Sudeste,Graduação/Bacharelado,Empregado (CLT),Cientista de Dados,Júnior,de R$ 4.001/mês a R$ 6.000/mês,de 1 a 2 anos,Não tive experiência na área de TI/Engenharia de Software antes de começar a trabalhar na área de dados,True,5000,-20.0,-44.0
22-24,Masculino,Preta,Sudeste,Estudante de Graduação,Estagiário,Cientista de Dados,Júnior,de R$ 4.001/mês a R$ 6.000/mês,de 1 a 2 anos,Não tive experiência na área de TI/Engenharia de Software antes de começar a trabalhar na área de dados,False,5000,-20.0,-44.0
22-24,Masculino,Amarela,Sul,Estudante de Graduação,Empregado (CLT),Analista de Dados,Pleno,de R$ 6.001/mês a R$ 8.000/mês,de 3 a 4 anos,Não tive experiência na área de TI/Engenharia de Software antes de começar a trabalhar na área de dados,True,7000,-27.0,-51.0
22-24,Masculino,Parda,Sudeste,Graduação/Bacharelado,Empregado (CLT),Cientista de Dados,Júnior,de R$ 4.001/mês a R$ 6.000/mês,de 3 a 4 anos,Não tive experiência na área de TI/Engenharia de Software antes de começar a trabalhar na área de dados,True,5000,-20.0,-44.0
22-24,Masculino,Branca,Sudeste,Estudante de Graduação,Empregado (CLT),Analista de BI,Júnior,de R$ 3.001/mês a R$ 4.000/mês,de 1 a 2 anos,Não tive experiência na área de TI/Engenharia de Software antes de começar a trabalhar na área de dados,True,3500,-20.0,-44.0
22-24,Masculino,Branca,Sudeste,Graduação/Bacharelado,Empregado (CLT),Analytics Engineer,Pleno,de R$ 8.001/mês a R$ 12.000/mês,de 3 a 4 anos,Não tive experiência na área de TI/Engenharia de Software antes de começar a trabalhar na área de dados,False,10000,-20.0,-44.0
22-24,Feminino,Branca,Sudeste,Pós-graduação,Empregado (CLT),Analista de Dados,Pleno,de R$ 6.001/mês a R$ 8.000/mês,de 3 a 4 anos,Não tive experiência na área de TI/Engenharia de Software antes de começar a trabalhar na área de dados,True,7000,-20.0,-44.0
22-24,Masculino,Branca,Nordeste,Graduação/Bacharelado,Empregado (CLT),Analista de Dados,Júnior,de R$ 3.001/mês a R$ 4.000/mês,Menos de 1 ano,Não tive experiência na área de TI/Engenharia de Software antes de começar a trabalhar na área de dados,True,3500,-8.0,-38.0
22-24,Feminino,Branca,Sudeste,Estudante de Graduação,Estagiário,Analista de BI,Júnior,de R$ 2.001/mês a R$ 3.000/mês,Menos de 1 ano,Não tive experiência na área de TI/Engenharia de Software antes de começar a trabalhar na área de dados,True,2500,-20.0,-44.0
22-24,Masculino,Branca,Sudeste,Graduação/Bacharelado,Empregado (CLT),Outro,Júnior,de R$ 3.001/mês a R$ 4.000/mês,Menos de 1 ano,Não tive experiência na área de TI/Engenharia de Software antes de começar a trabalhar na área de dados,False,3500,-20.0,-44.0
22-24,Masculino,Branca,Sudeste,Graduação/Bacharelado,Empreendedor ou Empregado (CNPJ),Engenheiro de Dados,Júnior,de R$ 4.001/mês a R$ 6.000/mês,de 1 a 2 anos,de 1 a 2 anos,True,5000,-20.0,-44.0
22-24,Masculino,Branca,Sudeste,Graduação/Bacharelado,Empregado (CLT),Analista de BI,Pleno,de R$ 4.001/mês a R$ 6.000/mês,de 1 a 2 anos,Não tive experiência na área de TI/Engenharia de Software antes de começar a trabalhar na área de dados,True,5000,-20.0,-44.0
22-24,Masculino,Branca,Sudeste,Graduação/Bacharelado,Empregado (CLT),Cientista de Dados,Júnior,de R$ 4.001/mês a R$ 6.000/mês,de 1 a 2 anos,Não tive experiência na área de TI/Engenharia de Software antes de começar a trabalhar na área de dados,True,5000,-20.0,-44.0
22-24,Masculino,Branca,Nordeste,Mestrado,Empregado (CLT),Engenheiro de Dados,Sênior,de R$ 12.001/mês a R$ 16.000/mês,de 5 a 6 anos,de 7 a 10 anos,False,14000,-8.0,-38.0
22-24,Masculino,Parda,Nordeste,Mestrado,Empregado (CLT),Cientista de Dados,Pleno,de R$ 12.001/mês a R$ 16.000/mês,de 3 a 4 anos,de 1 a 2 anos,True,14000,-8.0,-38.0
22-24,Masculino,Branca,Sul,Estudante de Graduação,Empregado (CLT),Analista de Dados,Júnior,de R$ 4.001/mês a R$ 6.000/mês,de 1 a 2 anos,Não tive experiência na área de TI/Engenharia de Software antes de começar a trabalhar na área de dados,True,5000,-27.0,-51.0
22-24,Masculino,Preta,Sul,Graduação/Bacharelado,Empregado (CLT),Analista de Dados,Pleno,de R$ 4.001/mês a R$ 6.000/mês,de 3 a 4 anos,Não tive experiência na área de TI/Engenharia de Software antes de começar a trabalhar na área de dados,True,5000,-27.0,-51.0
22-24,Masculino,Branca,Sudeste,Graduação/Bacharelado,Empregado (CLT),Analista de Dados,Pleno,de R$ 6.001/mês a R$ 8.000/mês,de 3 a 4 anos,de 1 a 2 anos,True,7000,-20.0,-44.0
22-24,Masculino,Branca,Nordeste,Graduação/Bacharelado,Empregado (CLT),Cientista de Dados,Pleno,de R$ 6.001/mês a R$ 8.000/mês,de 3 a 4 anos,de 1 a 2 anos,True,7000,-8.0,-38.0
22-24,Masculino,Parda,Nordeste,Estudante de Graduação,Empregado (CLT),Cientista de Dados,Pleno,de R$ 6.001/mês a R$ 8.000/mês,de 3 a 4 anos,de 1 a 2 anos,False,7000,-8.0,-38.0
22-24,Masculino,Parda,Sudeste,Graduação/Bacharelado,Prefiro não informar,Analista de Dados,Júnior,de R$ 1.001/mês a R$ 2.000/mês,de 1 a 2 anos,Não tive experiência na área de TI/Engenharia de Software antes de começar a trabalhar na área de dados,False,1500,-20.0,-44.0
25-29,Masculino,Parda,Sudeste,Graduação/Bacharelado,Empregado (CLT),Analista de BI,Pleno,de R$ 8.001/mês a R$ 12.000/mês,de 3 a 4 anos,Não tive experiência na área de TI/Engenharia de Software antes de começar a trabalhar na área de dados,True,10000,-20.0,-44.0
25-29,Masculino,Branca,Sudeste,Graduação/Bacharelado,Empregado (CLT),Engenheiro de Dados,Júnior,de R$ 8.001/mês a R$ 12.000/mês,de 3 a 4 anos,Não tive experiência na área de TI/Engenharia de Software antes de começar a trabalhar na área de dados,True,10000,-20.0,-44.0
25-29,Masculino,Branca,Sul,Estudante de Graduação,Empregado (CLT),Analista de BI,Júnior,de R$ 2.001/mês a R$ 3.000/mês,de 1 a 2 anos,de 3 a 4 anos,True,2500,-27.0,-51.0
25-29,Masculino,Branca,Sul,Pós-graduação,Empreendedor ou Empregado (CNPJ),Analista de BI,Pleno,de R$ 6.001/mês a R$ 8.000/mês,de 3 a 4 anos,Não tive experiência na área de TI/Engenharia de Software antes de começar a trabalhar na área de dados,False,7000,-27.0,-51.0
25-29,Feminino,Parda,Sudeste,Estudante de Graduação,Empregado (CLT),Analista de Dados,Pleno,de R$ 6.001/mês a R$ 8.000/mês,de 1 a 2 anos,Não tive experiência na área de TI/Engenharia de Software antes de começar a trabalhar na área de dados,False,7000,-20.0,-44.0
25-29,Feminino,Branca,Sul,Graduação/Bacharelado,Empregado (CLT),Analista de Dados,Pleno,de R$ 6.001/mês a R$ 8.000/mês,de 1 a 2 anos,Não tive experiência na área de TI/Engenharia de Software antes de começar a trabalhar na área de dados,True,7000,-27.0,-51.0
25-29,Masculino,Parda,Sudeste,Graduação/Bacharelado,Empregado (CLT),Engenheiro de Dados,Pleno,de R$ 4.001/mês a R$ 6.000/mês,de 1 a 2 anos,de 3 a 4 anos,False,5000,-20.0,-44.0
25-29,Masculino,Branca,Sul,Pós-graduação,Empregado (CLT),Analista de Dados,Pleno,de R$ 4.001/mês a R$ 6.000/mês,de 1 a 2 anos,Não tive experiência na área de TI/Engenharia de Software antes de começar a trabalhar na área de dados,True,5000,-27.0,-51.0
25-29,Masculino,Amarela,Sudeste,Graduação/Bacharelado,Empregado (CLT),Cientista de Dados,Sênior,de R$ 12.001/mês a R$ 16.000/mês,de 3 a 4 anos,Não tive experiência na área de TI/Engenharia de Software antes de começar a trabalhar na área de dados,True,14000,-20.0,-44.0
25-29,Masculino,Parda,Sudeste,Graduação/Bacharelado,Vivo no Brasil e trabalho remoto para empresa de fora do Brasil,Analista de Dados,Sênior,de R$ 8.001/mês a R$ 12.000/mês,de 3 a 4 anos,Não tive experiência na área de TI/Engenharia de Software antes de começar a trabalhar na área de dados,False,10000,-20.0,-44.0
25-29,Masculino,Branca,Nordeste,Estudante de Graduação,Empregado (CLT),Analista de BI,Pleno,de R$ 4.001/mês a R$ 6.000/mês,de 1 a 2 anos,Não tive experiência na área de TI/Engenharia de Software antes de começar a trabalhar na área de dados,False,5000,-8.0,-38.0
25-29,Masculino,Branca,Sul,Estudante de Graduação,Empreendedor ou Empregado (CNPJ),Analista de BI,Sênior,de R$ 6.001/mês a R$ 8.000/mês,de 1 a 2 anos,Não tive experiência na área de TI/Engenharia de Software antes de começar a trabalhar na área de dados,True,7000,-27.0,-51.0
25-29,Masculino,Parda,Sudeste,Graduação/Bacharelado,Empregado (CLT),Cientista de Dados,Júnior,de R$ 4.001/mês a R$ 6.000/mês,de 1 a 2 anos,Não tive experiência na área de TI/Engenharia de Software antes de começar a trabalhar na área de dados,True,5000,-20.0,-44.0
25-29,Feminino,Branca,Nordeste,Pós-graduação,Empregado (CLT),Analista de BI,Sênior,de R$ 4.001/mês a R$ 6.000/mês,de 3 a 4 anos,Não tive experiência na área de TI/Engenharia de Software antes de começar a trabalhar na área de dados,True,5000,-8.0,-38.0
25-29,Masculino,Branca,Nordeste,Graduação/Bacharelado,Empregado (CLT),Engenheiro de Dados,Pleno,de R$ 4.001/mês a R$ 6.000/mês,de 1 a 2 anos,Menos de 1 ano,True,5000,-8.0,-38.0
25-29,Masculino,Branca,Sudeste,Estudante de Graduação,Estagiário,Engenheiro de Dados,Júnior,de R$ 1.001/mês a R$ 2.000/mês,Menos de 1 ano,Não tive experiência na área de TI/Engenharia de Software antes de começar a trabalhar na área de dados,True,1500,-20.0,-44.0
25-29,Feminino,Parda,Sul,Pós-graduação,Empregado (CLT),Analista de Dados,Pleno,de R$ 6.001/mês a R$ 8.000/mês,de 3 a 4 anos,Não tive experiência na área de TI/Engenharia de Software antes de começar a trabalhar na área de dados,True,7000,-27.0,-51.0
25-29,Masculino,Amarela,Sudeste,Estudante de Graduação,Empregado (CLT),Cientista de Dados,Pleno,de R$ 8.001/mês a R$ 12.000/mês,de 1 a 2 anos,Não tive experiência na área de TI/Engenharia de Software antes de começar a trabalhar na área de dados,True,10000,-20.0,-44.0
25-29,Masculino,Branca,Sudeste,Graduação/Bacharelado,Empregado (CLT),Analista de Dados,Júnior,de R$ 6.001/mês a R$ 8.000/mês,de 1 a 2 anos,Não tive experiência na área de TI/Engenharia de Software antes de começar a trabalhar na área de dados,True,7000,-20.0,-44.0
25-29,Masculino,Branca,Sudeste,Graduação/Bacharelado,Empregado (CLT),Outro,Sênior,de R$ 8.001/mês a R$ 12.000/mês,de 3 a 4 anos,Não tive experiência na área de TI/Engenharia de Software antes de começar a trabalhar na área de dados,True,10000,-20.0,-44.0
25-29,Masculino,Parda,Centro-oeste,Graduação/Bacharelado,Empregado (CLT),Analista de Dados,Sênior,de R$ 12.001/mês a R$ 16.000/mês,de 3 a 4 anos,Não tive experiência na área de TI/Engenharia de Software antes de começar a trabalhar na área de dados,True,14000,-15.0,-52.0
25-29,Masculino,Branca,Sudeste,Graduação/Bacharelado,Empregado (CLT),Analista de BI,Pleno,de R$ 3.001/mês a R$ 4.000/mês,de 3 a 4 anos,Não tive experiência na área de TI/Engenharia de Software antes de começar a trabalhar na área de dados,True,3500,-20.0,-44.0
25-29,Masculino,Branca,Sudeste,Pós-graduação,Empregado (CLT),Cientista de Dados,Pleno,de R$ 6.001/mês a R$ 8.000/mês,de 3 a 4 anos,de 3 a 4 anos,True,7000,-20.0,-44.0
25-29,Masculino,Parda,Sudeste,Estudante de Graduação,Empregado (CLT),Analytics Engineer,Sênior,de R$ 12.001/mês a R$ 16.000/mês,de 7 a 10 anos,Não tive experiência na área de TI/Engenharia de Software antes de começar a trabalhar na área de dados,True,14000,-20.0,-44.0
25-29,Feminino,Preta,Sudeste,Graduação/Bacharelado,Empregado (CLT),Analista de Dados,Júnior,de R$ 3.001/mês a R$ 4.000/mês,de 1 a 2 anos,Não tive experiência na área de TI/Engenharia de Software antes de começar a trabalhar na área de dados,False,3500,-20.0,-44.0
25-29,Feminino,Branca,Sul,Graduação/Bacharelado,Empregado (CLT),Analista de BI,Júnior,de R$ 2.001/mês a R$ 3.000/mês,Menos de 1 ano,de 1 a 2 anos,False,2500,-27.0,-51.0
25-29,Masculino,Branca,Sudeste,Graduação/Bacharelado,Empregado (CLT),Cientista de Dados,Júnior,de R$ 4.001/mês a R$ 6.000/mês,de 1 a 2 anos,Menos de 1 ano,True,5000,-20.0,-44.0
25-29,Feminino,Parda,Norte,Graduação/Bacharelado,Empregado (CLT),Analista de BI,Júnior,de R$ 4.001/mês a R$ 6.000/mês,de 1 a 2 anos,de 1 a 2 anos,True,5000,-5.0,-60.0
25-29,Masculino,Branca,Nordeste,Mestrado,Empregado (CLT),Cientista de Dados,Pleno,de R$ 8.001/mês a R$ 12.000/mês,de 3 a 4 anos,Não tive experiência na área de TI/Engenharia de Software antes de começar a trabalhar na área de dados,True,10000,-8.0,-38.0
25-29,Masculino,Branca,Sudeste,Graduação/Bacharelado,Empregado (CLT),Analista de BI,Júnior,de R$ 3.001/mês a R$ 4.000/mês,Menos de 1 ano,Não tive experiência na área de TI/Engenharia de Software antes de começar a trabalhar na área de dados,False,3500,-20.0,-44.0
25-29,Feminino,Branca,Sudeste,Pós-graduação,Empregado (CLT),Analista de Dados,Júnior,de R$ 2.001/mês a R$ 3.000/mês,Menos de 1 ano,Não tive experiência na área de TI/Engenharia de Software antes de começar a trabalhar na área de dados,True,2500,-20.0,-44.0
25-29,Masculino,Branca,Sudeste,Estudante de Graduação,Empregado (CLT),Analista de Dados,Júnior,de R$ 3.001/mês a R$ 4.000/mês,Menos de 1 ano,Não tive experiência na área de TI/Engenharia de Software antes de começar a trabalhar na área de dados,True,3500,-20.0,-44.0
25-29,Masculino,Branca,Sudeste,Pós-graduação,Empregado (CLT),Outro,Pleno,de R$ 3.001/mês a R$ 4.000/mês,Não tenho experiência na área de dados,Não tive experiência na área de TI/Engenharia de Software antes de começar a trabalhar na área de dados,False,3500,-20.0,-44.0
25-29,Feminino,Preta,Sudeste,Estudante de Graduação,Empregado (CLT),Engenheiro de Dados,Pleno,de R$ 6.001/mês a R$ 8.000/mês,de 3 a 4 anos,de 3 a 4 anos,True,7000,-20.0,-44.0
25-29,Masculino,Branca,Sul,Estudante de Graduação,Empreendedor ou Empregado (CNPJ),Analista de Dados,Pleno,de R$ 4.001/mês a R$ 6.000/mês,Menos de 1 ano,Menos de 1 ano,True,5000,-27.0,-51.0
25-29,Masculino,Branca,Sudeste,Pós-graduação,Empregado (CLT),Outro,Pleno,de R$ 2.001/mês a R$ 3.000/mês,Menos de 1 ano,Não tive experiência na área de TI/Engenharia de Software antes de começar a trabalhar na área de dados,True,2500,-20.0,-44.0
25-29,Masculino,Preta,Sudeste,Estudante de Graduação,Estagiário,Engenheiro de Dados,Júnior,de R$ 1.001/mês a R$ 2.000/mês,Menos de 1 ano,Não tive experiência na área de TI/Engenharia de Software antes de começar a trabalhar na área de dados,True,1500,-20.0,-44.0
25-29,Masculino,Branca,Sudeste,Mestrado,Empregado (CLT),Engenheiro de Dados,Sênior,de R$ 12.001/mês a R$ 16.000/mês,de 3 a 4 anos,de 3 a 4 anos,True,14000,-20.0,-44.0
25-29,Masculino,Branca,Norte,Graduação/Bacharelado,Empreendedor ou Empregado (CNPJ),Analista de Dados,Pleno,de R$ 6.001/mês a R$ 8.000/mês,de 3 a 4 anos,Menos de 1 ano,False,7000,-5.0,-60.0
25-29,Feminino,Branca,Sul,Graduação/Bacharelado,Empregado (CLT),Analista de Dados,Júnior,de R$ 3.001/mês a R$ 4.000/mês,de 1 a 2 anos,Não tive experiência na área de TI/Engenharia de Software antes de começar a trabalhar na área de dados,True,3500,-27.0,-51.0
25-29,Masculino,Branca,,Não tenho graduação formal,Vivo fora do Brasil e trabalho para empresa de fora do Brasil,Engenheiro de Dados,Júnior,de R$ 6.001/mês a R$ 8.000/mês,de 1 a 2 anos,Não tive experiência na área de TI/Engenharia de Software antes de começar a trabalhar na área de dados,True,7000,,
25-29,Masculino,Branca,Sul,Graduação/Bacharelado,Estagiário,Analista de Dados,Júnior,de R$ 2.001/mês a R$ 3.000/mês,de 1 a 2 anos,Menos de 1 ano,True,2500,-27.0,-51.0
25-29,Masculino,Branca,Sul,Estudante de Graduação,Empregado (CLT),Cientista de Dados,Pleno,de R$ 4.001/mês a R$ 6.000/mês,de 1 a 2 anos,Não tive experiência na área de TI/Engenharia de Software antes de começar a trabalhar na área de dados,True,5000,-27.0,-51.0
25-29,Masculino,Branca,Nordeste,Pós-graduação,Empregado (CLT),Analista de BI,Pleno,de R$ 4.001/mês a R$ 6.000/mês,de 1 a 2 anos,de 1 a 2 anos,True,5000,-8.0,-38.0
25-29,Masculino,Branca,Sul,Graduação/Bacharelado,Empregado (CLT),Analista de BI,Pleno,de R$ 2.001/mês a R$ 3.000/mês,de 1 a 2 anos,Menos de 1 ano,True,2500,-27.0,-51.0
25-29,Masculino,Parda,Nordeste,Não tenho graduação formal,Empreendedor ou Empregado (CNPJ),Outro,Júnior,Menos de R$ 1.000/mês,Não tenho experiência na área de dados,Não tive experiência na área de TI/Engenharia de Software antes de começar a trabalhar na área de dados,False,500,-8.0,-38.0
25-29,Masculino,Branca,Sul,Graduação/Bacharelado,Empregado (CLT),Eng. Machine Learning,Júnior,de R$ 4.001/mês a R$ 6.000/mês,de 1 a 2 anos,de 1 a 2 anos,False,5000,-27.0,-51.0
25-29,Masculino,Branca,Sudeste,Graduação/Bacharelado,Empregado (CLT),Cientista de Dados,Pleno,de R$ 6.001/mês a R$ 8.000/mês,de 3 a 4 anos,Menos de 1 ano,True,7000,-20.0,-44.0
25-29,Masculino,Branca,Sudeste,Pós-graduação,Empregado (CLT),Analista de Dados,Sênior,de R$ 8.001/mês a R$ 12.000/mês,de 5 a 6 anos,Não tive experiência na área de TI/Engenharia de Software antes de começar a trabalhar na área de dados,False,10000,-20.0,-44.0
25-29,Masculino,Branca,Sudeste,Estudante de Graduação,Empregado (CLT),Cientista de Dados,Pleno,de R$ 6.001/mês a R$ 8.000/mês,de 5 a 6 anos,de 1 a 2 anos,True,7000,-20.0,-44.0
25-29,Feminino,Parda,Sudeste,Pós-graduação,Empregado (CLT),Cientista de Dados,Pleno,de R$ 8.001/mês a R$ 12.000/mês,de 3 a 4 anos,Não tive experiência na área de TI/Engenharia de Software antes de começar a trabalhar na área de dados,True,10000,-20.0,-44.0
25-29,Masculino,Branca,Sudeste,Pós-graduação,Servidor Público,Analista de Dados,Júnior,de R$ 6.001/mês a R$ 8.000/mês,de 3 a 4 anos,Não tive experiência na área de TI/Engenharia de Software antes de começar a trabalhar na área de dados,True,7000,-20.0,-44.0
25-29,Masculino,Branca,Sul,Pós-graduação,Empregado (CLT),Analista de Dados,Pleno,de R$ 4.001/mês a R$ 6.000/mês,de 3 a 4 anos,Não tive experiência na área de TI/Engenharia de Software antes de começar a trabalhar na área de dados,True,5000,-27.0,-51.0
25-29,Masculino,Branca,Sudeste,Graduação/Bacharelado,Empregado (CLT),Analista de Dados,Pleno,de R$ 8.001/mês a R$ 12.000/mês,de 5 a 6 anos,Menos de 1 ano,True,10000,-20.0,-44.0
25-29,Masculino,Parda,Sul,Estudante de Graduação,Empregado (CLT),Analista de BI,Júnior,de R$ 3.001/mês a R$ 4.000/mês,de 1 a 2 anos,Não tive experiência na área de TI/Engenharia de Software antes de começar a trabalhar na área de dados,True,3500,-27.0,-51.0
25-29,Masculino,Branca,Sudeste,Pós-graduação,Empregado (CLT),Analista de Negócios,Pleno,de R$ 6.001/mês a R$ 8.000/mês,de 3 a 4 anos,Não tive experiência na área de TI/Engenharia de Software antes de começar a trabalhar na área de dados,True,7000,-20.0,-44.0
25-29,Masculino,Branca,Sudeste,Graduação/Bacharelado,Empregado (CLT),Analista de BI,Pleno,de R$ 4.001/mês a R$ 6.000/mês,de 1 a 2 anos,Não tive experiência na área de TI/Engenharia de Software antes de começar a trabalhar na área de dados,True,5000,-20.0,-44.0
25-29,Feminino,Branca,Sudeste,Graduação/Bacharelado,Empregado (CLT),Analista de Negócios,Pleno,de R$ 4.001/mês a R$ 6.000/mês,de 1 a 2 anos,Não tive experiência na área de TI/Engenharia de Software antes de começar a trabalhar na área de dados,True,5000,-20.0,-44.0
25-29,Masculino,Branca,Sudeste,Não tenho graduação formal,Empregado (CLT),Analista de BI,Pleno,de R$ 8.001/mês a R$ 12.000/mês,de 3 a 4 anos,Não tive experiência na área de TI/Engenharia de Software antes de começar a trabalhar na área de dados,True,10000,-20.0,-44.0
25-29,Masculino,Amarela,Sudeste,Graduação/Bacharelado,Empregado (CLT),Analytics Engineer,Pleno,de R$ 8.001/mês a R$ 12.000/mês,de 3 a 4 anos,Não tive experiência na área de TI/Engenharia de Software antes de começar a trabalhar na área de dados,False,10000,-20.0,-44.0
25-29,Feminino,Parda,Nordeste,Graduação/Bacharelado,Empregado (CLT),Engenheiro de Dados,Pleno,de R$ 6.001/mês a R$ 8.000/mês,de 3 a 4 anos,de 1 a 2 anos,False,7000,-8.0,-38.0
25-29,Feminino,Parda,Nordeste,Pós-graduação,Empregado (CLT),Analista de Dados,Júnior,de R$ 6.001/mês a R$ 8.000/mês,de 1 a 2 anos,Não tive experiência na área de TI/Engenharia de Software antes de começar a trabalhar na área de dados,True,7000,-8.0,-38.0
25-29,Masculino,Parda,Centro-oeste,Estudante de Graduação,Empregado (CLT),Analista de Dados,Júnior,de R$ 3.001/mês a R$ 4.000/mês,de 1 a 2 anos,de 1 a 2 anos,True,3500,-15.0,-52.0
25-29,Feminino,Branca,Sul,Estudante de Graduação,Empregado (CLT),Analista de Dados,Pleno,de R$ 8.001/mês a R$ 12.000/mês,de 3 a 4 anos,Menos de 1 ano,True,10000,-27.0,-51.0
25-29,Masculino,Branca,Sul,Mestrado,Empregado (CLT),Analista de BI,Júnior,de R$ 4.001/mês a R$ 6.000/mês,Menos de 1 ano,Não tive experiência na área de TI/Engenharia de Software antes de começar a trabalhar na área de dados,True,5000,-27.0,-51.0
25-29,Masculino,Parda,Nordeste,Mestrado,Empreendedor ou Empregado (CNPJ),Cientista de Dados,Pleno,de R$ 6.001/mês a R$ 8.000/mês,de 3 a 4 anos,de 1 a 2 anos,True,7000,-8.0,-38.0
25-29,Feminino,Branca,Sudeste,Graduação/Bacharelado,Empregado (CLT),Analista de Negócios,Júnior,de R$ 4.001/mês a R$ 6.000/mês,de 1 a 2 anos,Menos de 1 ano,True,5000,-20.0,-44.0
25-29,Masculino,Preta,Sul,Graduação/Bacharelado,Empregado (CLT),Analista de Dados,Júnior,de R$ 2.001/mês a R$ 3.000/mês,Menos de 1 ano,Não tive experiência na área de TI/Engenharia de Software antes de começar a trabalhar na área de dados,False,2500,-27.0,-51.0
25-29,Masculino,Branca,Sudeste,Estudante de Graduação,Estagiário,Analista de Dados,Júnior,de R$ 1.001/mês a R$ 2.000/mês,de 1 a 2 anos,Não tive experiência na área de TI/Engenharia de Software antes de começar a trabalhar na área de dados,True,1500,-20.0,-44.0
25-29,Feminino,Branca,Sudeste,Graduação/Bacharelado,Empregado (CLT),Analista de Dados,Júnior,de R$ 4.001/mês a R$ 6.000/mês,de 3 a 4 anos,de 1 a 2 anos,False,5000,-20.0,-44.0
25-29,Masculino,Branca,Sul,Graduação/Bacharelado,Empreendedor ou Empregado (CNPJ),Analista de BI,Júnior,de R$ 4.001/mês a R$ 6.000/mês,de 3 a 4 anos,de 1 a 2 anos,True,5000,-27.0,-51.0
25-29,Masculino,Preta,Sudeste,Estudante de Graduação,Freelancer,Outro,Júnior,de R$ 2.001/mês a R$ 3.000/mês,de 1 a 2 anos,Não tive experiência na área de TI/Engenharia de Software antes de começar a trabalhar na área de dados,False,2500,-20.0,-44.0
25-29,Masculino,Branca,Sudeste,Graduação/Bacharelado,Empreendedor ou Empregado (CNPJ),Cientista de Dados,Júnior,de R$ 4.001/mês a R$ 6.000/mês,de 1 a 2 anos,de 1 a 2 anos,True,5000,-20.0,-44.0
25-29,Feminino,Amarela,Sudeste,Pós-graduação,Empregado (CLT),Analista de Dados,Júnior,de R$ 2.001/mês a R$ 3.000/mês,de 1 a 2 anos,Não tive experiência na área de TI/Engenharia de Software antes de começar a trabalhar na área de dados,False,2500,-20.0,-44.0
25-29,Feminino,Branca,Sudeste,Estudante de Graduação,Empregado (CLT),Analista de Dados,Júnior,de R$ 4.001/mês a R$ 6.000/mês,de 3 a 4 anos,Menos de 1 ano,True,5000,-20.0,-44.0
25-29,Masculino,Branca,Sudeste,Graduação/Bacharelado,Empreendedor ou Empregado (CNPJ),Cientista de Dados,Sênior,de R$ 16.001/mês a R$ 20.000/mês,de 3 a 4 anos,Não tive experiência na área de TI/Engenharia de Software antes de começar a trabalhar na área de dados,True,18000,-20.0,-44.0
25-29,Masculino,Branca,Sul,Pós-graduação,Empregado (CLT),Analista de BI,Pleno,de R$ 6.001/mês a R$ 8.000/mês,de 3 a 4 anos,Não tive experiência na área de TI/Engenharia de Software antes de começar a trabalhar na área de dados,True,7000,-27.0,-51.0
25-29,Masculino,Branca,Sudeste,Graduação/Bacharelado,Empregado (CLT),Analista de BI,Pleno,de R$ 6.001/mês a R$ 8.000/mês,de 1 a 2 anos,de 1 a 2 anos,False,7000,-20.0,-44.0
25-29,Masculino,Preta,Sudeste,Estudante de Graduação,Empregado (CLT),Outro,Júnior,de R$ 2.001/mês a R$ 3.000/mês,Menos de 1 ano,de 3 a 4 anos,False,2500,-20.0,-44.0
25-29,Feminino,Branca,Nordeste,Graduação/Bacharelado,Empregado (CLT),Analista de Dados,Pleno,de R$ 6.001/mês a R$ 8.000/mês,de 1 a 2 anos,Não tive experiência na área de TI/Engenharia de Software antes de começar a trabalhar na área de dados,True,7000,-8.0,-38.0
25-29,Masculino,Parda,Sudeste,Graduação/Bacharelado,Empreendedor ou Empregado (CNPJ),Engenheiro de Dados,Pleno,de R$ 4.001/mês a R$ 6.000/mês,de 3 a 4 anos,Menos de 1 ano,False,5000,-20.0,-44.0
25-29,Masculino,Branca,Sudeste,Graduação/Bacharelado,Empregado (CLT),Analista de Dados,Júnior,de R$ 4.001/mês a R$ 6.000/mês,de 1 a 2 anos,Menos de 1 ano,True,5000,-20.0,-44.0
25-29,Masculino,Amarela,Sudeste,Graduação/Bacharelado,Empregado (CLT),Engenheiro de Dados,Sênior,de R$ 16.001/mês a R$ 20.000/mês,de 3 a 4 anos,Menos de 1 ano,True,18000,-20.0,-44.0
25-29,Masculino,Branca,Sudeste,Não tenho graduação formal,Empreendedor ou Empregado (CNPJ),Engenheiro de Dados,Pleno,de R$ 6.001/mês a R$ 8.000/mês,de 3 a 4 anos,Não tive experiência na área de TI/Engenharia de Software antes de começar a trabalhar na área de dados,True,7000,-20.0,-44.0
25-29,Masculino,Preta,Sudeste,Estudante de Graduação,Estagiário,Cientista de Dados,Júnior,de R$ 2.001/mês a R$ 3.000/mês,de 1 a 2 anos,de 1 a 2 anos,False,2500,-20.0,-44.0
25-29,Masculino,Branca,Sudeste,Graduação/Bacharelado,Prefiro não informar,Analista de Negócios,Pleno,de R$ 8.001/mês a R$ 12.000/mês,Não tenho experiência na área de dados,Não tive experiência na área de TI/Engenharia de Software antes de começar a trabalhar na área de dados,True,10000,-20.0,-44.0
25-29,Masculino,Branca,Sul,Graduação/Bacharelado,Empregado (CLT),Cientista de Dados,Sênior,de R$ 12.001/mês a R$ 16.000/mês,de 3 a 4 anos,de 1 a 2 anos,True,14000,-27.0,-51.0
25-29,Masculino,Branca,Sudeste,Graduação/Bacharelado,Empreendedor ou Empregado (CNPJ),Cientista de Dados,Pleno,de R$ 8.001/mês a R$ 12.000/mês,de 3 a 4 anos,Não tive experiência na área de TI/Engenharia de Software antes de começar a trabalhar na área de dados,True,10000,-20.0,-44.0
25-29,Masculino,Branca,Nordeste,Estudante de Graduação,Estagiário,Outro,Júnior,de R$ 1.001/mês a R$ 2.000/mês,Menos de 1 ano,Não tive experiência na área de TI/Engenharia de Software antes de começar a trabalhar na área de dados,True,1500,-8.0,-38.0
25-29,Masculino,Branca,Sudeste,Graduação/Bacharelado,Empregado (CLT),Analista de BI,Pleno,de R$ 8.001/mês a R$ 12.000/mês,de 5 a 6 anos,Menos de 1 ano,True,10000,-20.0,-44.0
25-29,Feminino,Parda,Sul,Pós-graduação,Empregado (CLT),Analista de Dados,Pleno,de R$ 3.001/mês a R$ 4.000/mês,de 3 a 4 anos,Não tive experiência na área de TI/Engenharia de Software antes de começar a trabalhar na área de dados,False,3500,-27.0,-51.0
25-29,Masculino,Parda,Nordeste,Graduação/Bacharelado,Empregado (CLT),Analista de Negócios,Pleno,de R$ 1.001/mês a R$ 2.000/mês,Menos de 1 ano,Não tive experiência na área de TI/Engenharia de Software antes de começar a trabalhar na área de dados,False,1500,-8.0,-38.0
25-29,Masculino,Branca,Sudeste,Pós-graduação,Empregado (CLT),Engenheiro de Dados,Pleno,de R$ 6.001/mês a R$ 8.000/mês,de 3 a 4 anos,de 1 a 2 anos,False,7000,-20.0,-44.0
25-29,Masculino,Branca,Sudeste,Pós-graduação,Empregado (CLT),Analista de BI,Pleno,de R$ 4.001/mês a R$ 6.000/mês,de 1 a 2 anos,de 3 a 4 anos,True,5000,-20.0,-44.0
25-29,Masculino,Branca,Sudeste,Graduação/Bacharelado,Empregado (CLT),Analytics Engineer,Pleno,de R$ 6.001/mês a R$ 8.000/mês,de 1 a 2 anos,Não tive experiência na área de TI/Engenharia de Software antes de começar a trabalhar na área de dados,True,7000,-20.0,-44.0
25-29,Masculino,Parda,Sul,Graduação/Bacharelado,Empregado (CLT),Analista de Dados,Júnior,de R$ 4.001/mês a R$ 6.000/mês,de 3 a 4 anos,de 3 a 4 anos,True,5000,-27.0,-51.0
25-29,Feminino,Parda,Sudeste,Graduação/Bacharelado,Empregado (CLT),Cientista de Dados,Júnior,de R$ 4.001/mês a R$ 6.000/mês,de 1 a 2 anos,Menos de 1 ano,False,5000,-20.0,-44.0
25-29,Masculino,Parda,Sudeste,Graduação/Bacharelado,Empregado (CLT),Analista de Dados,Júnior,de R$ 3.001/mês a R$ 4.000/mês,Menos de 1 ano,Não tive experiência na área de TI/Engenharia de Software antes de começar a trabalhar na área de dados,False,3500,-20.0,-44.0
25-29,Masculino,Preta,Sudeste,Graduação/Bacharelado,Empregado (CLT),Analista de Dados,Júnior,de R$ 3.001/mês a R$ 4.000/mês,de 1 a 2 anos,Não tive experiência na área de TI/Engenharia de Software antes de começar a trabalhar na área de dados,True,3500,-20.0,-44.0
25-29,Masculino,Branca,Sul,Pós-graduação,Empregado (CLT),Analista de Dados,Pleno,de R$ 4.001/mês a R$ 6.000/mês,de 3 a 4 anos,Não tive experiência na área de TI/Engenharia de Software antes de começar a trabalhar na área de dados,True,5000,-27.0,-51.0
25-29,Masculino,Branca,Sudeste,Pós-graduação,Empregado (CLT),Analytics Engineer,Pleno,de R$ 6.001/mês a R$ 8.000/mês,de 3 a 4 anos,de 1 a 2 anos,False,7000,-20.0,-44.0
25-29,Masculino,Preta,Sudeste,Graduação/Bacharelado,Empregado (CLT),Analista de Negócios,Sênior,de R$ 8.001/mês a R$ 12.000/mês,de 5 a 6 anos,Não tive experiência na área de TI/Engenharia de Software antes de começar a trabalhar na área de dados,True,10000,-20.0,-44.0
25-29,Masculino,Branca,Sudeste,Graduação/Bacharelado,Empregado (CLT),Analista de Negócios,Sênior,de R$ 12.001/mês a R$ 16.000/mês,de 3 a 4 anos,Não tive experiência na área de TI/Engenharia de Software antes de começar a trabalhar na área de dados,True,14000,-20.0,-44.0
25-29,Masculino,Parda,,Graduação/Bacharelado,Vivo fora do Brasil e trabalho para empresa de fora do Brasil,Analista de Dados,Pleno,de R$ 20.001/mês a R$ 25.000/mês,de 5 a 6 anos,Menos de 1 ano,True,22500,,
25-29,Feminino,Branca,Sul,Estudante de Graduação,Empregado (CLT),Analista de Negócios,Júnior,de R$ 3.001/mês a R$ 4.000/mês,de 1 a 2 anos,Não tive experiência na área de TI/Engenharia de Software antes de começar a trabalhar na área de dados,True,3500,-27.0,-51.0
25-29,Masculino,Parda,Norte,Graduação/Bacharelado,Empreendedor ou Empregado (CNPJ),Cientista de Dados,Júnior,de R$ 3.001/mês a R$ 4.000/mês,Menos de 1 ano,Menos de 1 ano,True,3500,-5.0,-60.0
25-29,Masculino,Branca,Sudeste,Graduação/Bacharelado,Empregado (CLT),Engenheiro de Dados,Pleno,de R$ 8.001/mês a R$ 12.000/mês,de 5 a 6 anos,Não tive experiência na área de TI/Engenharia de Software antes de começar a trabalhar na área de dados,True,10000,-20.0,-44.0
25-29,Masculino,Parda,Sul,Pós-graduação,Empregado (CLT),Analista de Negócios,Júnior,de R$ 3.001/mês a R$ 4.000/mês,de 1 a 2 anos,Não tive experiência na área de TI/Engenharia de Software antes de começar a trabalhar na área de dados,False,3500,-27.0,-51.0
25-29,Feminino,Preta,Sudeste,Estudante de Graduação,Empregado (CLT),Analista de BI,Pleno,de R$ 4.001/mês a R$ 6.000/mês,de 3 a 4 anos,Não tive experiência na área de TI/Engenharia de Software antes de começar a trabalhar na área de dados,True,5000,-20.0,-44.0
25-29,Masculino,Branca,Sudeste,Pós-graduação,Empregado (CLT),Analista de Dados,Pleno,de R$ 6.001/mês a R$ 8.000/mês,de 1 a 2 anos,Não tive experiência na área de TI/Engenharia de Software antes de começar a trabalhar na área de dados,True,7000,-20.0,-44.0
25-29,Masculino,Parda,Sudeste,Graduação/Bacharelado,Empregado (CLT),Analista de Negócios,Júnior,de R$ 8.001/mês a R$ 12.000/mês,de 3 a 4 anos,Não tive experiência na área de TI/Engenharia de Software antes de começar a trabalhar na área de dados,True,10000,-20.0,-44.0
25-29,Feminino,Parda,Nordeste,Estudante de Graduação,Empregado (CLT),Analista de Suporte,Júnior,de R$ 1.001/mês a R$ 2.000/mês,Menos de 1 ano,Não tive experiência na área de TI/Engenharia de Software antes de começar a trabalhar na área de dados,False,1500,-8.0,-38.0
25-29,Masculino,Parda,Sudeste,Estudante de Graduação,Empregado (CLT),Outro,Júnior,de R$ 1.001/mês a R$ 2.000/mês,Não tenho experiência na área de dados,Não tive experiência na área de TI/Engenharia de Software antes de começar a trabalhar na área de dados,True,1500,-20.0,-44.0
25-29,Masculino,Parda,Centro-oeste,Estudante de Graduação,Empregado (CLT),Analista de BI,Pleno,de R$ 3.001/mês a R$ 4.000/mês,de 3 a 4 anos,Não tive experiência na área de TI/Engenharia de Software antes de começar a trabalhar na área de dados,True,3500,-15.0,-52.0
25-29,Masculino,Indígena,Sudeste,Graduação/Bacharelado,Empreendedor ou Empregado (CNPJ),Analista de Dados,Pleno,de R$ 4.001/mês a R$ 6.000/mês,de 3 a 4 anos,Não tive experiência na área de TI/Engenharia de Software antes de começar a trabalhar na área de dados,False,5000,-20.0,-44.0
25-29,Masculino,Branca,Sudeste,Pós-graduação,Empregado (CLT),Analista de Dados,Pleno,de R$ 4.001/mês a R$ 6.000/mês,de 1 a 2 anos,de 3 a 4 anos,False,5000,-20.0,-44.0
25-29,Masculino,Branca,Sul,Graduação/Bacharelado,Empregado (CLT),Analista de Dados,Pleno,de R$ 6.001/mês a R$ 8.000/mês,de 1 a 2 anos,Não tive experiência na área de TI/Engenharia de Software antes de começar a trabalhar na área de dados,True,7000,-27.0,-51.0
25-29,Masculino,Branca,Norte,Pós-graduação,Empregado (CLT),Analista de BI,Pleno,de R$ 4.001/mês a R$ 6.000/mês,de 5 a 6 anos,Não tive experiência na área de TI/Engenharia de Software antes de começar a trabalhar na área de dados,False,5000,-5.0,-60.0
25-29,Masculino,Branca,Nordeste,Pós-graduação,Empregado (CLT),Desenvolvedor,Pleno,de R$ 6.001/mês a R$ 8.000/mês,de 3 a 4 anos,Menos de 1 ano,True,7000,-8.0,-38.0
25-29,Masculino,Branca,Sudeste,Pós-graduação,Empregado (CLT),Analista de BI,Pleno,de R$ 6.001/mês a R$ 8.000/mês,de 3 a 4 anos,de 1 a 2 anos,True,7000,-20.0,-44.0
25-29,Feminino,Parda,Centro-oeste,Graduação/Bacharelado,Servidor Público,Estatístico,Júnior,de R$ 6.001/mês a R$ 8.000/mês,de 1 a 2 anos,Não tive experiência na área de TI/Engenharia de Software antes de começar a trabalhar na área de dados,True,7000,-15.0,-52.0
25-29,Masculino,Parda,Sudeste,Pós-graduação,Empregado (CLT),Analista de Dados,Pleno,de R$ 6.001/mês a R$ 8.000/mês,de 3 a 4 anos,Não tive experiência na área de TI/Engenharia de Software antes de começar a trabalhar na área de dados,True,7000,-20.0,-44.0
25-29,Masculino,Preta,Sudeste,Graduação/Bacharelado,Empregado (CLT),Analista de BI,Pleno,de R$ 4.001/mês a R$ 6.000/mês,de 3 a 4 anos,Não tive experiência na área de TI/Engenharia de Software antes de começar a trabalhar na área de dados,False,5000,-20.0,-44.0
25-29,Masculino,Parda,Sul,Estudante de Graduação,Empregado (CLT),Analista de Negócios,Júnior,de R$ 4.001/mês a R$ 6.000/mês,de 3 a 4 anos,de 1 a 2 anos,True,5000,-27.0,-51.0
25-29,Masculino,Branca,Sudeste,Estudante de Graduação,Estagiário,Analista de BI,Júnior,de R$ 1.001/mês a R$ 2.000/mês,Menos de 1 ano,Menos de 1 ano,True,1500,-20.0,-44.0
25-29,Outro,Branca,Sudeste,Graduação/Bacharelado,Empregado (CLT),Engenheiro de Dados,Pleno,de R$ 6.001/mês a R$ 8.000/mês,de 3 a 4 anos,Não tive experiência na área de TI/Engenharia de Software antes de começar a trabalhar na área de dados,False,7000,-20.0,-44.0
25-29,Masculino,Branca,Sudeste,Graduação/Bacharelado,Empregado (CLT),Analista de Dados,Sênior,de R$ 4.001/mês a R$ 6.000/mês,de 5 a 6 anos,Não tive experiência na área de TI/Engenharia de Software antes de começar a trabalhar na área de dados,True,5000,-20.0,-44.0
25-29,Masculino,Preta,Nordeste,Estudante de Graduação,Empregado (CLT),Cientista de Dados,Pleno,de R$ 6.001/mês a R$ 8.000/mês,de 3 a 4 anos,de 3 a 4 anos,False,7000,-8.0,-38.0
25-29,Masculino,Parda,Sudeste,Graduação/Bacharelado,Empregado (CLT),Analista de Dados,Pleno,de R$ 4.001/mês a R$ 6.000/mês,de 3 a 4 anos,Não tive experiência na área de TI/Engenharia de Software antes de começar a trabalhar na área de dados,False,5000,-20.0,-44.0
25-29,Masculino,Parda,Sudeste,Graduação/Bacharelado,Empregado (CLT),Outro,Júnior,de R$ 3.001/mês a R$ 4.000/mês,Não tenho experiência na área de dados,Não tive experiência na área de TI/Engenharia de Software antes de começar a trabalhar na área de dados,True,3500,-20.0,-44.0
25-29,Masculino,Parda,Sul,Estudante de Graduação,Empregado (CLT),Analista de Suporte,Júnior,de R$ 2.001/mês a R$ 3.000/mês,Não tenho experiência na área de dados,de 1 a 2 anos,True,2500,-27.0,-51.0
25-29,Masculino,Branca,Nordeste,Não tenho graduação formal,Empregado (CLT),Outro,Júnior,de R$ 2.001/mês a R$ 3.000/mês,Não tenho experiência na área de dados,Não tive experiência na área de TI/Engenharia de Software antes de começar a trabalhar na área de dados,True,2500,-8.0,-38.0
25-29,Masculino,Parda,Sudeste,Graduação/Bacharelado,Empregado (CLT),Cientista de Dados,Júnior,de R$ 3.001/mês a R$ 4.000/mês,de 1 a 2 anos,Não tive experiência na área de TI/Engenharia de Software antes de começar a trabalhar na área de dados,False,3500,-20.0,-44.0
25-29,Masculino,Branca,Sul,Estudante de Graduação,Empregado (CLT),Engenheiro de Dados,Pleno,de R$ 8.001/mês a R$ 12.000/mês,de 3 a 4 anos,Não tive experiência na área de TI/Engenharia de Software antes de começar a trabalhar na área de dados,True,10000,-27.0,-51.0
25-29,Masculino,Parda,Nordeste,Mestrado,Empreendedor ou Empregado (CNPJ),Cientista de Dados,Pleno,de R$ 6.001/mês a R$ 8.000/mês,de 3 a 4 anos,de 1 a 2 anos,True,7000,-8.0,-38.0
25-29,Masculino,Parda,Norte,Estudante de Graduação,Empregado (CLT),Outro,Júnior,de R$ 2.001/mês a R$ 3.000/mês,de 1 a 2 anos,Não tive experiência na área de TI/Engenharia de Software antes de começar a trabalhar na área de dados,False,2500,-5.0,-60.0
25-29,Masculino,Branca,Sudeste,Graduação/Bacharelado,Empregado (CLT),Analista de Suporte,Sênior,de R$ 3.001/mês a R$ 4.000/mês,Não tenho experiência na área de dados,Não tive experiência na área de TI/Engenharia de Software antes de começar a trabalhar na área de dados,False,3500,-20.0,-44.0
25-29,Feminino,Branca,Sul,Graduação/Bacharelado,Empregado (CLT),Cientista de Dados,Pleno,de R$ 6.001/mês a R$ 8.000/mês,de 3 a 4 anos,Não tive experiência na área de TI/Engenharia de Software antes de começar a trabalhar na área de dados,True,7000,-27.0,-51.0
25-29,Masculino,Branca,Centro-oeste,Graduação/Bacharelado,Empregado (CLT),Analista de Dados,Júnior,de R$ 3.001/mês a R$ 4.000/mês,de 1 a 2 anos,Menos de 1 ano,False,3500,-15.0,-52.0
25-29,Masculino,Branca,Sudeste,Mestrado,Empregado (CLT),Cientista de Dados,Sênior,de R$ 8.001/mês a R$ 12.000/mês,de 3 a 4 anos,Não tive experiência na área de TI/Engenharia de Software antes de começar a trabalhar na área de dados,True,10000,-20.0,-44.0
25-29,Masculino,Branca,Nordeste,Não tenho graduação formal,Empregado (CLT),Engenheiro de Dados,Pleno,de R$ 8.001/mês a R$ 12.000/mês,de 3 a 4 anos,Não tive experiência na área de TI/Engenharia de Software antes de começar a trabalhar na área de dados,False,10000,-8.0,-38.0
25-29,Masculino,Branca,Sul,Pós-graduação,Empregado (CLT),Analytics Engineer,Pleno,de R$ 4.001/mês a R$ 6.000/mês,de 3 a 4 anos,de 1 a 2 anos,False,5000,-27.0,-51.0
25-29,Masculino,Branca,Sudeste,Graduação/Bacharelado,Empreendedor ou Empregado (CNPJ),Analista de Dados,Pleno,de R$ 6.001/mês a R$ 8.000/mês,de 3 a 4 anos,Menos de 1 ano,True,7000,-20.0,-44.0
25-29,Feminino,Parda,Norte,Pós-graduação,Empregado (CLT),Analista de BI,Sênior,de R$ 3.001/mês a R$ 4.000/mês,de 5 a 6 anos,de 1 a 2 anos,False,3500,-5.0,-60.0
25-29,Feminino,Parda,Sudeste,Pós-graduação,Empregado (CLT),Analista de BI,Sênior,de R$ 8.001/mês a R$ 12.000/mês,de 1 a 2 anos,Não tive experiência na área de TI/Engenharia de Software antes de começar a trabalhar na área de dados,True,10000,-20.0,-44.0
25-29,Masculino,Branca,Sul,Graduação/Bacharelado,Empregado (CLT),Analista de Negócios,Pleno,de R$ 4.001/mês a R$ 6.000/mês,de 5 a 6 anos,Não tive experiência na área de TI/Engenharia de Software antes de começar a trabalhar na área de dados,True,5000,-27.0,-51.0
25-29,Masculino,Branca,Sudeste,Graduação/Bacharelado,Empregado (CLT),Analista de Dados,Júnior,de R$ 4.001/mês a R$ 6.000/mês,de 1 a 2 anos,Não tive experiência na área de TI/Engenharia de Software antes de começar a trabalhar na área de dados,True,5000,-20.0,-44.0
25-29,Masculino,Parda,Norte,Pós-graduação,Empregado (CLT),Cientista de Dados,Sênior,de R$ 12.001/mês a R$ 16.000/mês,de 5 a 6 anos,de 1 a 2 anos,True,14000,-5.0,-60.0
25-29,Masculino,Branca,Sul,Graduação/Bacharelado,Empregado (CLT),Engenheiro de Dados,Pleno,de R$ 6.001/mês a R$ 8.000/mês,de 3 a 4 anos,de 3 a 4 anos,False,7000,-27.0,-51.0
25-29,Masculino,Branca,,Graduação/Bacharelado,Vivo fora do Brasil e trabalho para empresa de fora do Brasil,Analista de BI,Pleno,de R$ 8.001/mês a R$ 12.000/mês,de 3 a 4 anos,Menos de 1 ano,False,10000,,
25-29,Masculino,Branca,Sudeste,Graduação/Bacharelado,Empregado (CLT),Engenheiro de Dados,Sênior,de R$ 12.001/mês a R$ 16.000/mês,de 7 a 10 anos,de 1 a 2 anos,False,14000,-20.0,-44.0
25-29,Masculino,Parda,Sudeste,Graduação/Bacharelado,Empreendedor ou Empregado (CNPJ),Analista de Negócios,Pleno,de R$ 4.001/mês a R$ 6.000/mês,de 3 a 4 anos,de 1 a 2 anos,False,5000,-20.0,-44.0
25-29,Masculino,Branca,Sudeste,Mestrado,Empregado (CLT),Cientista de Dados,Pleno,de R$ 6.001/mês a R$ 8.000/mês,de 1 a 2 anos,Não tive experiência na área de TI/Engenharia de Software antes de começar a trabalhar na área de dados,True,7000,-20.0,-44.0
25-29,Masculino,Branca,Sudeste,Estudante de Graduação,Empregado (CLT),Engenheiro de Dados,Sênior,de R$ 8.001/mês a R$ 12.000/mês,de 3 a 4 anos,de 3 a 4 anos,True,10000,-20.0,-44.0
25-29,Feminino,Branca,Nordeste,Pós-graduação,Empregado (CLT),Cientista de Dados,Júnior,de R$ 6.001/mês a R$ 8.000/mês,de 1 a 2 anos,Não tive experiência na área de TI/Engenharia de Software antes de começar a trabalhar na área de dados,True,7000,-8.0,-38.0
25-29,Masculino,Branca,Sudeste,Graduação/Bacharelado,Empreendedor ou Empregado (CNPJ),Cientista de Dados,Júnior,de R$ 8.001/mês a R$ 12.000/mês,de 1 a 2 anos,Não tive experiência na área de TI/Engenharia de Software antes de começar a trabalhar na área de dados,True,10000,-20.0,-44.0
25-29,Masculino,Branca,Sudeste,Estudante de Graduação,Empregado (CLT),Desenvolvedor,Pleno,de R$ 4.001/mês a R$ 6.000/mês,de 3 a 4 anos,Não tive experiência na área de TI/Engenharia de Software antes de começar a trabalhar na área de dados,True,5000,-20.0,-44.0
25-29,Masculino,Branca,Sudeste,Pós-graduação,Empregado (CLT),Analista de Negócios,Sênior,de R$ 8.001/mês a R$ 12.000/mês,de 3 a 4 anos,Não tive experiência na área de TI/Engenharia de Software antes de começar a trabalhar na área de dados,True,10000,-20.0,-44.0
25-29,Feminino,Branca,Sudeste,Graduação/Bacharelado,Empregado (CLT),Analista de Dados,Sênior,de R$ 8.001/mês a R$ 12.000/mês,de 3 a 4 anos,Menos de 1 ano,True,10000,-20.0,-44.0
25-29,Masculino,Branca,Sul,Estudante de Graduação,Empreendedor ou Empregado (CNPJ),Analista de BI,Pleno,de R$ 8.001/mês a R$ 12.000/mês,de 3 a 4 anos,Não tive experiência na área de TI/Engenharia de Software antes de começar a trabalhar na área de dados,False,10000,-27.0,-51.0
25-29,Masculino,Preta,Centro-oeste,Graduação/Bacharelado,Empreendedor ou Empregado (CNPJ),Engenheiro de Dados,Júnior,de R$ 4.001/mês a R$ 6.000/mês,de 1 a 2 anos,de 3 a 4 anos,True,5000,-15.0,-52.0
25-29,Masculino,Parda,Sudeste,Graduação/Bacharelado,Empregado (CLT),Cientista de Dados,Pleno,de R$ 4.001/mês a R$ 6.000/mês,de 1 a 2 anos,Menos de 1 ano,False,5000,-20.0,-44.0
25-29,Masculino,Parda,Sudeste,Pós-graduação,Empregado (CLT),Analista de Negócios,Sênior,de R$ 12.001/mês a R$ 16.000/mês,de 5 a 6 anos,de 1 a 2 anos,True,14000,-20.0,-44.0
25-29,Masculino,Branca,Sudeste,Estudante de Graduação,Empregado (CLT),Engenheiro de Dados,Pleno,de R$ 8.001/mês a R$ 12.000/mês,de 1 a 2 anos,Não tive experiência na área de TI/Engenharia de Software antes de começar a trabalhar na área de dados,True,10000,-20.0,-44.0
25-29,Masculino,Branca,Sudeste,Graduação/Bacharelado,Empregado (CLT),Analista de Dados,Pleno,de R$ 8.001/mês a R$ 12.000/mês,de 3 a 4 anos,Não tive experiência na área de TI/Engenharia de Software antes de começar a trabalhar na área de dados,True,10000,-20.0,-44.0
25-29,Masculino,Branca,Sudeste,Graduação/Bacharelado,Empregado (CLT),Engenheiro de Dados,Júnior,de R$ 4.001/mês a R$ 6.000/mês,de 1 a 2 anos,de 1 a 2 anos,False,5000,-20.0,-44.0
25-29,Masculino,Branca,Centro-oeste,Graduação/Bacharelado,Empregado (CLT),Analista de Dados,Júnior,de R$ 4.001/mês a R$ 6.000/mês,Menos de 1 ano,Não tive experiência na área de TI/Engenharia de Software antes de começar a trabalhar na área de dados,False,5000,-15.0,-52.0
25-29,Masculino,Branca,Nordeste,Graduação/Bacharelado,Empregado (CLT),Engenheiro de Dados,Júnior,de R$ 4.001/mês a R$ 6.000/mês,de 1 a 2 anos,de 1 a 2 anos,True,5000,-8.0,-38.0
25-29,Masculino,Branca,Sul,Graduação/Bacharelado,Empreendedor ou Empregado (CNPJ),Engenheiro de Dados,Pleno,de R$ 12.001/mês a R$ 16.000/mês,de 3 a 4 anos,de 1 a 2 anos,True,14000,-27.0,-51.0
25-29,Masculino,Parda,Sudeste,Mestrado,Empregado (CLT),Cientista de Dados,Pleno,de R$ 6.001/mês a R$ 8.000/mês,de 3 a 4 anos,de 1 a 2 anos,False,7000,-20.0,-44.0
25-29,Masculino,Preta,Sudeste,Graduação/Bacharelado,Empreendedor ou Empregado (CNPJ),Engenheiro de Dados,Pleno,de R$ 8.001/mês a R$ 12.000/mês,de 3 a 4 anos,de 1 a 2 anos,True,10000,-20.0,-44.0
25-29,Feminino,Parda,Sudeste,Graduação/Bacharelado,Empregado (CLT),Cientista de Dados,Pleno,de R$ 8.001/mês a R$ 12.000/mês,de 3 a 4 anos,de 1 a 2 anos,True,10000,-20.0,-44.0
25-29,Masculino,Branca,Sudeste,Graduação/Bacharelado,Empregado (CLT),Analista de Negócios,Sênior,de R$ 8.001/mês a R$ 12.000/mês,de 3 a 4 anos,Não tive experiência na área de TI/Engenharia de Software antes de começar a trabalhar na área de dados,True,10000,-20.0,-44.0
25-29,Masculino,Branca,Sudeste,Graduação/Bacharelado,Empregado (CLT),Analista de Dados,Pleno,de R$ 6.001/mês a R$ 8.000/mês,de 3 a 4 anos,de 1 a 2 anos,True,7000,-20.0,-44.0
25-29,Masculino,Preta,Sudeste,Graduação/Bacharelado,Empreendedor ou Empregado (CNPJ),Cientista de Dados,Pleno,de R$ 8.001/mês a R$ 12.000/mês,de 3 a 4 anos,Não tive experiência na área de TI/Engenharia de Software antes de começar a trabalhar na área de dados,True,10000,-20.0,-44.0
25-29,Masculino,Preta,Sudeste,Pós-graduação,Empregado (CLT),Engenheiro de Dados,Júnior,de R$ 3.001/mês a R$ 4.000/mês,de 1 a 2 anos,de 3 a 4 anos,True,3500,-20.0,-44.0
25-29,Masculino,Branca,Sudeste,Pós-graduação,Empregado (CLT),Cientista de Dados,Júnior,de R$ 3.001/mês a R$ 4.000/mês,Menos de 1 ano,Não tive experiência na área de TI/Engenharia de Software antes de começar a trabalhar na área de dados,False,3500,-20.0,-44.0
25-29,Masculino,Branca,Sudeste,Pós-graduação,Empregado (CLT),Analista de Dados,Júnior,de R$ 6.001/mês a R$ 8.000/mês,de 1 a 2 anos,Menos de 1 ano,True,7000,-20.0,-44.0
25-29,Masculino,Branca,Sudeste,Pós-graduação,Empregado (CLT),Desenvolvedor,Pleno,de R$ 3.001/mês a R$ 4.000/mês,de 3 a 4 anos,Menos de 1 ano,True,3500,-20.0,-44.0
25-29,Masculino,Preta,Nordeste,Pós-graduação,Empregado (CLT),Analista de Suporte,Júnior,de R$ 1.001/mês a R$ 2.000/mês,Não tenho experiência na área de dados,Não tive experiência na área de TI/Engenharia de Software antes de começar a trabalhar na área de dados,False,1500,-8.0,-38.0
25-29,Masculino,Branca,Sudeste,Graduação/Bacharelado,Empregado (CLT),Analista de Dados,Sênior,de R$ 6.001/mês a R$ 8.000/mês,de 3 a 4 anos,de 3 a 4 anos,False,7000,-20.0,-44.0
25-29,Masculino,Preta,Sudeste,Pós-graduação,Empregado (CLT),Analytics Engineer,Pleno,de R$ 4.001/mês a R$ 6.000/mês,de 1 a 2 anos,Não tive experiência na área de TI/Engenharia de Software antes de começar a trabalhar na área de dados,False,5000,-20.0,-44.0
25-29,Masculino,Preta,Sudeste,Pós-graduação,Empregado (CLT),Analytics Engineer,Pleno,de R$ 4.001/mês a R$ 6.000/mês,de 1 a 2 anos,Não tive experiência na área de TI/Engenharia de Software antes de começar a trabalhar na área de dados,False,5000,-20.0,-44.0
25-29,Masculino,Branca,Sul,Graduação/Bacharelado,Empregado (CLT),Outro,Júnior,de R$ 3.001/mês a R$ 4.000/mês,de 1 a 2 anos,Não tive experiência na área de TI/Engenharia de Software antes de começar a trabalhar na área de dados,False,3500,-27.0,-51.0
25-29,Feminino,Branca,Sudeste,Doutorado ou Phd,Empregado (CLT),Cientista de Dados,Sênior,de R$ 12.001/mês a R$ 16.000/mês,de 3 a 4 anos,de 1 a 2 anos,True,14000,-20.0,-44.0
25-29,Feminino,Parda,Centro-oeste,Graduação/Bacharelado,Empregado (CLT),Analytics Engineer,Júnior,de R$ 6.001/mês a R$ 8.000/mês,de 3 a 4 anos,Não tive experiência na área de TI/Engenharia de Software antes de começar a trabalhar na área de dados,False,7000,-15.0,-52.0
25-29,Masculino,Indígena,Sudeste,Pós-graduação,Empregado (CLT),Engenheiro de Dados,Pleno,de R$ 6.001/mês a R$ 8.000/mês,de 3 a 4 anos,de 1 a 2 anos,True,7000,-20.0,-44.0
25-29,Masculino,Branca,Norte,Pós-graduação,Empregado (CLT),Outro,Júnior,de R$ 2.001/mês a R$ 3.000/mês,Não tenho experiência na área de dados,de 7 a 10 anos,False,2500,-5.0,-60.0
25-29,Masculino,Parda,Centro-oeste,Estudante de Graduação,Empregado (CLT),Analista de BI,Pleno,de R$ 3.001/mês a R$ 4.000/mês,de 3 a 4 anos,Não tive experiência na área de TI/Engenharia de Software antes de começar a trabalhar na área de dados,True,3500,-15.0,-52.0
25-29,Feminino,Branca,Centro-oeste,Graduação/Bacharelado,Empregado (CLT),Analista de BI,Pleno,de R$ 4.001/mês a R$ 6.000/mês,de 1 a 2 anos,Não tive experiência na área de TI/Engenharia de Software antes de começar a trabalhar na área de dados,False,5000,-15.0,-52.0
25-29,Masculino,Branca,Sul,Graduação/Bacharelado,Empregado (CLT),Analista de BI,Júnior,de R$ 3.001/mês a R$ 4.000/mês,de 3 a 4 anos,de 1 a 2 anos,True,3500,-27.0,-51.0
25-29,Masculino,Branca,Sul,Pós-graduação,Empregado (CLT),Analista de Negócios,Sênior,de R$ 12.001/mês a R$ 16.000/mês,de 3 a 4 anos,Menos de 1 ano,True,14000,-27.0,-51.0
25-29,Masculino,Amarela,Sudeste,Graduação/Bacharelado,Empregado (CLT),Cientista de Dados,Pleno,de R$ 8.001/mês a R$ 12.000/mês,de 1 a 2 anos,Não tive experiência na área de TI/Engenharia de Software antes de começar a trabalhar na área de dados,True,10000,-20.0,-44.0
25-29,Masculino,Branca,Sudeste,Graduação/Bacharelado,Empregado (CLT),Analista de Dados,Júnior,de R$ 4.001/mês a R$ 6.000/mês,de 3 a 4 anos,de 3 a 4 anos,False,5000,-20.0,-44.0
25-29,Masculino,Branca,Sul,Graduação/Bacharelado,Empregado (CLT),Analista de Dados,Pleno,de R$ 4.001/mês a R$ 6.000/mês,de 3 a 4 anos,Não tive experiência na área de TI/Engenharia de Software antes de começar a trabalhar na área de dados,False,5000,-27.0,-51.0
25-29,Masculino,Parda,Sudeste,Graduação/Bacharelado,Empregado (CLT),Analista de Dados,Pleno,de R$ 4.001/mês a R$ 6.000/mês,de 3 a 4 anos,de 1 a 2 anos,True,5000,-20.0,-44.0
25-29,Masculino,Branca,Sudeste,Graduação/Bacharelado,Empregado (CLT),Cientista de Dados,Pleno,de R$ 4.001/mês a R$ 6.000/mês,de 3 a 4 anos,Não tive experiência na área de TI/Engenharia de Software antes de começar a trabalhar na área de dados,True,5000,-20.0,-44.0
25-29,Masculino,Branca,Sudeste,Estudante de Graduação,Estagiário,Cientista de Dados,Júnior,de R$ 1.001/mês a R$ 2.000/mês,Menos de 1 ano,Não tive experiência na área de TI/Engenharia de Software antes de começar a trabalhar na área de dados,True,1500,-20.0,-44.0
25-29,Feminino,Parda,Centro-oeste,Estudante de Graduação,Empregado (CLT),Analista de Dados,Pleno,de R$ 4.001/mês a R$ 6.000/mês,de 3 a 4 anos,Não tive experiência na área de TI/Engenharia de Software antes de começar a trabalhar na área de dados,True,5000,-15.0,-52.0
25-29,Masculino,Branca,Sudeste,Mestrado,Empreendedor ou Empregado (CNPJ),Cientista de Dados,Sênior,de R$ 16.001/mês a R$ 20.000/mês,de 5 a 6 anos,de 1 a 2 anos,True,18000,-20.0,-44.0
25-29,Masculino,Branca,Centro-oeste,Pós-graduação,Empregado (CLT),Engenheiro de Dados,Sênior,de R$ 12.001/mês a R$ 16.000/mês,de 7 a 10 anos,de 1 a 2 anos,True,14000,-15.0,-52.0
25-29,Masculino,Parda,Centro-oeste,Pós-graduação,Empregado (CLT),Analista de Negócios,Sênior,de R$ 6.001/mês a R$ 8.000/mês,de 3 a 4 anos,Não tive experiência na área de TI/Engenharia de Software antes de começar a trabalhar na área de dados,True,7000,-15.0,-52.0
25-29,Masculino,Parda,Nordeste,Graduação/Bacharelado,Empregado (CLT),Cientista de Dados,Pleno,de R$ 6.001/mês a R$ 8.000/mês,de 3 a 4 anos,Não tive experiência na área de TI/Engenharia de Software antes de começar a trabalhar na área de dados,True,7000,-8.0,-38.0
25-29,Masculino,Branca,Nordeste,Estudante de Graduação,Empregado (CLT),Analista de Dados,Pleno,de R$ 2.001/mês a R$ 3.000/mês,de 1 a 2 anos,Não tive experiência na área de TI/Engenharia de Software antes de começar a trabalhar na área de dados,False,2500,-8.0,-38.0
25-29,Masculino,Parda,Centro-oeste,Estudante de Graduação,Vivo no Brasil e trabalho remoto para empresa de fora do Brasil,Analista de BI,Sênior,de R$ 8.001/mês a R$ 12.000/mês,de 5 a 6 anos,Não tive experiência na área de TI/Engenharia de Software antes de começar a trabalhar na área de dados,True,10000,-15.0,-52.0
25-29,Masculino,Branca,Sudeste,Graduação/Bacharelado,Empregado (CLT),Analista de BI,Pleno,de R$ 8.001/mês a R$ 12.000/mês,de 3 a 4 anos,Não tive experiência na área de TI/Engenharia de Software antes de começar a trabalhar na área de dados,True,10000,-20.0,-44.0
25-29,Masculino,Branca,Sudeste,Mestrado,Empregado (CLT),Cientista de Dados,Pleno,de R$ 8.001/mês a R$ 12.000/mês,de 5 a 6 anos,Não tive experiência na área de TI/Engenharia de Software antes de começar a trabalhar na área de dados,True,10000,-20.0,-44.0
25-29,Masculino,Branca,Sul,Estudante de Graduação,Empregado (CLT),Analista de Dados,Júnior,de R$ 3.001/mês a R$ 4.000/mês,de 1 a 2 anos,de 1 a 2 anos,False,3500,-27.0,-51.0
25-29,Masculino,Branca,Sul,Não tenho graduação formal,Empreendedor ou Empregado (CNPJ),Analista de Dados,Pleno,de R$ 8.001/mês a R$ 12.000/mês,de 5 a 6 anos,Não tive experiência na área de TI/Engenharia de Software antes de começar a trabalhar na área de dados,True,10000,-27.0,-51.0
25-29,Masculino,Parda,Sudeste,Graduação/Bacharelado,Empregado (CLT),Analista de BI,Júnior,de R$ 2.001/mês a R$ 3.000/mês,Menos de 1 ano,de 1 a 2 anos,False,2500,-20.0,-44.0
25-29,Masculino,Branca,Sudeste,Pós-graduação,Empregado (CLT),Engenheiro de Dados,Pleno,de R$ 8.001/mês a R$ 12.000/mês,de 3 a 4 anos,Não tive experiência na área de TI/Engenharia de Software antes de começar a trabalhar na área de dados,False,10000,-20.0,-44.0
25-29,Masculino,Branca,Sudeste,Graduação/Bacharelado,Empregado (CLT),Analista de Dados,Pleno,de R$ 6.001/mês a R$ 8.000/mês,de 3 a 4 anos,Menos de 1 ano,False,7000,-20.0,-44.0
25-29,Masculino,Preta,Sudeste,Graduação/Bacharelado,Empregado (CLT),Cientista de Dados,Pleno,de R$ 8.001/mês a R$ 12.000/mês,de 3 a 4 anos,Não tive experiência na área de TI/Engenharia de Software antes de começar a trabalhar na área de dados,True,10000,-20.0,-44.0
25-29,Feminino,Parda,Sudeste,Mestrado,Empregado (CLT),Engenheiro de Dados,Júnior,de R$ 4.001/mês a R$ 6.000/mês,de 1 a 2 anos,Não tive experiência na área de TI/Engenharia de Software antes de começar a trabalhar na área de dados,True,5000,-20.0,-44.0
25-29,Feminino,Branca,Sul,Estudante de Graduação,Empregado (CLT),Analytics Engineer,Júnior,de R$ 2.001/mês a R$ 3.000/mês,de 1 a 2 anos,Não tive experiência na área de TI/Engenharia de Software antes de começar a trabalhar na área de dados,True,2500,-27.0,-51.0
25-29,Masculino,Branca,Sudeste,Pós-graduação,Empregado (CLT),Analista de Negócios,Pleno,de R$ 8.001/mês a R$ 12.000/mês,de 5 a 6 anos,Menos de 1 ano,False,10000,-20.0,-44.0
25-29,Masculino,Parda,Sudeste,Graduação/Bacharelado,Empregado (CLT),Analista de Dados,Pleno,de R$ 4.001/mês a R$ 6.000/mês,de 1 a 2 anos,Não tive experiência na área de TI/Engenharia de Software antes de começar a trabalhar na área de dados,True,5000,-20.0,-44.0
25-29,Masculino,Branca,Sul,Não tenho graduação formal,Empregado (CLT),Analista de BI,Júnior,de R$ 3.001/mês a R$ 4.000/mês,Menos de 1 ano,Não tive experiência na área de TI/Engenharia de Software antes de começar a trabalhar na área de dados,True,3500,-27.0,-51.0
25-29,Masculino,Branca,Nordeste,Pós-graduação,Empregado (CLT),Cientista de Dados,Sênior,de R$ 8.001/mês a R$ 12.000/mês,de 3 a 4 anos,Não tive experiência na área de TI/Engenharia de Software antes de começar a trabalhar na área de dados,True,10000,-8.0,-38.0
25-29,Feminino,Parda,Sudeste,Graduação/Bacharelado,Empregado (CLT),Cientista de Dados,Júnior,de R$ 2.001/mês a R$ 3.000/mês,de 3 a 4 anos,Não tive experiência na área de TI/Engenharia de Software antes de começar a trabalhar na área de dados,False,2500,-20.0,-44.0
25-29,Feminino,Branca,Sudeste,Graduação/Bacharelado,Empregado (CLT),Analista de Dados,Pleno,de R$ 4.001/mês a R$ 6.000/mês,de 3 a 4 anos,Não tive experiência na área de TI/Engenharia de Software antes de começar a trabalhar na área de dados,True,5000,-20.0,-44.0
25-29,Masculino,Parda,Centro-oeste,Graduação/Bacharelado,Empregado (CLT),Engenheiro de Dados,Pleno,de R$ 4.001/mês a R$ 6.000/mês,de 3 a 4 anos,de 1 a 2 anos,True,5000,-15.0,-52.0
25-29,Masculino,Parda,Nordeste,Graduação/Bacharelado,Empreendedor ou Empregado (CNPJ),Engenheiro de Dados,Sênior,de R$ 16.001/mês a R$ 20.000/mês,de 5 a 6 anos,Não tive experiência na área de TI/Engenharia de Software antes de começar a trabalhar na área de dados,True,18000,-8.0,-38.0
25-29,Masculino,Parda,Sudeste,Pós-graduação,Empregado (CLT),Analista de Dados,Sênior,de R$ 8.001/mês a R$ 12.000/mês,de 3 a 4 anos,Não tive experiência na área de TI/Engenharia de Software antes de começar a trabalhar na área de dados,True,10000,-20.0,-44.0
25-29,Masculino,Branca,Sudeste,Pós-graduação,Empregado (CLT),Outro,Júnior,de R$ 3.001/mês a R$ 4.000/mês,de 1 a 2 anos,Menos de 1 ano,False,3500,-20.0,-44.0
25-29,Masculino,Branca,Nordeste,Mestrado,Empreendedor ou Empregado (CNPJ),Cientista de Dados,Sênior,de R$ 20.001/mês a R$ 25.000/mês,de 5 a 6 anos,de 1 a 2 anos,True,22500,-8.0,-38.0
25-29,Masculino,Branca,Sudeste,Graduação/Bacharelado,Empregado (CLT),Analista de BI,Pleno,de R$ 4.001/mês a R$ 6.000/mês,de 3 a 4 anos,de 3 a 4 anos,False,5000,-20.0,-44.0
25-29,Masculino,Parda,Sudeste,Graduação/Bacharelado,Empregado (CLT),Engenheiro de Dados,Pleno,de R$ 4.001/mês a R$ 6.000/mês,de 3 a 4 anos,de 5 a 6 anos,False,5000,-20.0,-44.0
25-29,Masculino,Branca,Sudeste,Graduação/Bacharelado,Empregado (CLT),Analista de Dados,Júnior,de R$ 4.001/mês a R$ 6.000/mês,de 3 a 4 anos,Não tive experiência na área de TI/Engenharia de Software antes de começar a trabalhar na área de dados,True,5000,-20.0,-44.0
25-29,Masculino,Branca,Sudeste,Graduação/Bacharelado,Empregado (CLT),Engenheiro de Dados,Júnior,de R$ 4.001/mês a R$ 6.000/mês,Não tenho experiência na área de dados,de 3 a 4 anos,True,5000,-20.0,-44.0
25-29,Feminino,Branca,Nordeste,Graduação/Bacharelado,Empregado (CLT),Desenvolvedor,Pleno,de R$ 3.001/mês a R$ 4.000/mês,Menos de 1 ano,de 1 a 2 anos,True,3500,-8.0,-38.0
25-29,Feminino,Amarela,Sudeste,Graduação/Bacharelado,Empreendedor ou Empregado (CNPJ),Cientista de Dados,Sênior,de R$ 16.001/mês a R$ 20.000/mês,de 3 a 4 anos,Não tive experiência na área de TI/Engenharia de Software antes de começar a trabalhar na área de dados,False,18000,-20.0,-44.0
25-29,Masculino,Branca,Sudeste,Graduação/Bacharelado,Empregado (CLT),Analista de BI,Júnior,de R$ 3.001/mês a R$ 4.000/mês,de 1 a 2 anos,Não tive experiência na área de TI/Engenharia de Software antes de começar a trabalhar na área de dados,True,3500,-20.0,-44.0
25-29,Feminino,Branca,Sudeste,Pós-graduação,Empregado (CLT),Analista de Dados,Pleno,de R$ 4.001/mês a R$ 6.000/mês,de 7 a 10 anos,Não tive experiência na área de TI/Engenharia de Software antes de começar a trabalhar na área de dados,True,5000,-20.0,-44.0
25-29,Masculino,Branca,Sul,Pós-graduação,Empregado (CLT),Analista de Dados,Sênior,de R$ 6.001/mês a R$ 8.000/mês,de 3 a 4 anos,Não tive experiência na área de TI/Engenharia de Software antes de começar a trabalhar na área de dados,True,7000,-27.0,-51.0
25-29,Masculino,Branca,Sudeste,Graduação/Bacharelado,Empregado (CLT),Engenheiro de Dados,Júnior,de R$ 3.001/mês a R$ 4.000/mês,Menos de 1 ano,de 5 a 6 anos,True,3500,-20.0,-44.0
25-29,Feminino,Branca,Sudeste,Graduação/Bacharelado,Empregado (CLT),Desenvolvedor,Pleno,de R$ 4.001/mês a R$ 6.000/mês,Menos de 1 ano,de 1 a 2 anos,True,5000,-20.0,-44.0
25-29,Masculino,Branca,Sul,Não tenho graduação formal,Empregado (CLT),Analista de BI,Pleno,de R$ 4.001/mês a R$ 6.000/mês,de 5 a 6 anos,Não tive experiência na área de TI/Engenharia de Software antes de começar a trabalhar na área de dados,True,5000,-27.0,-51.0
25-29,Masculino,Branca,Sul,Graduação/Bacharelado,Empregado (CLT),Analista de BI,Pleno,de R$ 6.001/mês a R$ 8.000/mês,Menos de 1 ano,Não tive experiência na área de TI/Engenharia de Software antes de começar a trabalhar na área de dados,True,7000,-27.0,-51.0
25-29,Masculino,Branca,Sul,Graduação/Bacharelado,Empregado (CLT),Engenheiro de Dados,Júnior,de R$ 4.001/mês a R$ 6.000/mês,de 1 a 2 anos,Menos de 1 ano,False,5000,-27.0,-51.0
25-29,Masculino,Parda,Sudeste,Estudante de Graduação,Empreendedor ou Empregado (CNPJ),Analytics Engineer,Pleno,de R$ 6.001/mês a R$ 8.000/mês,de 3 a 4 anos,Não tive experiência na área de TI/Engenharia de Software antes de começar a trabalhar na área de dados,False,7000,-20.0,-44.0
25-29,Masculino,Branca,Sul,Graduação/Bacharelado,Empregado (CLT),Cientista de Dados,Pleno,de R$ 4.001/mês a R$ 6.000/mês,de 3 a 4 anos,Não tive experiência na área de TI/Engenharia de Software antes de começar a trabalhar na área de dados,True,5000,-27.0,-51.0
25-29,Masculino,Branca,Sul,Pós-graduação,Empregado (CLT),Product Manager,Sênior,de R$ 8.001/mês a R$ 12.000/mês,de 5 a 6 anos,Não tive experiência na área de TI/Engenharia de Software antes de começar a trabalhar na área de dados,True,10000,-27.0,-51.0
25-29,Masculino,Branca,Sudeste,Pós-graduação,Empregado (CLT),Engenheiro de Dados,Pleno,de R$ 8.001/mês a R$ 12.000/mês,de 3 a 4 anos,Menos de 1 ano,True,10000,-20.0,-44.0
25-29,Feminino,Branca,Sudeste,Pós-graduação,Empregado (CLT),Product Manager,Sênior,de R$ 12.001/mês a R$ 16.000/mês,de 5 a 6 anos,de 1 a 2 anos,True,14000,-20.0,-44.0
25-29,Masculino,Preta,Sudeste,Graduação/Bacharelado,Empregado (CLT),Analista de Dados,Pleno,de R$ 8.001/mês a R$ 12.000/mês,de 1 a 2 anos,Menos de 1 ano,True,10000,-20.0,-44.0
25-29,Masculino,Branca,Sudeste,Mestrado,Empregado (CLT),Cientista de Dados,Pleno,de R$ 6.001/mês a R$ 8.000/mês,de 1 a 2 anos,Não tive experiência na área de TI/Engenharia de Software antes de começar a trabalhar na área de dados,False,7000,-20.0,-44.0
25-29,Masculino,Branca,Sudeste,Graduação/Bacharelado,Empregado (CLT),Analytics Engineer,Sênior,de R$ 12.001/mês a R$ 16.000/mês,de 3 a 4 anos,Não tive experiência na área de TI/Engenharia de Software antes de começar a trabalhar na área de dados,True,14000,-20.0,-44.0
25-29,Masculino,Branca,Sudeste,Mestrado,Empregado (CLT),Cientista de Dados,Sênior,de R$ 8.001/mês a R$ 12.000/mês,de 1 a 2 anos,Menos de 1 ano,True,10000,-20.0,-44.0
25-29,Masculino,Branca,Sudeste,Graduação/Bacharelado,Empregado (CLT),Analytics Engineer,Sênior,de R$ 12.001/mês a R$ 16.000/mês,de 3 a 4 anos,Não tive experiência na área de TI/Engenharia de Software antes de começar a trabalhar na área de dados,True,14000,-20.0,-44.0
25-29,Feminino,Branca,,Graduação/Bacharelado,Empregado (CLT),Cientista de Dados,Pleno,de R$ 8.001/mês a R$ 12.000/mês,de 3 a 4 anos,Não tive experiência na área de TI/Engenharia de Software antes de começar a trabalhar na área de dados,False,10000,,
25-29,Feminino,Branca,Sudeste,Pós-graduação,Empregado (CLT),Analista de Dados,Pleno,de R$ 4.001/mês a R$ 6.000/mês,de 3 a 4 anos,Não tive experiência na área de TI/Engenharia de Software antes de começar a trabalhar na área de dados,False,5000,-20.0,-44.0
25-29,Feminino,Branca,Sudeste,Estudante de Graduação,Empregado (CLT),Analista de Dados,Júnior,de R$ 6.001/mês a R$ 8.000/mês,de 3 a 4 anos,Não tive experiência na área de TI/Engenharia de Software antes de começar a trabalhar na área de dados,True,7000,-20.0,-44.0
25-29,Masculino,Amarela,Sudeste,Graduação/Bacharelado,Empregado (CLT),Cientista de Dados,Pleno,de R$ 8.001/mês a R$ 12.000/mês,de 3 a 4 anos,Não tive experiência na área de TI/Engenharia de Software antes de começar a trabalhar na área de dados,True,10000,-20.0,-44.0
25-29,Feminino,Branca,Sudeste,Pós-graduação,Empregado (CLT),Product Manager,Pleno,de R$ 6.001/mês a R$ 8.000/mês,de 3 a 4 anos,Não tive experiência na área de TI/Engenharia de Software antes de começar a trabalhar na área de dados,True,7000,-20.0,-44.0
25-29,Masculino,Parda,Sudeste,Pós-graduação,Empregado (CLT),Analista de Dados,Sênior,de R$ 8.001/mês a R$ 12.000/mês,de 1 a 2 anos,de 1 a 2 anos,True,10000,-20.0,-44.0
25-29,Feminino,Branca,Sudeste,Graduação/Bacharelado,Empregado (CLT),Analista de BI,Pleno,de R$ 6.001/mês a R$ 8.000/mês,de 3 a 4 anos,Menos de 1 ano,True,7000,-20.0,-44.0
25-29,Masculino,Branca,Sudeste,Pós-graduação,Empreendedor ou Empregado (CNPJ),Cientista de Dados,Sênior,de R$ 12.001/mês a R$ 16.000/mês,de 5 a 6 anos,Não tive experiência na área de TI/Engenharia de Software antes de começar a trabalhar na área de dados,False,14000,-20.0,-44.0
25-29,Masculino,Branca,Sudeste,Graduação/Bacharelado,Empregado (CLT),Cientista de Dados,Sênior,de R$ 12.001/mês a R$ 16.000/mês,de 5 a 6 anos,Não tive experiência na área de TI/Engenharia de Software antes de começar a trabalhar na área de dados,True,14000,-20.0,-44.0
25-29,Masculino,Branca,Sudeste,Graduação/Bacharelado,Empregado (CLT),Analista de Dados,Sênior,de R$ 16.001/mês a R$ 20.000/mês,de 5 a 6 anos,Não tive experiência na área de TI/Engenharia de Software antes de começar a trabalhar na área de dados,True,18000,-20.0,-44.0
25-29,Feminino,Branca,Sudeste,Pós-graduação,Empregado (CLT),Cientista de Dados,Júnior,de R$ 6.001/mês a R$ 8.000/mês,de 3 a 4 anos,Não tive experiência na área de TI/Engenharia de Software antes de começar a trabalhar na área de dados,True,7000,-20.0,-44.0
25-29,Masculino,Preta,Sudeste,Graduação/Bacharelado,Empregado (CLT),Eng. Machine Learning,Sênior,de R$ 12.001/mês a R$ 16.000/mês,de 3 a 4 anos,de 1 a 2 anos,True,14000,-20.0,-44.0
25-29,Feminino,Amarela,Sudeste,Graduação/Bacharelado,Empregado (CLT),Analista de Dados,Sênior,de R$ 4.001/mês a R$ 6.000/mês,de 1 a 2 anos,de 1 a 2 anos,True,5000,-20.0,-44.0
25-29,Masculino,Branca,Sudeste,Pós-graduação,Empregado (CLT),Analista de Dados,Pleno,de R$ 4.001/mês a R$ 6.000/mês,de 1 a 2 anos,Não tive experiência na área de TI/Engenharia de Software antes de começar a trabalhar na área de dados,False,5000,-20.0,-44.0
25-29,Masculino,Branca,Nordeste,Mestrado,Empregado (CLT),Cientista de Dados,Sênior,de R$ 16.001/mês a R$ 20.000/mês,de 3 a 4 anos,Não tive experiência na área de TI/Engenharia de Software antes de começar a trabalhar na área de dados,True,18000,-8.0,-38.0
25-29,Masculino,Branca,Sudeste,Mestrado,Empregado (CLT),Analytics Engineer,Sênior,de R$ 12.001/mês a R$ 16.000/mês,de 3 a 4 anos,de 1 a 2 anos,True,14000,-20.0,-44.0
25-29,Feminino,Branca,Sul,Graduação/Bacharelado,Empregado (CLT),Analista de Dados,Pleno,de R$ 8.001/mês a R$ 12.000/mês,de 3 a 4 anos,Não tive experiência na área de TI/Engenharia de Software antes de começar a trabalhar na área de dados,True,10000,-27.0,-51.0
25-29,Masculino,Branca,Sudeste,Graduação/Bacharelado,Empregado (CLT),Analista de Dados,Pleno,de R$ 6.001/mês a R$ 8.000/mês,de 3 a 4 anos,Não tive experiência na área de TI/Engenharia de Software antes de começar a trabalhar na área de dados,True,7000,-20.0,-44.0
25-29,Masculino,Parda,Nordeste,Graduação/Bacharelado,Empregado (CLT),Product Manager,Pleno,de R$ 6.001/mês a R$ 8.000/mês,de 3 a 4 anos,Não tive experiência na área de TI/Engenharia de Software antes de começar a trabalhar na área de dados,False,7000,-8.0,-38.0
25-29,Masculino,Branca,Sudeste,Graduação/Bacharelado,Empregado (CLT),Cientista de Dados,Sênior,de R$ 20.001/mês a R$ 25.000/mês,de 7 a 10 anos,Menos de 1 ano,True,22500,-20.0,-44.0
25-29,Masculino,Preta,Sudeste,Graduação/Bacharelado,Empregado (CLT),Outro,Pleno,de R$ 4.001/mês a R$ 6.000/mês,Não tenho experiência na área de dados,Não tive experiência na área de TI/Engenharia de Software antes de começar a trabalhar na área de dados,True,5000,-20.0,-44.0
25-29,Feminino,Parda,Nordeste,Graduação/Bacharelado,Empregado (CLT),Outro,Júnior,de R$ 2.001/mês a R$ 3.000/mês,Menos de 1 ano,Não tive experiência na área de TI/Engenharia de Software antes de começar a trabalhar na área de dados,False,2500,-8.0,-38.0
25-29,Masculino,Branca,Sul,Não tenho graduação formal,Empregado (CLT),Analista de Dados,Sênior,de R$ 8.001/mês a R$ 12.000/mês,de 3 a 4 anos,Não tive experiência na área de TI/Engenharia de Software antes de começar a trabalhar na área de dados,True,10000,-27.0,-51.0
25-29,Masculino,Branca,Sul,Pós-graduação,Empregado (CLT),Engenheiro de Dados,Pleno,de R$ 8.001/mês a R$ 12.000/mês,de 3 a 4 anos,de 3 a 4 anos,True,10000,-27.0,-51.0
25-29,Feminino,Branca,Sudeste,Estudante de Graduação,Empregado (CLT),Analista de BI,Pleno,de R$ 6.001/mês a R$ 8.000/mês,de 3 a 4 anos,Não tive experiência na área de TI/Engenharia de Software antes de começar a trabalhar na área de dados,True,7000,-20.0,-44.0
25-29,Masculino,Branca,Sudeste,Estudante de Graduação,Empregado (CLT),Analista de Negócios,Sênior,de R$ 6.001/mês a R$ 8.000/mês,de 3 a 4 anos,Não tive experiência na área de TI/Engenharia de Software antes de começar a trabalhar na área de dados,False,7000,-20.0,-44.0
25-29,Masculino,Preta,Nordeste,Estudante de Graduação,Empregado (CLT),Cientista de Dados,Júnior,de R$ 4.001/mês a R$ 6.000/mês,de 1 a 2 anos,Não tive experiência na área de TI/Engenharia de Software antes de começar a trabalhar na área de dados,True,5000,-8.0,-38.0
25-29,Masculino,Parda,Sudeste,Graduação/Bacharelado,Empregado (CLT),Eng. Machine Learning,Sênior,de R$ 12.001/mês a R$ 16.000/mês,de 3 a 4 anos,de 5 a 6 anos,True,14000,-20.0,-44.0
25-29,Masculino,Preta,Sudeste,Graduação/Bacharelado,Empregado (CLT),Analista de Dados,Sênior,de R$ 8.001/mês a R$ 12.000/mês,de 7 a 10 anos,Não tive experiência na área de TI/Engenharia de Software antes de começar a trabalhar na área de dados,False,10000,-20.0,-44.0
25-29,Feminino,Branca,Nordeste,Mestrado,Empregado (CLT),Cientista de Dados,Pleno,de R$ 8.001/mês a R$ 12.000/mês,de 3 a 4 anos,Menos de 1 ano,True,10000,-8.0,-38.0
25-29,Masculino,Parda,Sudeste,Estudante de Graduação,Empregado (CLT),Analista de Dados,Pleno,de R$ 3.001/mês a R$ 4.000/mês,de 3 a 4 anos,Não tive experiência na área de TI/Engenharia de Software antes de começar a trabalhar na área de dados,False,3500,-20.0,-44.0
25-29,Masculino,Preta,Centro-oeste,Prefiro não informar,Empreendedor ou Empregado (CNPJ),Cientista de Dados,Pleno,de R$ 6.001/mês a R$ 8.000/mês,de 7 a 10 anos,de 1 a 2 anos,False,7000,-15.0,-52.0
25-29,Feminino,Branca,Sudeste,Pós-graduação,Empregado (CLT),Analista de Dados,Sênior,de R$ 8.001/mês a R$ 12.000/mês,de 3 a 4 anos,Não tive experiência na área de TI/Engenharia de Software antes de começar a trabalhar na área de dados,True,10000,-20.0,-44.0
25-29,Masculino,Branca,Sudeste,Pós-graduação,Empregado (CLT),Cientista de Dados,Sênior,de R$ 12.001/mês a R$ 16.000/mês,de 7 a 10 anos,Não tive experiência na área de TI/Engenharia de Software antes de começar a trabalhar na área de dados,True,14000,-20.0,-44.0
25-29,Masculino,Branca,Sudeste,Estudante de Graduação,Empregado (CLT),Engenheiro de Dados,Pleno,de R$ 6.001/mês a R$ 8.000/mês,de 3 a 4 anos,Menos de 1 ano,True,7000,-20.0,-44.0
25-29,Masculino,Parda,Centro-oeste,Graduação/Bacharelado,Empreendedor ou Empregado (CNPJ),Cientista de Dados,Júnior,de R$ 2.001/mês a R$ 3.000/mês,de 1 a 2 anos,de 1 a 2 anos,False,2500,-15.0,-52.0
25-29,Masculino,Parda,Nordeste,Estudante de Graduação,Empregado (CLT),Analytics Engineer,Júnior,de R$ 2.001/mês a R$ 3.000/mês,de 3 a 4 anos,Não tive experiência na área de TI/Engenharia de Software antes de começar a trabalhar na área de dados,False,2500,-8.0,-38.0
25-29,Masculino,Preta,Sudeste,Graduação/Bacharelado,Empregado (CLT),Cientista de Dados,Júnior,de R$ 4.001/mês a R$ 6.000/mês,de 3 a 4 anos,de 1 a 2 anos,True,5000,-20.0,-44.0
25-29,Masculino,Branca,Sudeste,Pós-graduação,Empregado (CLT),Cientista de Dados,Júnior,de R$ 6.001/mês a R$ 8.000/mês,de 1 a 2 anos,de 1 a 2 anos,True,7000,-20.0,-44.0
25-29,Masculino,Branca,Sudeste,Estudante de Graduação,Empregado (CLT),Analytics Engineer,Pleno,de R$ 4.001/mês a R$ 6.000/mês,de 3 a 4 anos,de 1 a 2 anos,False,5000,-20.0,-44.0
25-29,Feminino,Branca,Sudeste,Pós-graduação,Empregado (CLT),Cientista de Dados,Pleno,de R$ 8.001/mês a R$ 12.000/mês,de 3 a 4 anos,Menos de 1 ano,True,10000,-20.0,-44.0
25-29,Masculino,Branca,Sudeste,Graduação/Bacharelado,Empregado (CLT),Analista de Dados,Júnior,de R$ 4.001/mês a R$ 6.000/mês,de 3 a 4 anos,Não tive experiência na área de TI/Engenharia de Software antes de começar a trabalhar na área de dados,True,5000,-20.0,-44.0
25-29,Masculino,Branca,Sul,Pós-graduação,Empregado (CLT),Analytics Engineer,Sênior,de R$ 4.001/mês a R$ 6.000/mês,de 3 a 4 anos,de 1 a 2 anos,False,5000,-27.0,-51.0
25-29,Masculino,Branca,Sul,Estudante de Graduação,Empregado (CLT),Engenheiro de Dados,Pleno,de R$ 8.001/mês a R$ 12.000/mês,de 5 a 6 anos,Não tive experiência na área de TI/Engenharia de Software antes de começar a trabalhar na área de dados,True,10000,-27.0,-51.0
25-29,Masculino,Branca,Sudeste,Graduação/Bacharelado,Empregado (CLT),Analista de Dados,Pleno,de R$ 3.001/mês a R$ 4.000/mês,de 3 a 4 anos,de 1 a 2 anos,False,3500,-20.0,-44.0
25-29,Masculino,Branca,Sudeste,Graduação/Bacharelado,Empregado (CLT),Analista de Dados,Pleno,de R$ 4.001/mês a R$ 6.000/mês,de 3 a 4 anos,Não tive experiência na área de TI/Engenharia de Software antes de começar a trabalhar na área de dados,True,5000,-20.0,-44.0
25-29,Masculino,Parda,Sudeste,Graduação/Bacharelado,Empreendedor ou Empregado (CNPJ),Desenvolvedor,Júnior,de R$ 1.001/mês a R$ 2.000/mês,de 3 a 4 anos,Não tive experiência na área de TI/Engenharia de Software antes de começar a trabalhar na área de dados,False,1500,-20.0,-44.0
25-29,Masculino,Branca,Sudeste,Graduação/Bacharelado,Empregado (CLT),Analista de Dados,Sênior,de R$ 6.001/mês a R$ 8.000/mês,de 3 a 4 anos,Não tive experiência na área de TI/Engenharia de Software antes de começar a trabalhar na área de dados,True,7000,-20.0,-44.0
25-29,Masculino,Branca,Sudeste,Graduação/Bacharelado,Empregado (CLT),Analista de BI,Júnior,de R$ 2.001/mês a R$ 3.000/mês,de 1 a 2 anos,Menos de 1 ano,True,2500,-20.0,-44.0
25-29,Masculino,Preta,Sudeste,Graduação/Bacharelado,Empregado (CLT),Analytics Engineer,Pleno,de R$ 4.001/mês a R$ 6.000/mês,de 1 a 2 anos,de 1 a 2 anos,False,5000,-20.0,-44.0
25-29,Masculino,Branca,Sudeste,Graduação/Bacharelado,Empregado (CLT),Analista de Dados,Júnior,de R$ 6.001/mês a R$ 8.000/mês,de 3 a 4 anos,Não tive experiência na área de TI/Engenharia de Software antes de começar a trabalhar na área de dados,True,7000,-20.0,-44.0
25-29,Masculino,Parda,Sudeste,Graduação/Bacharelado,Empregado (CLT),Analista de Negócios,Júnior,de R$ 4.001/mês a R$ 6.000/mês,de 1 a 2 anos,Menos de 1 ano,False,5000,-20.0,-44.0
25-29,Masculino,Branca,Nordeste,Graduação/Bacharelado,Empregado (CLT),Cientista de Dados,Pleno,de R$ 6.001/mês a R$ 8.000/mês,de 3 a 4 anos,de 3 a 4 anos,True,7000,-8.0,-38.0
25-29,Masculino,Parda,Sudeste,Estudante de Graduação,Empregado (CLT),Engenheiro de Dados,Pleno,de R$ 6.001/mês a R$ 8.000/mês,de 5 a 6 anos,de 7 a 10 anos,True,7000,-20.0,-44.0
25-29,Feminino,Branca,Sudeste,Mestrado,Empregado (CLT),Analista de Dados,Pleno,de R$ 4.001/mês a R$ 6.000/mês,Menos de 1 ano,Não tive experiência na área de TI/Engenharia de Software antes de começar a trabalhar na área de dados,True,5000,-20.0,-44.0
25-29,Masculino,Branca,Sul,Pós-graduação,Empregado (CLT),Analista de Dados,Pleno,de R$ 8.001/mês a R$ 12.000/mês,de 3 a 4 anos,Não tive experiência na área de TI/Engenharia de Software antes de começar a trabalhar na área de dados,True,10000,-27.0,-51.0
25-29,Masculino,Parda,Sudeste,Graduação/Bacharelado,Empregado (CLT),Analista de BI,Pleno,de R$ 8.001/mês a R$ 12.000/mês,de 5 a 6 anos,Menos de 1 ano,False,10000,-20.0,-44.0
25-29,Masculino,Parda,Nordeste,Graduação/Bacharelado,Empregado (CLT),Cientista de Dados,Sênior,de R$ 20.001/mês a R$ 25.000/mês,de 5 a 6 anos,Não tive experiência na área de TI/Engenharia de Software antes de começar a trabalhar na área de dados,True,22500,-8.0,-38.0
25-29,Feminino,Branca,Sudeste,Graduação/Bacharelado,Empregado (CLT),Engenheiro de Dados,Sênior,de R$ 16.001/mês a R$ 20.000/mês,de 3 a 4 anos,de 1 a 2 anos,False,18000,-20.0,-44.0
25-29,Feminino,Parda,Centro-oeste,Graduação/Bacharelado,Empreendedor ou Empregado (CNPJ),Analista de Dados,Pleno,de R$ 4.001/mês a R$ 6.000/mês,de 3 a 4 anos,Menos de 1 ano,True,5000,-15.0,-52.0
25-29,Masculino,Branca,Sudeste,Graduação/Bacharelado,Empregado (CLT),Analista de Negócios,Sênior,de R$ 16.001/mês a R$ 20.000/mês,de 5 a 6 anos,Não tive experiência na área de TI/Engenharia de Software antes de começar a trabalhar na área de dados,True,18000,-20.0,-44.0
25-29,Feminino,Branca,Sul,Mestrado,Empregado (CLT),Analista de Dados,Pleno,de R$ 3.001/mês a R$ 4.000/mês,de 3 a 4 anos,Não tive experiência na área de TI/Engenharia de Software antes de começar a trabalhar na área de dados,True,3500,-27.0,-51.0
25-29,Masculino,Preta,Nordeste,Graduação/Bacharelado,Empregado (CLT),Analista de BI,Júnior,de R$ 4.001/mês a R$ 6.000/mês,Menos de 1 ano,Menos de 1 ano,True,5000,-8.0,-38.0
25-29,Masculino,Branca,Sudeste,Graduação/Bacharelado,Empregado (CLT),Analista de Negócios,Pleno,de R$ 4.001/mês a R$ 6.000/mês,de 1 a 2 anos,Não tive experiência na área de TI/Engenharia de Software antes de começar a trabalhar na área de dados,True,5000,-20.0,-44.0
25-29,Feminino,Branca,Sudeste,Pós-graduação,Empregado (CLT),Engenheiro de Dados,Pleno,de R$ 6.001/mês a R$ 8.000/mês,de 3 a 4 anos,de 1 a 2 anos,True,7000,-20.0,-44.0
25-29,Masculino,Parda,Sudeste,Graduação/Bacharelado,Empregado (CLT),Analista de Dados,Pleno,de R$ 6.001/mês a R$ 8.000/mês,de 1 a 2 anos,Não tive experiência na área de TI/Engenharia de Software antes de começar a trabalhar na área de dados,True,7000,-20.0,-44.0
25-29,Masculino,Parda,Norte,Estudante de Graduação,Empregado (CLT),Engenheiro de Dados,Pleno,de R$ 8.001/mês a R$ 12.000/mês,de 5 a 6 anos,Não tive experiência na área de TI/Engenharia de Software antes de começar a trabalhar na área de dados,True,10000,-5.0,-60.0
25-29,Masculino,Branca,Sudeste,Pós-graduação,Empregado (CLT),Desenvolvedor,Pleno,de R$ 6.001/mês a R$ 8.000/mês,Menos de 1 ano,de 5 a 6 anos,False,7000,-20.0,-44.0
25-29,Masculino,Parda,Nordeste,Graduação/Bacharelado,Empregado (CLT),Cientista de Dados,Júnior,de R$ 4.001/mês a R$ 6.000/mês,de 1 a 2 anos,Não tive experiência na área de TI/Engenharia de Software antes de começar a trabalhar na área de dados,False,5000,-8.0,-38.0
25-29,Masculino,Branca,Sudeste,Graduação/Bacharelado,Empregado (CLT),Analista de BI,Pleno,de R$ 6.001/mês a R$ 8.000/mês,de 1 a 2 anos,Não tive experiência na área de TI/Engenharia de Software antes de começar a trabalhar na área de dados,False,7000,-20.0,-44.0
25-29,Masculino,Branca,Sul,Graduação/Bacharelado,Empregado (CLT),Analista de BI,Pleno,de R$ 2.001/mês a R$ 3.000/mês,de 1 a 2 anos,Não tive experiência na área de TI/Engenharia de Software antes de começar a trabalhar na área de dados,False,2500,-27.0,-51.0
25-29,Feminino,Branca,Sudeste,Pós-graduação,Empregado (CLT),Analista de Dados,Sênior,de R$ 12.001/mês a R$ 16.000/mês,de 7 a 10 anos,Não tive experiência na área de TI/Engenharia de Software antes de começar a trabalhar na área de dados,True,14000,-20.0,-44.0
25-29,Masculino,Branca,Sudeste,Graduação/Bacharelado,Empregado (CLT),Analytics Engineer,Pleno,de R$ 8.001/mês a R$ 12.000/mês,de 3 a 4 anos,Não tive experiência na área de TI/Engenharia de Software antes de começar a trabalhar na área de dados,True,10000,-20.0,-44.0
25-29,Masculino,Branca,Sul,Pós-graduação,Empregado (CLT),Cientista de Dados,Sênior,de R$ 6.001/mês a R$ 8.000/mês,de 5 a 6 anos,Menos de 1 ano,True,7000,-27.0,-51.0
25-29,Masculino,Parda,Nordeste,Pós-graduação,Empregado (CLT),Engenheiro de Dados,Sênior,de R$ 12.001/mês a R$ 16.000/mês,de 3 a 4 anos,de 1 a 2 anos,False,14000,-8.0,-38.0
25-29,Masculino,Branca,Sudeste,Graduação/Bacharelado,Empregado (CLT),Engenheiro de Dados,Sênior,de R$ 12.001/mês a R$ 16.000/mês,de 5 a 6 anos,Não tive experiência na área de TI/Engenharia de Software antes de começar a trabalhar na área de dados,False,14000,-20.0,-44.0
25-29,Feminino,Branca,Sul,Pós-graduação,Empregado (CLT),Analista de BI,Pleno,de R$ 3.001/mês a R$ 4.000/mês,de 1 a 2 anos,Não tive experiência na área de TI/Engenharia de Software antes de começar a trabalhar na área de dados,True,3500,-27.0,-51.0
25-29,Masculino,Branca,Sul,Graduação/Bacharelado,Empregado (CLT),Analista de Dados,Pleno,de R$ 4.001/mês a R$ 6.000/mês,de 3 a 4 anos,Não tive experiência na área de TI/Engenharia de Software antes de começar a trabalhar na área de dados,False,5000,-27.0,-51.0
25-29,Masculino,Branca,Sudeste,Pós-graduação,Empregado (CLT),Cientista de Dados,Júnior,de R$ 6.001/mês a R$ 8.000/mês,de 1 a 2 anos,Não tive experiência na área de TI/Engenharia de Software antes de começar a trabalhar na área de dados,True,7000,-20.0,-44.0
25-29,Masculino,Branca,Sul,Graduação/Bacharelado,Empreendedor ou Empregado (CNPJ),Engenheiro de Dados,Pleno,de R$ 6.001/mês a R$ 8.000/mês,de 3 a 4 anos,Menos de 1 ano,True,7000,-27.0,-51.0
25-29,Feminino,Branca,Sudeste,Graduação/Bacharelado,Empregado (CLT),Analista de Negócios,Pleno,de R$ 8.001/mês a R$ 12.000/mês,de 3 a 4 anos,Não tive experiência na área de TI/Engenharia de Software antes de começar a trabalhar na área de dados,False,10000,-20.0,-44.0
25-29,Feminino,Branca,Sul,Estudante de Graduação,Empregado (CLT),Analista de Suporte,Pleno,de R$ 3.001/mês a R$ 4.000/mês,de 1 a 2 anos,Menos de 1 ano,False,3500,-27.0,-51.0
25-29,Feminino,Parda,Nordeste,Não tenho graduação formal,Empregado (CLT),Analista de Dados,Pleno,de R$ 6.001/mês a R$ 8.000/mês,de 1 a 2 anos,Não tive experiência na área de TI/Engenharia de Software antes de começar a trabalhar na área de dados,True,7000,-8.0,-38.0
25-29,Masculino,Parda,Centro-oeste,Graduação/Bacharelado,Servidor Público,Cientista de Dados,Pleno,de R$ 6.001/mês a R$ 8.000/mês,de 3 a 4 anos,de 1 a 2 anos,False,7000,-15.0,-52.0
25-29,Masculino,Parda,Nordeste,Não tenho graduação formal,Freelancer,Outro,Pleno,Menos de R$ 1.000/mês,Não tenho experiência na área de dados,Não tive experiência na área de TI/Engenharia de Software antes de começar a trabalhar na área de dados,False,500,-8.0,-38.0
25-29,Masculino,Parda,Nordeste,Pós-graduação,Empregado (CLT),Analista de BI,Pleno,de R$ 3.001/mês a R$ 4.000/mês,de 1 a 2 anos,de 1 a 2 anos,False,3500,-8.0,-38.0
25-29,Feminino,Preta,Centro-oeste,Graduação/Bacharelado,Empregado (CLT),Analista de Dados,Júnior,de R$ 4.001/mês a R$ 6.000/mês,de 1 a 2 anos,de 1 a 2 anos,True,5000,-15.0,-52.0
25-29,Masculino,Parda,Sudeste,Graduação/Bacharelado,Empregado (CLT),Outro,Júnior,de R$ 4.001/mês a R$ 6.000/mês,de 1 a 2 anos,Não tive experiência na área de TI/Engenharia de Software antes de começar a trabalhar na área de dados,True,5000,-20.0,-44.0
25-29,Masculino,Parda,Sudeste,Graduação/Bacharelado,Empreendedor ou Empregado (CNPJ),Analista de Dados,Júnior,de R$ 2.001/mês a R$ 3.000/mês,Menos de 1 ano,Não tive experiência na área de TI/Engenharia de Software antes de começar a trabalhar na área de dados,False,2500,-20.0,-44.0
25-29,Feminino,Branca,Sul,Graduação/Bacharelado,Empregado (CLT),Engenheiro de Dados,Júnior,de R$ 6.001/mês a R$ 8.000/mês,Menos de 1 ano,Não tive experiência na área de TI/Engenharia de Software antes de começar a trabalhar na área de dados,True,7000,-27.0,-51.0
25-29,Feminino,Parda,Sudeste,Pós-graduação,Empregado (CLT),Engenheiro de Dados,Pleno,de R$ 6.001/mês a R$ 8.000/mês,de 3 a 4 anos,Não tive experiência na área de TI/Engenharia de Software antes de começar a trabalhar na área de dados,True,7000,-20.0,-44.0
25-29,Masculino,Parda,Sul,Pós-graduação,Empregado (CLT),Analista de BI,Pleno,de R$ 4.001/mês a R$ 6.000/mês,de 3 a 4 anos,Não tive experiência na área de TI/Engenharia de Software antes de começar a trabalhar na área de dados,True,5000,-27.0,-51.0
25-29,Masculino,Branca,Centro-oeste,Graduação/Bacharelado,Empreendedor ou Empregado (CNPJ),Cientista de Dados,Júnior,de R$ 2.001/mês a R$ 3.000/mês,de 1 a 2 anos,Não tive experiência na área de TI/Engenharia de Software antes de começar a trabalhar na área de dados,False,2500,-15.0,-52.0
25-29,Feminino,Preta,Nordeste,Graduação/Bacharelado,Empregado (CLT),Analista de Dados,Sênior,de R$ 6.001/mês a R$ 8.000/mês,de 3 a 4 anos,de 3 a 4 anos,True,7000,-8.0,-38.0
25-29,Masculino,Branca,Sudeste,Graduação/Bacharelado,Empregado (CLT),Analista de Dados,Pleno,de R$ 4.001/mês a R$ 6.000/mês,de 3 a 4 anos,Não tive experiência na área de TI/Engenharia de Software antes de começar a trabalhar na área de dados,True,5000,-20.0,-44.0
25-29,Masculino,Branca,Sul,Pós-graduação,Empregado (CLT),Engenheiro de Dados,Pleno,de R$ 8.001/mês a R$ 12.000/mês,de 5 a 6 anos,Não tive experiência na área de TI/Engenharia de Software antes de começar a trabalhar na área de dados,False,10000,-27.0,-51.0
25-29,Masculino,Branca,Sul,Pós-graduação,Empregado (CLT),Estatístico,Pleno,de R$ 3.001/mês a R$ 4.000/mês,de 3 a 4 anos,Não tive experiência na área de TI/Engenharia de Software antes de começar a trabalhar na área de dados,False,3500,-27.0,-51.0
25-29,Masculino,Branca,Centro-oeste,Mestrado,Servidor Público,Cientista de Dados,Pleno,de R$ 8.001/mês a R$ 12.000/mês,de 1 a 2 anos,Não tive experiência na área de TI/Engenharia de Software antes de começar a trabalhar na área de dados,True,10000,-15.0,-52.0
25-29,Masculino,Parda,Centro-oeste,Graduação/Bacharelado,Empregado (CLT),Analista de Dados,Pleno,de R$ 8.001/mês a R$ 12.000/mês,de 3 a 4 anos,de 1 a 2 anos,False,10000,-15.0,-52.0
25-29,Feminino,Branca,Sudeste,Pós-graduação,Empregado (CLT),Cientista de Dados,Pleno,de R$ 6.001/mês a R$ 8.000/mês,de 3 a 4 anos,Não tive experiência na área de TI/Engenharia de Software antes de começar a trabalhar na área de dados,False,7000,-20.0,-44.0
25-29,Masculino,Branca,Sul,Pós-graduação,Empregado (CLT),Analista de BI,Sênior,de R$ 12.001/mês a R$ 16.000/mês,de 3 a 4 anos,de 1 a 2 anos,True,14000,-27.0,-51.0
25-29,Masculino,Parda,Sudeste,Graduação/Bacharelado,Empregado (CLT),Desenvolvedor,Júnior,de R$ 6.001/mês a R$ 8.000/mês,de 3 a 4 anos,de 3 a 4 anos,False,7000,-20.0,-44.0
25-29,Masculino,Branca,Sudeste,Graduação/Bacharelado,Empregado (CLT),Analista de Dados,Júnior,de R$ 4.001/mês a R$ 6.000/mês,Menos de 1 ano,Não tive experiência na área de TI/Engenharia de Software antes de começar a trabalhar na área de dados,False,5000,-20.0,-44.0
25-29,Masculino,Parda,Sudeste,Estudante de Graduação,Empregado (CLT),Analista de BI,Júnior,de R$ 3.001/mês a R$ 4.000/mês,de 1 a 2 anos,de 1 a 2 anos,True,3500,-20.0,-44.0
25-29,Masculino,Branca,Sul,Graduação/Bacharelado,Empreendedor ou Empregado (CNPJ),Cientista de Dados,Sênior,de R$ 12.001/mês a R$ 16.000/mês,de 3 a 4 anos,Não tive experiência na área de TI/Engenharia de Software antes de começar a trabalhar na área de dados,False,14000,-27.0,-51.0
25-29,Masculino,Branca,Sudeste,Mestrado,Empregado (CLT),Analista de Dados,Pleno,de R$ 6.001/mês a R$ 8.000/mês,de 3 a 4 anos,Não tive experiência na área de TI/Engenharia de Software antes de começar a trabalhar na área de dados,False,7000,-20.0,-44.0
25-29,Masculino,Branca,Sudeste,Estudante de Graduação,Estagiário,Outro,Júnior,de R$ 1.001/mês a R$ 2.000/mês,Não tenho experiência na área de dados,Não tive experiência na área de TI/Engenharia de Software antes de começar a trabalhar na área de dados,True,1500,-20.0,-44.0
25-29,Masculino,Parda,,Mestrado,Vivo fora do Brasil e trabalho para empresa de fora do Brasil,Engenheiro de Dados,Pleno,de R$ 16.001/mês a R$ 20.000/mês,Menos de 1 ano,Menos de 1 ano,False,18000,,
25-29,Masculino,Branca,Sudeste,Mestrado,Empregado (CLT),Cientista de Dados,Pleno,de R$ 8.001/mês a R$ 12.000/mês,Menos de 1 ano,Não tive experiência na área de TI/Engenharia de Software antes de começar a trabalhar na área de dados,True,10000,-20.0,-44.0
25-29,Masculino,Branca,Nordeste,Pós-graduação,Vivo no Brasil e trabalho remoto para empresa de fora do Brasil,Analista de Dados,Sênior,de R$ 25.001/mês a R$ 30.000/mês,de 5 a 6 anos,Não tive experiência na área de TI/Engenharia de Software antes de começar a trabalhar na área de dados,True,27500,-8.0,-38.0
25-29,Masculino,Preta,Nordeste,Estudante de Graduação,Servidor Público,Outro,Júnior,de R$ 1.001/mês a R$ 2.000/mês,Não tenho experiência na área de dados,Não tive experiência na área de TI/Engenharia de Software antes de começar a trabalhar na área de dados,False,1500,-8.0,-38.0
25-29,Masculino,Preta,Sudeste,Graduação/Bacharelado,Empregado (CLT),Cientista de Dados,Júnior,de R$ 6.001/mês a R$ 8.000/mês,de 3 a 4 anos,de 1 a 2 anos,False,7000,-20.0,-44.0
25-29,Feminino,Branca,Sudeste,Graduação/Bacharelado,Empregado (CLT),Analista de BI,Júnior,de R$ 4.001/mês a R$ 6.000/mês,de 1 a 2 anos,Não tive experiência na área de TI/Engenharia de Software antes de começar a trabalhar na área de dados,True,5000,-20.0,-44.0
25-29,Masculino,Branca,Centro-oeste,Graduação/Bacharelado,Empregado (CLT),Arquiteto de Dados,Pleno,de R$ 4.001/mês a R$ 6.000/mês,de 3 a 4 anos,de 5 a 6 anos,True,5000,-15.0,-52.0
25-29,Masculino,Branca,Sul,Graduação/Bacharelado,Empreendedor ou Empregado (CNPJ),Analytics Engineer,Pleno,de R$ 8.001/mês a R$ 12.000/mês,de 3 a 4 anos,Não tive experiência na área de TI/Engenharia de Software antes de começar a trabalhar na área de dados,True,10000,-27.0,-51.0
25-29,Masculino,Branca,Sul,Não tenho graduação formal,Empreendedor ou Empregado (CNPJ),Analytics Engineer,Pleno,de R$ 8.001/mês a R$ 12.000/mês,de 3 a 4 anos,de 1 a 2 anos,False,10000,-27.0,-51.0
25-29,Masculino,Branca,Sudeste,Graduação/Bacharelado,Empregado (CLT),Eng. Machine Learning,Pleno,de R$ 8.001/mês a R$ 12.000/mês,de 3 a 4 anos,de 1 a 2 anos,True,10000,-20.0,-44.0
25-29,Masculino,Branca,Sul,Não tenho graduação formal,Empreendedor ou Empregado (CNPJ),Analista de BI,Júnior,de R$ 4.001/mês a R$ 6.000/mês,Menos de 1 ano,de 3 a 4 anos,True,5000,-27.0,-51.0
25-29,Feminino,Branca,Sudeste,Graduação/Bacharelado,Empregado (CLT),Analytics Engineer,Júnior,de R$ 6.001/mês a R$ 8.000/mês,de 3 a 4 anos,Não tive experiência na área de TI/Engenharia de Software antes de começar a trabalhar na área de dados,True,7000,-20.0,-44.0
25-29,Masculino,Branca,Sul,Pós-graduação,Empreendedor ou Empregado (CNPJ),Analista de Dados,Júnior,de R$ 4.001/mês a R$ 6.000/mês,de 1 a 2 anos,Menos de 1 ano,True,5000,-27.0,-51.0
25-29,Masculino,Parda,Nordeste,Graduação/Bacharelado,Servidor Público,Professor/Pesquisador,Júnior,de R$ 2.001/mês a R$ 3.000/mês,Não tenho experiência na área de dados,Não tive experiência na área de TI/Engenharia de Software antes de começar a trabalhar na área de dados,True,2500,-8.0,-38.0
25-29,Masculino,Branca,Centro-oeste,Graduação/Bacharelado,Empregado (CLT),Analista de Suporte,Pleno,de R$ 8.001/mês a R$ 12.000/mês,de 1 a 2 anos,Não tive experiência na área de TI/Engenharia de Software antes de começar a trabalhar na área de dados,True,10000,-15.0,-52.0
25-29,Masculino,Branca,Nordeste,Graduação/Bacharelado,Empregado (CLT),Cientista de Dados,Pleno,de R$ 6.001/mês a R$ 8.000/mês,de 3 a 4 anos,de 3 a 4 anos,True,7000,-8.0,-38.0
25-29,Feminino,Branca,Sudeste,Graduação/Bacharelado,Empregado (CLT),Analista de Dados,Júnior,de R$ 2.001/mês a R$ 3.000/mês,de 1 a 2 anos,Não tive experiência na área de TI/Engenharia de Software antes de começar a trabalhar na área de dados,True,2500,-20.0,-44.0
25-29,Feminino,Parda,Nordeste,Mestrado,Empregado (CLT),Engenheiro de Dados,Pleno,de R$ 4.001/mês a R$ 6.000/mês,de 3 a 4 anos,de 1 a 2 anos,False,5000,-8.0,-38.0
25-29,Feminino,Branca,Nordeste,Graduação/Bacharelado,Empregado (CLT),Cientista de Dados,Júnior,de R$ 8.001/mês a R$ 12.000/mês,de 5 a 6 anos,Não tive experiência na área de TI/Engenharia de Software antes de começar a trabalhar na área de dados,True,10000,-8.0,-38.0
25-29,Masculino,Branca,,Graduação/Bacharelado,Vivo fora do Brasil e trabalho para empresa de fora do Brasil,Analista de Dados,Pleno,de R$ 16.001/mês a R$ 20.000/mês,de 1 a 2 anos,Não tive experiência na área de TI/Engenharia de Software antes de começar a trabalhar na área de dados,True,18000,,
25-29,Masculino,Branca,Sul,Graduação/Bacharelado,Empregado (CLT),Analista de BI,Pleno,de R$ 4.001/mês a R$ 6.000/mês,de 1 a 2 anos,Não tive experiência na área de TI/Engenharia de Software antes de começar a trabalhar na área de dados,True,5000,-27.0,-51.0
25-29,Masculino,Parda,Sudeste,Graduação/Bacharelado,Vivo no Brasil e trabalho remoto para empresa de fora do Brasil,Analytics Engineer,Júnior,de R$ 16.001/mês a R$ 20.000/mês,de 3 a 4 anos,Não tive experiência na área de TI/Engenharia de Software antes de começar a trabalhar na área de dados,True,18000,-20.0,-44.0
25-29,Prefiro não informar,Branca,Nordeste,Pós-graduação,Empregado (CLT),Engenheiro de Dados,Sênior,de R$ 8.001/mês a R$ 12.000/mês,de 1 a 2 anos,Menos de 1 ano,True,10000,-8.0,-38.0
25-29,Masculino,Amarela,Sudeste,Estudante de Graduação,Estagiário,Cientista de Dados,Júnior,de R$ 2.001/mês a R$ 3.000/mês,de 1 a 2 anos,Não tive experiência na área de TI/Engenharia de Software antes de começar a trabalhar na área de dados,True,2500,-20.0,-44.0
25-29,Masculino,Parda,Sudeste,Pós-graduação,Empregado (CLT),Analista de BI,Júnior,de R$ 6.001/mês a R$ 8.000/mês,de 3 a 4 anos,Não tive experiência na área de TI/Engenharia de Software antes de começar a trabalhar na área de dados,True,7000,-20.0,-44.0
25-29,Masculino,Preta,Sudeste,Estudante de Graduação,Empregado (CLT),Analista de Dados,Pleno,de R$ 4.001/mês a R$ 6.000/mês,de 1 a 2 anos,Não tive experiência na área de TI/Engenharia de Software antes de começar a trabalhar na área de dados,False,5000,-20.0,-44.0
25-29,Masculino,Branca,Sudeste,Graduação/Bacharelado,Empregado (CLT),Cientista de Dados,Júnior,de R$ 4.001/mês a R$ 6.000/mês,de 3 a 4 anos,Não tive experiência na área de TI/Engenharia de Software antes de começar a trabalhar na área de dados,True,5000,-20.0,-44.0
25-29,Masculino,Branca,Sudeste,Mestrado,Empregado (CLT),Cientista de Dados,Pleno,de R$ 8.001/mês a R$ 12.000/mês,de 3 a 4 anos,Menos de 1 ano,False,10000,-20.0,-44.0
25-29,Masculino,Parda,Norte,Graduação/Bacharelado,Empregado (CLT),Eng. Machine Learning,Pleno,de R$ 8.001/mês a R$ 12.000/mês,de 3 a 4 anos,Não tive experiência na área de TI/Engenharia de Software antes de começar a trabalhar na área de dados,True,10000,-5.0,-60.0
25-29,Masculino,Branca,Sudeste,Graduação/Bacharelado,Vivo no Brasil e trabalho remoto para empresa de fora do Brasil,Engenheiro de Dados,Sênior,de R$ 30.001/mês a R$ 40.000/mês,de 7 a 10 anos,de 1 a 2 anos,True,35000,-20.0,-44.0
25-29,Masculino,Branca,Sudeste,Graduação/Bacharelado,Vivo no Brasil e trabalho remoto para empresa de fora do Brasil,Engenheiro de Dados,Sênior,de R$ 30.001/mês a R$ 40.000/mês,de 7 a 10 anos,de 1 a 2 anos,True,35000,-20.0,-44.0
25-29,Masculino,Branca,Sudeste,Graduação/Bacharelado,Empregado (CLT),Analista de Dados,Júnior,de R$ 3.001/mês a R$ 4.000/mês,de 1 a 2 anos,de 1 a 2 anos,True,3500,-20.0,-44.0
25-29,Masculino,Branca,Sul,Pós-graduação,Empregado (CLT),Analista de Dados,Júnior,de R$ 4.001/mês a R$ 6.000/mês,de 3 a 4 anos,Não tive experiência na área de TI/Engenharia de Software antes de começar a trabalhar na área de dados,True,5000,-27.0,-51.0
25-29,Feminino,Parda,Nordeste,Pós-graduação,Empregado (CLT),Analista de Dados,Júnior,de R$ 4.001/mês a R$ 6.000/mês,Menos de 1 ano,Não tive experiência na área de TI/Engenharia de Software antes de começar a trabalhar na área de dados,True,5000,-8.0,-38.0
25-29,Masculino,Branca,Sudeste,Graduação/Bacharelado,Empregado (CLT),Product Manager,Sênior,de R$ 8.001/mês a R$ 12.000/mês,de 1 a 2 anos,de 3 a 4 anos,True,10000,-20.0,-44.0
25-29,Masculino,Branca,Sudeste,Estudante de Graduação,Estagiário,Analista de BI,Júnior,de R$ 2.001/mês a R$ 3.000/mês,Menos de 1 ano,Não tive experiência na área de TI/Engenharia de Software antes de começar a trabalhar na área de dados,True,2500,-20.0,-44.0
25-29,Masculino,Branca,Sul,Graduação/Bacharelado,Empregado (CLT),Analista de Dados,Pleno,de R$ 6.001/mês a R$ 8.000/mês,de 3 a 4 anos,Não tive experiência na área de TI/Engenharia de Software antes de começar a trabalhar na área de dados,True,7000,-27.0,-51.0
25-29,Masculino,Branca,Nordeste,Graduação/Bacharelado,Servidor Público,Analista de Dados,Júnior,de R$ 1.001/mês a R$ 2.000/mês,Não tenho experiência na área de dados,Não tive experiência na área de TI/Engenharia de Software antes de começar a trabalhar na área de dados,False,1500,-8.0,-38.0
25-29,Masculino,Branca,,Não tenho graduação formal,Empregado (CLT),Engenheiro de Dados,Sênior,de R$ 8.001/mês a R$ 12.000/mês,de 5 a 6 anos,de 7 a 10 anos,False,10000,,
25-29,Masculino,Branca,Sudeste,Pós-graduação,Empregado (CLT),Engenheiro de Dados,Pleno,de R$ 8.001/mês a R$ 12.000/mês,de 5 a 6 anos,de 3 a 4 anos,True,10000,-20.0,-44.0
25-29,Masculino,Branca,Sul,Mestrado,Empregado (CLT),Engenheiro de Dados,Sênior,de R$ 8.001/mês a R$ 12.000/mês,de 5 a 6 anos,Não tive experiência na área de TI/Engenharia de Software antes de começar a trabalhar na área de dados,True,10000,-27.0,-51.0
25-29,Masculino,Parda,Sudeste,Mestrado,Empregado (CLT),Cientista de Dados,Sênior,de R$ 12.001/mês a R$ 16.000/mês,de 5 a 6 anos,Não tive experiência na área de TI/Engenharia de Software antes de começar a trabalhar na área de dados,False,14000,-20.0,-44.0
25-29,Masculino,Parda,Norte,Graduação/Bacharelado,Empregado (CLT),Cientista de Dados,Sênior,de R$ 8.001/mês a R$ 12.000/mês,de 3 a 4 anos,Não tive experiência na área de TI/Engenharia de Software antes de começar a trabalhar na área de dados,True,10000,-5.0,-60.0
25-29,Masculino,Branca,Sudeste,Graduação/Bacharelado,Empregado (CLT),Analista de BI,Pleno,de R$ 6.001/mês a R$ 8.000/mês,de 3 a 4 anos,Não tive experiência na área de TI/Engenharia de Software antes de começar a trabalhar na área de dados,True,7000,-20.0,-44.0
25-29,Masculino,Branca,Sudeste,Não tenho graduação formal,Vivo no Brasil e trabalho remoto para empresa de fora do Brasil,Analista de Dados,Pleno,de R$ 8.001/mês a R$ 12.000/mês,de 1 a 2 anos,Não tive experiência na área de TI/Engenharia de Software antes de começar a trabalhar na área de dados,True,10000,-20.0,-44.0
25-29,Feminino,Preta,Nordeste,Graduação/Bacharelado,Empregado (CLT),Engenheiro de Dados,Pleno,de R$ 4.001/mês a R$ 6.000/mês,de 1 a 2 anos,de 1 a 2 anos,False,5000,-8.0,-38.0
25-29,Masculino,Branca,Sul,Graduação/Bacharelado,Empregado (CLT),Engenheiro de Dados,Pleno,de R$ 6.001/mês a R$ 8.000/mês,de 1 a 2 anos,de 3 a 4 anos,True,7000,-27.0,-51.0
25-29,Feminino,Branca,Sudeste,Pós-graduação,Empregado (CLT),Analista de Dados,Pleno,de R$ 12.001/mês a R$ 16.000/mês,de 5 a 6 anos,Não tive experiência na área de TI/Engenharia de Software antes de começar a trabalhar na área de dados,True,14000,-20.0,-44.0
25-29,Masculino,Branca,Sudeste,Estudante de Graduação,Empregado (CLT),Analista de Negócios,Júnior,de R$ 4.001/mês a R$ 6.000/mês,Menos de 1 ano,de 1 a 2 anos,True,5000,-20.0,-44.0
25-29,Masculino,Branca,Sudeste,Estudante de Graduação,Estagiário,Analista de Dados,Júnior,de R$ 1.001/mês a R$ 2.000/mês,Menos de 1 ano,Menos de 1 ano,False,1500,-20.0,-44.0
25-29,Masculino,Branca,Sudeste,Pós-graduação,Empregado (CLT),Cientista de Dados,Júnior,de R$ 6.001/mês a R$ 8.000/mês,de 1 a 2 anos,Não tive experiência na área de TI/Engenharia de Software antes de começar a trabalhar na área de dados,True,7000,-20.0,-44.0
25-29,Masculino,Branca,Sudeste,Pós-graduação,Empregado (CLT),Cientista de Dados,Sênior,de R$ 12.001/mês a R$ 16.000/mês,de 1 a 2 anos,Não tive experiência na área de TI/Engenharia de Software antes de começar a trabalhar na área de dados,False,14000,-20.0,-44.0
25-29,Prefiro não informar,Prefiro não informar,Nordeste,Mestrado,Empregado (CLT),Analista de Dados,Sênior,de R$ 3.001/mês a R$ 4.000/mês,de 3 a 4 anos,Menos de 1 ano,False,3500,-8.0,-38.0
25-29,Feminino,Branca,Nordeste,Graduação/Bacharelado,Empreendedor ou Empregado (CNPJ),Analista de Dados,Pleno,de R$ 8.001/mês a R$ 12.000/mês,de 1 a 2 anos,Não tive experiência na área de TI/Engenharia de Software antes de começar a trabalhar na área de dados,True,10000,-8.0,-38.0
25-29,Masculino,Branca,Sudeste,Graduação/Bacharelado,Vivo no Brasil e trabalho remoto para empresa de fora do Brasil,Eng. Machine Learning,Sênior,de R$ 20.001/mês a R$ 25.000/mês,de 3 a 4 anos,Não tive experiência na área de TI/Engenharia de Software antes de começar a trabalhar na área de dados,True,22500,-20.0,-44.0
25-29,Masculino,Branca,Sul,Graduação/Bacharelado,Empregado (CLT),Cientista de Dados,Sênior,de R$ 16.001/mês a R$ 20.000/mês,de 3 a 4 anos,de 1 a 2 anos,True,18000,-27.0,-51.0
25-29,Masculino,Branca,Sudeste,Graduação/Bacharelado,Empregado (CLT),Eng. Machine Learning,Pleno,de R$ 6.001/mês a R$ 8.000/mês,de 3 a 4 anos,de 1 a 2 anos,False,7000,-20.0,-44.0
25-29,Masculino,Branca,Sudeste,Pós-graduação,Empregado (CLT),Engenheiro de Dados,Júnior,de R$ 3.001/mês a R$ 4.000/mês,de 1 a 2 anos,Não tive experiência na área de TI/Engenharia de Software antes de começar a trabalhar na área de dados,True,3500,-20.0,-44.0
25-29,Masculino,Branca,Sul,Graduação/Bacharelado,Empregado (CLT),Analista de BI,Pleno,de R$ 6.001/mês a R$ 8.000/mês,de 3 a 4 anos,Não tive experiência na área de TI/Engenharia de Software antes de começar a trabalhar na área de dados,True,7000,-27.0,-51.0
25-29,Masculino,Branca,Sudeste,Graduação/Bacharelado,Estagiário,Analista de Dados,Pleno,de R$ 2.001/mês a R$ 3.000/mês,de 3 a 4 anos,de 1 a 2 anos,False,2500,-20.0,-44.0
25-29,Masculino,Branca,Sul,Graduação/Bacharelado,Empregado (CLT),Analista de Negócios,Pleno,de R$ 8.001/mês a R$ 12.000/mês,de 3 a 4 anos,Não tive experiência na área de TI/Engenharia de Software antes de começar a trabalhar na área de dados,True,10000,-27.0,-51.0
25-29,Feminino,Branca,Sudeste,Mestrado,Empregado (CLT),Cientista de Dados,Sênior,de R$ 12.001/mês a R$ 16.000/mês,de 5 a 6 anos,Não tive experiência na área de TI/Engenharia de Software antes de começar a trabalhar na área de dados,True,14000,-20.0,-44.0
25-29,Masculino,Parda,Sudeste,Graduação/Bacharelado,Empregado (CLT),Analista de BI,Pleno,de R$ 4.001/mês a R$ 6.000/mês,de 3 a 4 anos,Não tive experiência na área de TI/Engenharia de Software antes de começar a trabalhar na área de dados,False,5000,-20.0,-44.0
25-29,Masculino,Parda,Sudeste,Pós-graduação,Empregado (CLT),Cientista de Dados,Sênior,de R$ 8.001/mês a R$ 12.000/mês,de 3 a 4 anos,de 1 a 2 anos,True,10000,-20.0,-44.0
25-29,Masculino,Branca,Nordeste,Mestrado,Empregado (CLT),Analista de Dados,Júnior,de R$ 4.001/mês a R$ 6.000/mês,de 1 a 2 anos,Menos de 1 ano,True,5000,-8.0,-38.0
25-29,Masculino,Parda,Sudeste,Graduação/Bacharelado,Empregado (CLT),Analista de Dados,Júnior,de R$ 4.001/mês a R$ 6.000/mês,de 1 a 2 anos,Não tive experiência na área de TI/Engenharia de Software antes de começar a trabalhar na área de dados,False,5000,-20.0,-44.0
25-29,Masculino,Branca,Sul,Graduação/Bacharelado,Empregado (CLT),Product Manager,Sênior,de R$ 8.001/mês a R$ 12.000/mês,de 1 a 2 anos,Não tive experiência na área de TI/Engenharia de Software antes de começar a trabalhar na área de dados,True,10000,-27.0,-51.0
25-29,Masculino,Branca,,Mestrado,Empregado (CLT),Cientista de Dados,Sênior,de R$ 16.001/mês a R$ 20.000/mês,de 7 a 10 anos,Menos de 1 ano,True,18000,,
25-29,Masculino,Branca,Sudeste,Pós-graduação,Empregado (CLT),Cientista de Dados,Pleno,de R$ 8.001/mês a R$ 12.000/mês,de 3 a 4 anos,de 1 a 2 anos,False,10000,-20.0,-44.0
25-29,Masculino,Branca,Sul,Graduação/Bacharelado,Empregado (CLT),Analista de BI,Pleno,de R$ 4.001/mês a R$ 6.000/mês,de 1 a 2 anos,de 1 a 2 anos,True,5000,-27.0,-51.0
25-29,Masculino,Parda,Sudeste,Graduação/Bacharelado,Freelancer,Analista de Dados,Júnior,de R$ 3.001/mês a R$ 4.000/mês,Menos de 1 ano,de 1 a 2 anos,True,3500,-20.0,-44.0
25-29,Masculino,Parda,Sudeste,Graduação/Bacharelado,Freelancer,Analista de Dados,Júnior,de R$ 3.001/mês a R$ 4.000/mês,de 1 a 2 anos,de 1 a 2 anos,True,3500,-20.0,-44.0
25-29,Masculino,Parda,Nordeste,Mestrado,Empregado (CLT),Cientista de Dados,Pleno,de R$ 6.001/mês a R$ 8.000/mês,de 1 a 2 anos,Não tive experiência na área de TI/Engenharia de Software antes de começar a trabalhar na área de dados,False,7000,-8.0,-38.0
25-29,Masculino,Preta,Sudeste,Graduação/Bacharelado,Vivo no Brasil e trabalho remoto para empresa de fora do Brasil,Analytics Engineer,Sênior,de R$ 8.001/mês a R$ 12.000/mês,de 5 a 6 anos,de 5 a 6 anos,True,10000,-20.0,-44.0
25-29,Masculino,Branca,Sudeste,Pós-graduação,Empregado (CLT),Engenheiro de Dados,Pleno,de R$ 8.001/mês a R$ 12.000/mês,de 3 a 4 anos,Não tive experiência na área de TI/Engenharia de Software antes de começar a trabalhar na área de dados,True,10000,-20.0,-44.0
25-29,Masculino,Branca,Sudeste,Graduação/Bacharelado,Empreendedor ou Empregado (CNPJ),Analista de Dados,Sênior,de R$ 8.001/mês a R$ 12.000/mês,de 5 a 6 anos,Não tive experiência na área de TI/Engenharia de Software antes de começar a trabalhar na área de dados,True,10000,-20.0,-44.0
25-29,Masculino,Branca,Sudeste,Graduação/Bacharelado,Empregado (CLT),Analista de Dados,Sênior,de R$ 6.001/mês a R$ 8.000/mês,de 3 a 4 anos,Não tive experiência na área de TI/Engenharia de Software antes de começar a trabalhar na área de dados,False,7000,-20.0,-44.0
25-29,Masculino,Parda,Centro-oeste,Pós-graduação,Empregado (CLT),Analytics Engineer,Pleno,de R$ 4.001/mês a R$ 6.000/mês,de 3 a 4 anos,de 1 a 2 anos,True,5000,-15.0,-52.0
25-29,Masculino,Parda,Norte,Graduação/Bacharelado,Empregado (CLT),Analista de Suporte,Júnior,de R$ 2.001/mês a R$ 3.000/mês,de 7 a 10 anos,Menos de 1 ano,True,2500,-5.0,-60.0
25-29,Feminino,Branca,Nordeste,Graduação/Bacharelado,Empregado (CLT),Engenheiro de Dados,Pleno,de R$ 4.001/mês a R$ 6.000/mês,de 1 a 2 anos,de 3 a 4 anos,True,5000,-8.0,-38.0
25-29,Masculino,Branca,Sul,Graduação/Bacharelado,Empregado (CLT),Analytics Engineer,Pleno,de R$ 6.001/mês a R$ 8.000/mês,de 1 a 2 anos,Não tive experiência na área de TI/Engenharia de Software antes de começar a trabalhar na área de dados,True,7000,-27.0,-51.0
25-29,Masculino,Branca,,Graduação/Bacharelado,Vivo fora do Brasil e trabalho para empresa de fora do Brasil,Engenheiro de Dados,Sênior,de R$ 30.001/mês a R$ 40.000/mês,de 3 a 4 anos,de 5 a 6 anos,False,35000,,
25-29,Masculino,Branca,Sul,Graduação/Bacharelado,Empregado (CLT),Analista de BI,Júnior,de R$ 6.001/mês a R$ 8.000/mês,de 1 a 2 anos,Menos de 1 ano,True,7000,-27.0,-51.0
25-29,Masculino,Branca,Sudeste,Graduação/Bacharelado,Empregado (CLT),Outro,Júnior,de R$ 2.001/mês a R$ 3.000/mês,de 1 a 2 anos,Não tive experiência na área de TI/Engenharia de Software antes de começar a trabalhar na área de dados,False,2500,-20.0,-44.0
25-29,Masculino,Branca,Sudeste,Pós-graduação,Empregado (CLT),Engenheiro de Dados,Sênior,de R$ 12.001/mês a R$ 16.000/mês,de 5 a 6 anos,de 3 a 4 anos,True,14000,-20.0,-44.0
25-29,Masculino,Parda,Sudeste,Mestrado,Empregado (CLT),Cientista de Dados,Pleno,de R$ 8.001/mês a R$ 12.000/mês,de 1 a 2 anos,Não tive experiência na área de TI/Engenharia de Software antes de começar a trabalhar na área de dados,True,10000,-20.0,-44.0
25-29,Masculino,Parda,Nordeste,Pós-graduação,Empregado (CLT),Analytics Engineer,Sênior,de R$ 8.001/mês a R$ 12.000/mês,de 5 a 6 anos,Não tive experiência na área de TI/Engenharia de Software antes de começar a trabalhar na área de dados,True,10000,-8.0,-38.0
25-29,Feminino,Branca,Centro-oeste,Estudante de Graduação,Servidor Público,Desenvolvedor,Pleno,de R$ 4.001/mês a R$ 6.000/mês,de 1 a 2 anos,de 5 a 6 anos,True,5000,-15.0,-52.0
25-29,Masculino,Branca,Sudeste,Graduação/Bacharelado,Estagiário,Engenheiro de Dados,Júnior,Menos de R$ 1.000/mês,Menos de 1 ano,Menos de 1 ano,True,500,-20.0,-44.0
25-29,Masculino,Branca,Sul,Pós-graduação,Vivo no Brasil e trabalho remoto para empresa de fora do Brasil,Engenheiro de Dados,Sênior,de R$ 12.001/mês a R$ 16.000/mês,de 5 a 6 anos,de 3 a 4 anos,True,14000,-27.0,-51.0
25-29,Masculino,Prefiro não informar,Sudeste,Estudante de Graduação,Empregado (CLT),Analista de Dados,Pleno,de R$ 6.001/mês a R$ 8.000/mês,de 1 a 2 anos,Não tive experiência na área de TI/Engenharia de Software antes de começar a trabalhar na área de dados,False,7000,-20.0,-44.0
25-29,Masculino,Branca,Sul,Estudante de Graduação,Empregado (CLT),Analytics Engineer,Júnior,de R$ 3.001/mês a R$ 4.000/mês,de 1 a 2 anos,Não tive experiência na área de TI/Engenharia de Software antes de começar a trabalhar na área de dados,True,3500,-27.0,-51.0
25-29,Feminino,Branca,Centro-oeste,Graduação/Bacharelado,Empregado (CLT),Cientista de Dados,Pleno,de R$ 6.001/mês a R$ 8.000/mês,de 3 a 4 anos,Não tive experiência na área de TI/Engenharia de Software antes de começar a trabalhar na área de dados,True,7000,-15.0,-52.0
25-29,Feminino,Parda,Sudeste,Pós-graduação,Empregado (CLT),Analista de Dados,Pleno,de R$ 8.001/mês a R$ 12.000/mês,de 5 a 6 anos,Não tive experiência na área de TI/Engenharia de Software antes de começar a trabalhar na área de dados,True,10000,-20.0,-44.0
25-29,Feminino,Branca,Sudeste,Pós-graduação,Empregado (CLT),Engenheiro de Dados,Pleno,de R$ 6.001/mês a R$ 8.000/mês,de 3 a 4 anos,de 1 a 2 anos,False,7000,-20.0,-44.0
25-29,Masculino,Branca,Centro-oeste,Estudante de Graduação,Empregado (CLT),Analista de BI,Pleno,de R$ 4.001/mês a R$ 6.000/mês,de 3 a 4 anos,Menos de 1 ano,False,5000,-15.0,-52.0
25-29,Feminino,Branca,Sudeste,Graduação/Bacharelado,Empregado (CLT),Analista de Negócios,Pleno,de R$ 8.001/mês a R$ 12.000/mês,de 3 a 4 anos,Não tive experiência na área de TI/Engenharia de Software antes de começar a trabalhar na área de dados,True,10000,-20.0,-44.0
25-29,Masculino,Branca,Sudeste,Graduação/Bacharelado,Empregado (CLT),Analista de Suporte,Pleno,de R$ 2.001/mês a R$ 3.000/mês,Não tenho experiência na área de dados,Não tive experiência na área de TI/Engenharia de Software antes de começar a trabalhar na área de dados,False,2500,-20.0,-44.0
25-29,Masculino,Parda,Sudeste,Estudante de Graduação,Estagiário,Cientista de Dados,Júnior,de R$ 2.001/mês a R$ 3.000/mês,de 1 a 2 anos,Não tive experiência na área de TI/Engenharia de Software antes de começar a trabalhar na área de dados,True,2500,-20.0,-44.0
25-29,Feminino,Branca,Sudeste,Graduação/Bacharelado,Empregado (CLT),Product Manager,Sênior,de R$ 8.001/mês a R$ 12.000/mês,de 3 a 4 anos,de 3 a 4 anos,True,10000,-20.0,-44.0
25-29,Feminino,Preta,Nordeste,Pós-graduação,Empregado (CLT),Analytics Engineer,Sênior,de R$ 8.001/mês a R$ 12.000/mês,de 3 a 4 anos,de 1 a 2 anos,True,10000,-8.0,-38.0
25-29,Masculino,Branca,Sul,Estudante de Graduação,Empregado (CLT),Outro,Júnior,de R$ 2.001/mês a R$ 3.000/mês,Não tenho experiência na área de dados,Não tive experiência na área de TI/Engenharia de Software antes de começar a trabalhar na área de dados,True,2500,-27.0,-51.0
25-29,Masculino,Branca,Sudeste,Estudante de Graduação,Vivo no Brasil e trabalho remoto para empresa de fora do Brasil,Engenheiro de Dados,Sênior,de R$ 25.001/mês a R$ 30.000/mês,de 3 a 4 anos,Menos de 1 ano,True,27500,-20.0,-44.0
25-29,Masculino,Branca,Sul,Pós-graduação,Empregado (CLT),Analista de BI,Júnior,de R$ 4.001/mês a R$ 6.000/mês,de 1 a 2 anos,Não tive experiência na área de TI/Engenharia de Software antes de começar a trabalhar na área de dados,True,5000,-27.0,-51.0
25-29,Masculino,Preta,Centro-oeste,Graduação/Bacharelado,Empregado (CLT),Analista de BI,Júnior,de R$ 3.001/mês a R$ 4.000/mês,de 1 a 2 anos,de 3 a 4 anos,False,3500,-15.0,-52.0
25-29,Masculino,Branca,Sudeste,Graduação/Bacharelado,Empreendedor ou Empregado (CNPJ),Analista de BI,Sênior,de R$ 6.001/mês a R$ 8.000/mês,de 5 a 6 anos,de 3 a 4 anos,True,7000,-20.0,-44.0
25-29,Masculino,Parda,Sudeste,Estudante de Graduação,Empregado (CLT),Analytics Engineer,Júnior,de R$ 3.001/mês a R$ 4.000/mês,de 3 a 4 anos,de 3 a 4 anos,False,3500,-20.0,-44.0
25-29,Masculino,Branca,Sudeste,Graduação/Bacharelado,Vivo no Brasil e trabalho remoto para empresa de fora do Brasil,Engenheiro de Dados,Pleno,de R$ 8.001/mês a R$ 12.000/mês,de 3 a 4 anos,de 1 a 2 anos,True,10000,-20.0,-44.0
25-29,Masculino,Branca,Nordeste,Mestrado,Empregado (CLT),Cientista de Dados,Pleno,de R$ 8.001/mês a R$ 12.000/mês,de 7 a 10 anos,de 1 a 2 anos,False,10000,-8.0,-38.0
25-29,Feminino,Branca,Sudeste,Mestrado,Empregado (CLT),Eng. Machine Learning,Sênior,de R$ 12.001/mês a R$ 16.000/mês,de 5 a 6 anos,de 1 a 2 anos,True,14000,-20.0,-44.0
25-29,Masculino,Branca,Sudeste,Graduação/Bacharelado,Empregado (CLT),Engenheiro de Dados,Júnior,de R$ 4.001/mês a R$ 6.000/mês,de 1 a 2 anos,Não tive experiência na área de TI/Engenharia de Software antes de começar a trabalhar na área de dados,False,5000,-20.0,-44.0
25-29,Masculino,Parda,Sudeste,Pós-graduação,Empregado (CLT),Analista de Dados,Pleno,de R$ 6.001/mês a R$ 8.000/mês,de 3 a 4 anos,Não tive experiência na área de TI/Engenharia de Software antes de começar a trabalhar na área de dados,False,7000,-20.0,-44.0
25-29,Masculino,Branca,Sul,Pós-graduação,Empregado (CLT),Analista de BI,Júnior,de R$ 3.001/mês a R$ 4.000/mês,Menos de 1 ano,Não tive experiência na área de TI/Engenharia de Software antes de começar a trabalhar na área de dados,False,3500,-27.0,-51.0
25-29,Masculino,Branca,Sudeste,Pós-graduação,Empregado (CLT),Cientista de Dados,Sênior,de R$ 16.001/mês a R$ 20.000/mês,de 3 a 4 anos,Menos de 1 ano,True,18000,-20.0,-44.0
25-29,Feminino,Amarela,Sudeste,Pós-graduação,Empreendedor ou Empregado (CNPJ),Outro,Júnior,de R$ 1.001/mês a R$ 2.000/mês,Menos de 1 ano,Não tive experiência na área de TI/Engenharia de Software antes de começar a trabalhar na área de dados,True,1500,-20.0,-44.0
25-29,Masculino,Branca,Sudeste,Graduação/Bacharelado,Empregado (CLT),Engenheiro de Dados,Pleno,de R$ 6.001/mês a R$ 8.000/mês,de 3 a 4 anos,de 3 a 4 anos,False,7000,-20.0,-44.0
25-29,Masculino,Parda,Sudeste,Graduação/Bacharelado,Empregado (CLT),Analista de Dados,Júnior,de R$ 3.001/mês a R$ 4.000/mês,de 1 a 2 anos,Não tive experiência na área de TI/Engenharia de Software antes de começar a trabalhar na área de dados,False,3500,-20.0,-44.0
25-29,Masculino,Branca,Sudeste,Graduação/Bacharelado,Empregado (CLT),Analista de Dados,Pleno,de R$ 4.001/mês a R$ 6.000/mês,de 3 a 4 anos,Não tive experiência na área de TI/Engenharia de Software antes de começar a trabalhar na área de dados,True,5000,-20.0,-44.0
25-29,Masculino,Branca,Sudeste,Pós-graduação,Empregado (CLT),Analista de Dados,Sênior,de R$ 6.001/mês a R$ 8.000/mês,de 7 a 10 anos,Não tive experiência na área de TI/Engenharia de Software antes de começar a trabalhar na área de dados,False,7000,-20.0,-44.0
25-29,Masculino,Branca,Sudeste,Graduação/Bacharelado,Empregado (CLT),Cientista de Dados,Sênior,de R$ 30.001/mês a R$ 40.000/mês,de 5 a 6 anos,de 1 a 2 anos,True,35000,-20.0,-44.0
25-29,Feminino,Branca,Sul,Pós-graduação,Empregado (CLT),Analista de Negócios,Sênior,de R$ 8.001/mês a R$ 12.000/mês,Menos de 1 ano,Não tive experiência na área de TI/Engenharia de Software antes de começar a trabalhar na área de dados,True,10000,-27.0,-51.0
25-29,Masculino,Parda,Sudeste,Graduação/Bacharelado,Empregado (CLT),Outro,Júnior,de R$ 2.001/mês a R$ 3.000/mês,Não tenho experiência na área de dados,Não tive experiência na área de TI/Engenharia de Software antes de começar a trabalhar na área de dados,False,2500,-20.0,-44.0
25-29,Feminino,Branca,Sudeste,Graduação/Bacharelado,Empregado (CLT),Analista de Dados,Júnior,de R$ 4.001/mês a R$ 6.000/mês,de 1 a 2 anos,Não tive experiência na área de TI/Engenharia de Software antes de começar a trabalhar na área de dados,True,5000,-20.0,-44.0
25-29,Masculino,Parda,Sudeste,Mestrado,Empregado (CLT),Cientista de Dados,Sênior,de R$ 8.001/mês a R$ 12.000/mês,de 3 a 4 anos,Não tive experiência na área de TI/Engenharia de Software antes de começar a trabalhar na área de dados,True,10000,-20.0,-44.0
25-29,Masculino,Branca,Sul,Graduação/Bacharelado,Empregado (CLT),Cientista de Dados,Pleno,de R$ 4.001/mês a R$ 6.000/mês,de 3 a 4 anos,Não tive experiência na área de TI/Engenharia de Software antes de começar a trabalhar na área de dados,True,5000,-27.0,-51.0
25-29,Masculino,Parda,Nordeste,Graduação/Bacharelado,Empregado (CLT),Arquiteto de Dados,Pleno,de R$ 6.001/mês a R$ 8.000/mês,de 3 a 4 anos,Menos de 1 ano,True,7000,-8.0,-38.0
25-29,Masculino,Branca,Sudeste,Graduação/Bacharelado,Empregado (CLT),Analista de Dados,Sênior,de R$ 8.001/mês a R$ 12.000/mês,de 5 a 6 anos,Não tive experiência na área de TI/Engenharia de Software antes de começar a trabalhar na área de dados,True,10000,-20.0,-44.0
25-29,Feminino,Branca,Sudeste,Graduação/Bacharelado,Empregado (CLT),Analista de Dados,Sênior,de R$ 12.001/mês a R$ 16.000/mês,de 3 a 4 anos,Não tive experiência na área de TI/Engenharia de Software antes de começar a trabalhar na área de dados,True,14000,-20.0,-44.0
25-29,Feminino,Parda,Sudeste,Pós-graduação,Empregado (CLT),Analista de Dados,Sênior,de R$ 12.001/mês a R$ 16.000/mês,Mais de 10 anos,de 3 a 4 anos,True,14000,-20.0,-44.0
25-29,Masculino,Amarela,Sudeste,Pós-graduação,Empregado (CLT),Analytics Engineer,Pleno,de R$ 8.001/mês a R$ 12.000/mês,de 3 a 4 anos,Não tive experiência na área de TI/Engenharia de Software antes de começar a trabalhar na área de dados,True,10000,-20.0,-44.0
25-29,Feminino,Branca,Sul,Graduação/Bacharelado,Empregado (CLT),Cientista de Dados,Pleno,de R$ 8.001/mês a R$ 12.000/mês,de 3 a 4 anos,de 3 a 4 anos,False,10000,-27.0,-51.0
25-29,Masculino,Branca,Sudeste,Mestrado,Empregado (CLT),Cientista de Dados,Sênior,de R$ 12.001/mês a R$ 16.000/mês,de 3 a 4 anos,de 1 a 2 anos,True,14000,-20.0,-44.0
25-29,Masculino,Parda,Centro-oeste,Graduação/Bacharelado,Empregado (CLT),Analista de Dados,Sênior,de R$ 8.001/mês a R$ 12.000/mês,de 3 a 4 anos,de 1 a 2 anos,True,10000,-15.0,-52.0
25-29,Feminino,Branca,Norte,Graduação/Bacharelado,Empregado (CLT),Analista de Negócios,Sênior,de R$ 8.001/mês a R$ 12.000/mês,de 3 a 4 anos,Não tive experiência na área de TI/Engenharia de Software antes de começar a trabalhar na área de dados,True,10000,-5.0,-60.0
25-29,Masculino,Branca,Sudeste,Pós-graduação,Empregado (CLT),Engenheiro de Dados,Pleno,de R$ 8.001/mês a R$ 12.000/mês,de 3 a 4 anos,Não tive experiência na área de TI/Engenharia de Software antes de começar a trabalhar na área de dados,True,10000,-20.0,-44.0
25-29,Masculino,Branca,Sul,Pós-graduação,Empregado (CLT),Analista de Negócios,Sênior,de R$ 6.001/mês a R$ 8.000/mês,Menos de 1 ano,de 3 a 4 anos,True,7000,-27.0,-51.0
25-29,Masculino,Branca,Sudeste,Graduação/Bacharelado,Empregado (CLT),Eng. Machine Learning,Sênior,de R$ 20.001/mês a R$ 25.000/mês,de 5 a 6 anos,Não tive experiência na área de TI/Engenharia de Software antes de começar a trabalhar na área de dados,True,22500,-20.0,-44.0
25-29,Masculino,Branca,Sudeste,Graduação/Bacharelado,Empregado (CLT),Cientista de Dados,Pleno,de R$ 4.001/mês a R$ 6.000/mês,de 1 a 2 anos,Não tive experiência na área de TI/Engenharia de Software antes de começar a trabalhar na área de dados,False,5000,-20.0,-44.0
25-29,Feminino,Preta,Sudeste,Pós-graduação,Empregado (CLT),Analytics Engineer,Pleno,de R$ 4.001/mês a R$ 6.000/mês,de 3 a 4 anos,Menos de 1 ano,False,5000,-20.0,-44.0
25-29,Masculino,Amarela,Sudeste,Graduação/Bacharelado,Desempregado e não estou buscando recolocação,Analista de Dados,Sênior,de R$ 8.001/mês a R$ 12.000/mês,de 5 a 6 anos,Não tive experiência na área de TI/Engenharia de Software antes de começar a trabalhar na área de dados,False,10000,-20.0,-44.0
25-29,Masculino,Branca,Sudeste,Graduação/Bacharelado,Empregado (CLT),Analista de Dados,Pleno,de R$ 4.001/mês a R$ 6.000/mês,de 1 a 2 anos,de 3 a 4 anos,True,5000,-20.0,-44.0
25-29,Feminino,Branca,Sudeste,Graduação/Bacharelado,Empregado (CLT),Analista de BI,Pleno,de R$ 4.001/mês a R$ 6.000/mês,de 1 a 2 anos,de 3 a 4 anos,True,5000,-20.0,-44.0
25-29,Masculino,Parda,Sudeste,Mestrado,Empregado (CLT),Cientista de Dados,Sênior,de R$ 20.001/mês a R$ 25.000/mês,de 5 a 6 anos,de 3 a 4 anos,True,22500,-20.0,-44.0
25-29,Masculino,Branca,Sudeste,Pós-graduação,Empregado (CLT),Analista de BI,Sênior,de R$ 8.001/mês a R$ 12.000/mês,de 5 a 6 anos,Não tive experiência na área de TI/Engenharia de Software antes de começar a trabalhar na área de dados,True,10000,-20.0,-44.0
25-29,Masculino,Branca,Sul,Graduação/Bacharelado,Empregado (CLT),Analista de Negócios,Sênior,de R$ 8.001/mês a R$ 12.000/mês,de 3 a 4 anos,Não tive experiência na área de TI/Engenharia de Software antes de começar a trabalhar na área de dados,True,10000,-27.0,-51.0
25-29,Feminino,Branca,Sudeste,Pós-graduação,Empregado (CLT),Analista de Dados,Pleno,de R$ 8.001/mês a R$ 12.000/mês,de 7 a 10 anos,Não tive experiência na área de TI/Engenharia de Software antes de começar a trabalhar na área de dados,True,10000,-20.0,-44.0
25-29,Masculino,Branca,Sudeste,Graduação/Bacharelado,Empregado (CLT),Analista de Negócios,Júnior,de R$ 4.001/mês a R$ 6.000/mês,Menos de 1 ano,Não tive experiência na área de TI/Engenharia de Software antes de começar a trabalhar na área de dados,True,5000,-20.0,-44.0
25-29,Feminino,Parda,Sudeste,Não tenho graduação formal,Empregado (CLT),Arquiteto de Dados,Pleno,de R$ 6.001/mês a R$ 8.000/mês,de 3 a 4 anos,Não tive experiência na área de TI/Engenharia de Software antes de começar a trabalhar na área de dados,True,7000,-20.0,-44.0
25-29,Masculino,Branca,Sudeste,Graduação/Bacharelado,Empregado (CLT),Analista de Dados,Sênior,de R$ 12.001/mês a R$ 16.000/mês,de 3 a 4 anos,Não tive experiência na área de TI/Engenharia de Software antes de começar a trabalhar na área de dados,True,14000,-20.0,-44.0
25-29,Masculino,Branca,Sudeste,Doutorado ou Phd,Empregado (CLT),Analista de BI,Sênior,de R$ 8.001/mês a R$ 12.000/mês,de 3 a 4 anos,Não tive experiência na área de TI/Engenharia de Software antes de começar a trabalhar na área de dados,True,10000,-20.0,-44.0
25-29,Feminino,Amarela,Centro-oeste,Graduação/Bacharelado,Empregado (CLT),Cientista de Dados,Júnior,de R$ 2.001/mês a R$ 3.000/mês,de 1 a 2 anos,Menos de 1 ano,False,2500,-15.0,-52.0
25-29,Feminino,Branca,Sudeste,Pós-graduação,Empregado (CLT),Analista de BI,Pleno,de R$ 6.001/mês a R$ 8.000/mês,de 5 a 6 anos,Não tive experiência na área de TI/Engenharia de Software antes de começar a trabalhar na área de dados,True,7000,-20.0,-44.0
25-29,Masculino,Parda,Sudeste,Graduação/Bacharelado,Empregado (CLT),Analista de Negócios,Sênior,de R$ 12.001/mês a R$ 16.000/mês,de 3 a 4 anos,Não tive experiência na área de TI/Engenharia de Software antes de começar a trabalhar na área de dados,True,14000,-20.0,-44.0
25-29,Masculino,Branca,Nordeste,Pós-graduação,Empregado (CLT),Analista de Dados,Sênior,de R$ 4.001/mês a R$ 6.000/mês,de 5 a 6 anos,Não tive experiência na área de TI/Engenharia de Software antes de começar a trabalhar na área de dados,False,5000,-8.0,-38.0
25-29,Masculino,Parda,Sudeste,Graduação/Bacharelado,Empregado (CLT),Engenheiro de Dados,Sênior,de R$ 8.001/mês a R$ 12.000/mês,de 3 a 4 anos,de 1 a 2 anos,True,10000,-20.0,-44.0
25-29,Masculino,Preta,Sudeste,Graduação/Bacharelado,Empregado (CLT),Analista de Dados,Pleno,de R$ 8.001/mês a R$ 12.000/mês,de 3 a 4 anos,Não tive experiência na área de TI/Engenharia de Software antes de começar a trabalhar na área de dados,True,10000,-20.0,-44.0
25-29,Masculino,Branca,Norte,Graduação/Bacharelado,Empregado (CLT),Analista de Dados,Pleno,de R$ 4.001/mês a R$ 6.000/mês,de 3 a 4 anos,de 1 a 2 anos,False,5000,-5.0,-60.0
25-29,Masculino,Branca,Sudeste,Graduação/Bacharelado,Empregado (CLT),Analista de Negócios,Sênior,de R$ 16.001/mês a R$ 20.000/mês,de 3 a 4 anos,Não tive experiência na área de TI/Engenharia de Software antes de começar a trabalhar na área de dados,True,18000,-20.0,-44.0
25-29,Masculino,Parda,Sudeste,Estudante de Graduação,Empreendedor ou Empregado (CNPJ),Analista de BI,Sênior,de R$ 12.001/mês a R$ 16.000/mês,de 3 a 4 anos,Não tive experiência na área de TI/Engenharia de Software antes de começar a trabalhar na área de dados,False,14000,-20.0,-44.0
25-29,Masculino,Branca,Sudeste,Graduação/Bacharelado,Empregado (CLT),Desenvolvedor,Pleno,de R$ 6.001/mês a R$ 8.000/mês,Menos de 1 ano,de 5 a 6 anos,True,7000,-20.0,-44.0
25-29,Feminino,Branca,Sudeste,Graduação/Bacharelado,Empregado (CLT),Analista de Dados,Pleno,de R$ 6.001/mês a R$ 8.000/mês,de 1 a 2 anos,Não tive experiência na área de TI/Engenharia de Software antes de começar a trabalhar na área de dados,True,7000,-20.0,-44.0
25-29,Masculino,Branca,Sudeste,Graduação/Bacharelado,Estagiário,Outro,Júnior,de R$ 1.001/mês a R$ 2.000/mês,Não tenho experiência na área de dados,Não tive experiência na área de TI/Engenharia de Software antes de começar a trabalhar na área de dados,False,1500,-20.0,-44.0
25-29,Masculino,Parda,Sudeste,Graduação/Bacharelado,Empregado (CLT),Analista de Dados,Pleno,de R$ 4.001/mês a R$ 6.000/mês,de 3 a 4 anos,Não tive experiência na área de TI/Engenharia de Software antes de começar a trabalhar na área de dados,False,5000,-20.0,-44.0
25-29,Masculino,Branca,Norte,Estudante de Graduação,Estagiário,Cientista de Dados,Pleno,de R$ 1.001/mês a R$ 2.000/mês,de 5 a 6 anos,Menos de 1 ano,False,1500,-5.0,-60.0
25-29,Masculino,Parda,Centro-oeste,Estudante de Graduação,Empregado (CLT),Analista de BI,Júnior,de R$ 3.001/mês a R$ 4.000/mês,de 1 a 2 anos,de 1 a 2 anos,False,3500,-15.0,-52.0
25-29,Feminino,Branca,Sul,Pós-graduação,Empregado (CLT),Cientista de Dados,Sênior,de R$ 8.001/mês a R$ 12.000/mês,de 1 a 2 anos,Não tive experiência na área de TI/Engenharia de Software antes de começar a trabalhar na área de dados,True,10000,-27.0,-51.0
25-29,Masculino,Parda,Sudeste,Graduação/Bacharelado,Empregado (CLT),Analytics Engineer,Sênior,de R$ 8.001/mês a R$ 12.000/mês,de 3 a 4 anos,Menos de 1 ano,True,10000,-20.0,-44.0
25-29,Masculino,Branca,Sudeste,Graduação/Bacharelado,Empregado (CLT),Cientista de Dados,Sênior,de R$ 12.001/mês a R$ 16.000/mês,de 5 a 6 anos,Não tive experiência na área de TI/Engenharia de Software antes de começar a trabalhar na área de dados,True,14000,-20.0,-44.0
25-29,Masculino,Parda,Sudeste,Graduação/Bacharelado,Empregado (CLT),Product Manager,Sênior,de R$ 12.001/mês a R$ 16.000/mês,de 5 a 6 anos,de 1 a 2 anos,True,14000,-20.0,-44.0
25-29,Feminino,Amarela,Sudeste,Graduação/Bacharelado,Empregado (CLT),Analista de Dados,Pleno,de R$ 8.001/mês a R$ 12.000/mês,de 3 a 4 anos,Não tive experiência na área de TI/Engenharia de Software antes de começar a trabalhar na área de dados,True,10000,-20.0,-44.0
25-29,Masculino,Branca,Sudeste,Graduação/Bacharelado,Empregado (CLT),Analytics Engineer,Pleno,de R$ 4.001/mês a R$ 6.000/mês,de 3 a 4 anos,Menos de 1 ano,True,5000,-20.0,-44.0
25-29,Feminino,Branca,Sul,Mestrado,Empregado (CLT),Eng. Machine Learning,Pleno,de R$ 6.001/mês a R$ 8.000/mês,de 3 a 4 anos,Não tive experiência na área de TI/Engenharia de Software antes de começar a trabalhar na área de dados,True,7000,-27.0,-51.0
25-29,Masculino,Parda,Sudeste,Graduação/Bacharelado,Empregado (CLT),Analista de Dados,Pleno,de R$ 4.001/mês a R$ 6.000/mês,de 3 a 4 anos,Não tive experiência na área de TI/Engenharia de Software antes de começar a trabalhar na área de dados,False,5000,-20.0,-44.0
25-29,Masculino,Preta,Nordeste,Graduação/Bacharelado,Empregado (CLT),Analista de Dados,Pleno,de R$ 4.001/mês a R$ 6.000/mês,de 3 a 4 anos,Não tive experiência na área de TI/Engenharia de Software antes de começar a trabalhar na área de dados,False,5000,-8.0,-38.0
25-29,Masculino,Branca,Sul,Graduação/Bacharelado,Empregado (CLT),Analista de Dados,Pleno,de R$ 4.001/mês a R$ 6.000/mês,de 1 a 2 anos,Não tive experiência na área de TI/Engenharia de Software antes de começar a trabalhar na área de dados,True,5000,-27.0,-51.0
25-29,Feminino,Branca,Sudeste,Pós-graduação,Empregado (CLT),Analista de Dados,Sênior,de R$ 12.001/mês a R$ 16.000/mês,de 3 a 4 anos,Menos de 1 ano,True,14000,-20.0,-44.0
25-29,Masculino,Branca,Sudeste,Pós-graduação,Empregado (CLT),Engenheiro de Dados,Sênior,de R$ 8.001/mês a R$ 12.000/mês,de 5 a 6 anos,de 1 a 2 anos,True,10000,-20.0,-44.0
25-29,Masculino,Branca,Sudeste,Pós-graduação,Empregado (CLT),Analytics Engineer,Pleno,de R$ 6.001/mês a R$ 8.000/mês,de 3 a 4 anos,de 1 a 2 anos,True,7000,-20.0,-44.0
25-29,Masculino,Parda,Sudeste,Graduação/Bacharelado,Empregado (CLT),Analista de Negócios,Sênior,de R$ 8.001/mês a R$ 12.000/mês,de 5 a 6 anos,de 3 a 4 anos,False,10000,-20.0,-44.0
25-29,Feminino,Branca,Sudeste,Estudante de Graduação,Empregado (CLT),Outro,Júnior,de R$ 1.001/mês a R$ 2.000/mês,Não tenho experiência na área de dados,Não tive experiência na área de TI/Engenharia de Software antes de começar a trabalhar na área de dados,True,1500,-20.0,-44.0
25-29,Masculino,Branca,Sudeste,Graduação/Bacharelado,Empregado (CLT),Cientista de Dados,Sênior,de R$ 8.001/mês a R$ 12.000/mês,de 3 a 4 anos,de 3 a 4 anos,False,10000,-20.0,-44.0
25-29,Masculino,Branca,Sul,Pós-graduação,Empregado (CLT),Cientista de Dados,Pleno,de R$ 8.001/mês a R$ 12.000/mês,de 3 a 4 anos,Não tive experiência na área de TI/Engenharia de Software antes de começar a trabalhar na área de dados,True,10000,-27.0,-51.0
25-29,Feminino,Branca,Sudeste,Graduação/Bacharelado,Empregado (CLT),Analista de BI,Júnior,de R$ 1.001/mês a R$ 2.000/mês,de 3 a 4 anos,Não tive experiência na área de TI/Engenharia de Software antes de começar a trabalhar na área de dados,False,1500,-20.0,-44.0
25-29,Masculino,Branca,Nordeste,Estudante de Graduação,Empregado (CLT),Analytics Engineer,Pleno,de R$ 6.001/mês a R$ 8.000/mês,de 3 a 4 anos,de 3 a 4 anos,True,7000,-8.0,-38.0
25-29,Masculino,Branca,Sudeste,Pós-graduação,Empregado (CLT),Outro,Pleno,de R$ 2.001/mês a R$ 3.000/mês,Não tenho experiência na área de dados,Não tive experiência na área de TI/Engenharia de Software antes de começar a trabalhar na área de dados,False,2500,-20.0,-44.0
25-29,Masculino,Branca,Sudeste,Mestrado,Empregado (CLT),Cientista de Dados,Pleno,de R$ 6.001/mês a R$ 8.000/mês,de 3 a 4 anos,Não tive experiência na área de TI/Engenharia de Software antes de começar a trabalhar na área de dados,True,7000,-20.0,-44.0
25-29,Feminino,Parda,Sudeste,Pós-graduação,Empregado (CLT),Analista de Negócios,Pleno,de R$ 4.001/mês a R$ 6.000/mês,de 1 a 2 anos,Não tive experiência na área de TI/Engenharia de Software antes de começar a trabalhar na área de dados,False,5000,-20.0,-44.0
25-29,Feminino,Branca,Sudeste,Graduação/Bacharelado,Empregado (CLT),Estatístico,Pleno,de R$ 8.001/mês a R$ 12.000/mês,de 3 a 4 anos,Não tive experiência na área de TI/Engenharia de Software antes de começar a trabalhar na área de dados,True,10000,-20.0,-44.0
25-29,Masculino,Branca,Sudeste,Graduação/Bacharelado,Empregado (CLT),Cientista de Dados,Sênior,de R$ 12.001/mês a R$ 16.000/mês,de 5 a 6 anos,Não tive experiência na área de TI/Engenharia de Software antes de começar a trabalhar na área de dados,False,14000,-20.0,-44.0
25-29,Masculino,Branca,Sul,Graduação/Bacharelado,Empregado (CLT),Cientista de Dados,Sênior,de R$ 8.001/mês a R$ 12.000/mês,de 5 a 6 anos,de 3 a 4 anos,True,10000,-27.0,-51.0
25-29,Masculino,Parda,Sudeste,Pós-graduação,Empregado (CLT),Outro,Júnior,de R$ 2.001/mês a R$ 3.000/mês,Menos de 1 ano,Não tive experiência na área de TI/Engenharia de Software antes de começar a trabalhar na área de dados,False,2500,-20.0,-44.0
25-29,Masculino,Branca,Sudeste,Graduação/Bacharelado,Empreendedor ou Empregado (CNPJ),Cientista de Dados,Pleno,de R$ 8.001/mês a R$ 12.000/mês,de 1 a 2 anos,Menos de 1 ano,True,10000,-20.0,-44.0
25-29,Feminino,Branca,Nordeste,Graduação/Bacharelado,Empregado (CLT),Engenheiro de Dados,Pleno,de R$ 4.001/mês a R$ 6.000/mês,de 3 a 4 anos,Não tive experiência na área de TI/Engenharia de Software antes de começar a trabalhar na área de dados,False,5000,-8.0,-38.0
25-29,Masculino,Branca,Nordeste,Mestrado,Empregado (CLT),Analytics Engineer,Sênior,de R$ 16.001/mês a R$ 20.000/mês,de 3 a 4 anos,Não tive experiência na área de TI/Engenharia de Software antes de começar a trabalhar na área de dados,True,18000,-8.0,-38.0
25-29,Feminino,Branca,Sudeste,Pós-graduação,Empreendedor ou Empregado (CNPJ),Analista de Dados,Pleno,de R$ 4.001/mês a R$ 6.000/mês,de 3 a 4 anos,Não tive experiência na área de TI/Engenharia de Software antes de começar a trabalhar na área de dados,True,5000,-20.0,-44.0
25-29,Masculino,Parda,Sudeste,Pós-graduação,Vivo no Brasil e trabalho remoto para empresa de fora do Brasil,Analista de Dados,Sênior,de R$ 30.001/mês a R$ 40.000/mês,de 5 a 6 anos,Não tive experiência na área de TI/Engenharia de Software antes de começar a trabalhar na área de dados,True,35000,-20.0,-44.0
25-29,Feminino,Parda,Nordeste,Graduação/Bacharelado,Empregado (CLT),Engenheiro de Dados,Sênior,de R$ 12.001/mês a R$ 16.000/mês,de 3 a 4 anos,de 5 a 6 anos,False,14000,-8.0,-38.0
25-29,Masculino,Parda,Centro-oeste,Graduação/Bacharelado,Empregado (CLT),Analista de Negócios,Pleno,de R$ 4.001/mês a R$ 6.000/mês,de 1 a 2 anos,Não tive experiência na área de TI/Engenharia de Software antes de começar a trabalhar na área de dados,True,5000,-15.0,-52.0
25-29,Masculino,Branca,Sudeste,Doutorado ou Phd,Empregado (CLT),Cientista de Dados,Pleno,de R$ 8.001/mês a R$ 12.000/mês,de 1 a 2 anos,Não tive experiência na área de TI/Engenharia de Software antes de começar a trabalhar na área de dados,False,10000,-20.0,-44.0
25-29,Masculino,Branca,Sudeste,Estudante de Graduação,Empregado (CLT),Cientista de Dados,Sênior,de R$ 8.001/mês a R$ 12.000/mês,de 5 a 6 anos,Não tive experiência na área de TI/Engenharia de Software antes de começar a trabalhar na área de dados,False,10000,-20.0,-44.0
25-29,Feminino,Branca,Sudeste,Pós-graduação,Empregado (CLT),Engenheiro de Dados,Sênior,de R$ 8.001/mês a R$ 12.000/mês,de 3 a 4 anos,de 3 a 4 anos,False,10000,-20.0,-44.0
25-29,Masculino,Branca,Sudeste,Pós-graduação,Empregado (CLT),Analytics Engineer,Pleno,de R$ 6.001/mês a R$ 8.000/mês,de 3 a 4 anos,Não tive experiência na área de TI/Engenharia de Software antes de começar a trabalhar na área de dados,True,7000,-20.0,-44.0
25-29,Masculino,Parda,Sudeste,Estudante de Graduação,Empregado (CLT),Analista de Dados,Pleno,de R$ 3.001/mês a R$ 4.000/mês,Menos de 1 ano,de 1 a 2 anos,False,3500,-20.0,-44.0
25-29,Masculino,Branca,Sudeste,Pós-graduação,Empregado (CLT),Eng. Machine Learning,Sênior,de R$ 8.001/mês a R$ 12.000/mês,de 3 a 4 anos,Não tive experiência na área de TI/Engenharia de Software antes de começar a trabalhar na área de dados,True,10000,-20.0,-44.0
25-29,Masculino,Branca,Sudeste,Estudante de Graduação,Vivo no Brasil e trabalho remoto para empresa de fora do Brasil,Desenvolvedor,Sênior,de R$ 8.001/mês a R$ 12.000/mês,de 5 a 6 anos,de 3 a 4 anos,True,10000,-20.0,-44.0
25-29,Masculino,Parda,Sul,Não tenho graduação formal,Empregado (CLT),Analytics Engineer,Sênior,de R$ 8.001/mês a R$ 12.000/mês,de 3 a 4 anos,Não tive experiência na área de TI/Engenharia de Software antes de começar a trabalhar na área de dados,True,10000,-27.0,-51.0
25-29,Feminino,Branca,Centro-oeste,Graduação/Bacharelado,Empregado (CLT),Analista de BI,Júnior,de R$ 2.001/mês a R$ 3.000/mês,de 1 a 2 anos,Não tive experiência na área de TI/Engenharia de Software antes de começar a trabalhar na área de dados,False,2500,-15.0,-52.0
25-29,Feminino,Branca,Sudeste,Graduação/Bacharelado,Empregado (CLT),Analista de Dados,Pleno,de R$ 4.001/mês a R$ 6.000/mês,de 3 a 4 anos,Não tive experiência na área de TI/Engenharia de Software antes de começar a trabalhar na área de dados,True,5000,-20.0,-44.0
25-29,Masculino,Branca,Sudeste,Pós-graduação,Empregado (CLT),Cientista de Dados,Sênior,de R$ 12.001/mês a R$ 16.000/mês,de 5 a 6 anos,Não tive experiência na área de TI/Engenharia de Software antes de começar a trabalhar na área de dados,False,14000,-20.0,-44.0
25-29,Masculino,Branca,Nordeste,Pós-graduação,Empregado (CLT),Analista de Dados,Pleno,de R$ 6.001/mês a R$ 8.000/mês,de 1 a 2 anos,Menos de 1 ano,True,7000,-8.0,-38.0
25-29,Masculino,Branca,Sudeste,Graduação/Bacharelado,Empregado (CLT),Analista de Negócios,Pleno,de R$ 8.001/mês a R$ 12.000/mês,de 3 a 4 anos,Não tive experiência na área de TI/Engenharia de Software antes de começar a trabalhar na área de dados,False,10000,-20.0,-44.0
25-29,Masculino,Preta,Sudeste,Graduação/Bacharelado,Empregado (CLT),Engenheiro de Dados,Pleno,de R$ 8.001/mês a R$ 12.000/mês,de 3 a 4 anos,Menos de 1 ano,False,10000,-20.0,-44.0
25-29,Masculino,Branca,Sudeste,Graduação/Bacharelado,Empregado (CLT),Analista de BI,Júnior,de R$ 4.001/mês a R$ 6.000/mês,de 1 a 2 anos,Não tive experiência na área de TI/Engenharia de Software antes de começar a trabalhar na área de dados,False,5000,-20.0,-44.0
25-29,Feminino,Parda,Sul,Mestrado,Empregado (CLT),Cientista de Dados,Sênior,de R$ 12.001/mês a R$ 16.000/mês,de 5 a 6 anos,Não tive experiência na área de TI/Engenharia de Software antes de começar a trabalhar na área de dados,True,14000,-27.0,-51.0
25-29,Masculino,Preta,Sudeste,Pós-graduação,Empregado (CLT),Analista de Dados,Pleno,de R$ 8.001/mês a R$ 12.000/mês,de 3 a 4 anos,Não tive experiência na área de TI/Engenharia de Software antes de começar a trabalhar na área de dados,False,10000,-20.0,-44.0
25-29,Feminino,Parda,Sudeste,Estudante de Graduação,Estagiário,Outro,Júnior,de R$ 2.001/mês a R$ 3.000/mês,de 1 a 2 anos,Menos de 1 ano,True,2500,-20.0,-44.0
25-29,Masculino,Branca,Sudeste,Pós-graduação,Empregado (CLT),Cientista de Dados,Pleno,de R$ 12.001/mês a R$ 16.000/mês,de 3 a 4 anos,Não tive experiência na área de TI/Engenharia de Software antes de começar a trabalhar na área de dados,True,14000,-20.0,-44.0
25-29,Masculino,Branca,Sudeste,Graduação/Bacharelado,Empregado (CLT),Analista de Dados,Sênior,de R$ 8.001/mês a R$ 12.000/mês,de 3 a 4 anos,Não tive experiência na área de TI/Engenharia de Software antes de começar a trabalhar na área de dados,True,10000,-20.0,-44.0
25-29,Feminino,Branca,Sudeste,Pós-graduação,Empregado (CLT),Analytics Engineer,Pleno,de R$ 8.001/mês a R$ 12.000/mês,de 3 a 4 anos,Não tive experiência na área de TI/Engenharia de Software antes de começar a trabalhar na área de dados,True,10000,-20.0,-44.0
25-29,Masculino,Branca,Sudeste,Estudante de Graduação,Empregado (CLT),Analista de Dados,Sênior,de R$ 8.001/mês a R$ 12.000/mês,de 3 a 4 anos,Não tive experiência na área de TI/Engenharia de Software antes de começar a trabalhar na área de dados,True,10000,-20.0,-44.0
25-29,Feminino,Branca,Sul,Mestrado,Empregado (CLT),Cientista de Dados,Pleno,de R$ 8.001/mês a R$ 12.000/mês,de 5 a 6 anos,de 1 a 2 anos,True,10000,-27.0,-51.0
25-29,Masculino,Parda,Nordeste,Mestrado,Empregado (CLT),Cientista de Dados,Pleno,de R$ 4.001/mês a R$ 6.000/mês,de 3 a 4 anos,de 5 a 6 anos,False,5000,-8.0,-38.0
25-29,Feminino,Branca,Sudeste,Graduação/Bacharelado,Empregado (CLT),Engenheiro de Dados,Júnior,de R$ 6.001/mês a R$ 8.000/mês,de 1 a 2 anos,Não tive experiência na área de TI/Engenharia de Software antes de começar a trabalhar na área de dados,True,7000,-20.0,-44.0
25-29,Masculino,Branca,Sudeste,Graduação/Bacharelado,Empregado (CLT),Analista de Dados,Pleno,de R$ 8.001/mês a R$ 12.000/mês,de 1 a 2 anos,Não tive experiência na área de TI/Engenharia de Software antes de começar a trabalhar na área de dados,True,10000,-20.0,-44.0
25-29,Masculino,Branca,Sul,Graduação/Bacharelado,Empregado (CLT),Engenheiro de Dados,Júnior,de R$ 4.001/mês a R$ 6.000/mês,de 1 a 2 anos,Não tive experiência na área de TI/Engenharia de Software antes de começar a trabalhar na área de dados,True,5000,-27.0,-51.0
25-29,Masculino,Branca,Sul,Pós-graduação,Empregado (CLT),Desenvolvedor,Pleno,de R$ 4.001/mês a R$ 6.000/mês,de 3 a 4 anos,de 3 a 4 anos,True,5000,-27.0,-51.0
25-29,Masculino,Branca,Sul,Pós-graduação,Empregado (CLT),Analista de Dados,Júnior,de R$ 3.001/mês a R$ 4.000/mês,de 1 a 2 anos,Não tive experiência na área de TI/Engenharia de Software antes de começar a trabalhar na área de dados,True,3500,-27.0,-51.0
25-29,Masculino,Preta,Nordeste,Graduação/Bacharelado,Empreendedor ou Empregado (CNPJ),Engenheiro de Dados,Sênior,de R$ 16.001/mês a R$ 20.000/mês,de 3 a 4 anos,de 1 a 2 anos,True,18000,-8.0,-38.0
25-29,Masculino,Preta,Sudeste,Pós-graduação,Empregado (CLT),Analista de Negócios,Pleno,de R$ 3.001/mês a R$ 4.000/mês,de 1 a 2 anos,de 5 a 6 anos,False,3500,-20.0,-44.0
25-29,Masculino,Branca,Centro-oeste,Pós-graduação,Empregado (CLT),Analista de BI,Pleno,de R$ 4.001/mês a R$ 6.000/mês,de 3 a 4 anos,Não tive experiência na área de TI/Engenharia de Software antes de começar a trabalhar na área de dados,False,5000,-15.0,-52.0
25-29,Feminino,Branca,Sudeste,Não tenho graduação formal,Empregado (CLT),Analista de Dados,Júnior,de R$ 1.001/mês a R$ 2.000/mês,Menos de 1 ano,Não tive experiência na área de TI/Engenharia de Software antes de começar a trabalhar na área de dados,False,1500,-20.0,-44.0
25-29,Masculino,Branca,Sudeste,Graduação/Bacharelado,Empregado (CLT),Engenheiro de Dados,Sênior,de R$ 8.001/mês a R$ 12.000/mês,de 3 a 4 anos,Não tive experiência na área de TI/Engenharia de Software antes de começar a trabalhar na área de dados,True,10000,-20.0,-44.0
25-29,Feminino,Branca,Sul,Pós-graduação,Empregado (CLT),Product Manager,Sênior,de R$ 6.001/mês a R$ 8.000/mês,de 3 a 4 anos,de 5 a 6 anos,True,7000,-27.0,-51.0
25-29,Masculino,Branca,Sul,Graduação/Bacharelado,Empreendedor ou Empregado (CNPJ),Analista de Dados,Sênior,de R$ 6.001/mês a R$ 8.000/mês,de 3 a 4 anos,Menos de 1 ano,False,7000,-27.0,-51.0
25-29,Masculino,Branca,Nordeste,Graduação/Bacharelado,Empregado (CLT),Product Manager,Sênior,de R$ 6.001/mês a R$ 8.000/mês,de 5 a 6 anos,Não tive experiência na área de TI/Engenharia de Software antes de começar a trabalhar na área de dados,True,7000,-8.0,-38.0
25-29,Feminino,Branca,Sul,Graduação/Bacharelado,Empregado (CLT),Engenheiro de Dados,Sênior,de R$ 8.001/mês a R$ 12.000/mês,de 3 a 4 anos,Não tive experiência na área de TI/Engenharia de Software antes de começar a trabalhar na área de dados,True,10000,-27.0,-51.0
25-29,Masculino,Branca,Sul,Mestrado,Empregado (CLT),Cientista de Dados,Pleno,de R$ 6.001/mês a R$ 8.000/mês,de 3 a 4 anos,Não tive experiência na área de TI/Engenharia de Software antes de começar a trabalhar na área de dados,False,7000,-27.0,-51.0
25-29,Masculino,Branca,Sudeste,Pós-graduação,Empregado (CLT),Analista de BI,Sênior,de R$ 8.001/mês a R$ 12.000/mês,de 5 a 6 anos,de 3 a 4 anos,True,10000,-20.0,-44.0
25-29,Feminino,Branca,Sul,Mestrado,Empregado (CLT),Eng. Machine Learning,Júnior,de R$ 8.001/mês a R$ 12.000/mês,de 3 a 4 anos,Não tive experiência na área de TI/Engenharia de Software antes de começar a trabalhar na área de dados,True,10000,-27.0,-51.0
25-29,Feminino,Preta,Sudeste,Graduação/Bacharelado,Empregado (CLT),Analista de Dados,Pleno,de R$ 6.001/mês a R$ 8.000/mês,de 3 a 4 anos,Menos de 1 ano,True,7000,-20.0,-44.0
25-29,Masculino,Preta,Centro-oeste,Mestrado,Empregado (CLT),Analista de BI,Júnior,de R$ 6.001/mês a R$ 8.000/mês,Menos de 1 ano,Não tive experiência na área de TI/Engenharia de Software antes de começar a trabalhar na área de dados,True,7000,-15.0,-52.0
25-29,Masculino,Branca,Sudeste,Pós-graduação,Empregado (CLT),Analista de Dados,Sênior,de R$ 8.001/mês a R$ 12.000/mês,de 5 a 6 anos,Não tive experiência na área de TI/Engenharia de Software antes de começar a trabalhar na área de dados,True,10000,-20.0,-44.0
25-29,Masculino,Preta,Sudeste,Pós-graduação,Empregado (CLT),Engenheiro de Dados,Sênior,de R$ 12.001/mês a R$ 16.000/mês,de 5 a 6 anos,de 7 a 10 anos,False,14000,-20.0,-44.0
25-29,Masculino,Parda,Sudeste,Graduação/Bacharelado,Empregado (CLT),Analista de Suporte,Júnior,de R$ 2.001/mês a R$ 3.000/mês,de 1 a 2 anos,de 3 a 4 anos,False,2500,-20.0,-44.0
25-29,Feminino,Branca,Sudeste,Pós-graduação,Empregado (CLT),Cientista de Dados,Sênior,de R$ 12.001/mês a R$ 16.000/mês,de 5 a 6 anos,Não tive experiência na área de TI/Engenharia de Software antes de começar a trabalhar na área de dados,True,14000,-20.0,-44.0
25-29,Masculino,Branca,Sudeste,Pós-graduação,Empregado (CLT),Analista de Dados,Pleno,de R$ 6.001/mês a R$ 8.000/mês,de 1 a 2 anos,Menos de 1 ano,False,7000,-20.0,-44.0
25-29,Masculino,Branca,Sudeste,Graduação/Bacharelado,Empregado (CLT),Analista de Dados,Sênior,de R$ 12.001/mês a R$ 16.000/mês,de 5 a 6 anos,Não tive experiência na área de TI/Engenharia de Software antes de começar a trabalhar na área de dados,True,14000,-20.0,-44.0
25-29,Masculino,Branca,Sul,Pós-graduação,Empregado (CLT),Arquiteto de Dados,Pleno,de R$ 8.001/mês a R$ 12.000/mês,de 3 a 4 anos,de 3 a 4 anos,True,10000,-27.0,-51.0
25-29,Masculino,Parda,Sudeste,Graduação/Bacharelado,Empregado (CLT),Engenheiro de Dados,Sênior,de R$ 8.001/mês a R$ 12.000/mês,de 5 a 6 anos,de 5 a 6 anos,True,10000,-20.0,-44.0
25-29,Feminino,Branca,Nordeste,Graduação/Bacharelado,Empregado (CLT),Product Manager,Júnior,de R$ 6.001/mês a R$ 8.000/mês,Menos de 1 ano,Não tive experiência na área de TI/Engenharia de Software antes de começar a trabalhar na área de dados,True,7000,-8.0,-38.0
25-29,Masculino,Branca,Sudeste,Graduação/Bacharelado,Freelancer,Analista de BI,Júnior,Menos de R$ 1.000/mês,Menos de 1 ano,Não tive experiência na área de TI/Engenharia de Software antes de começar a trabalhar na área de dados,False,500,-20.0,-44.0
25-29,Feminino,Amarela,Sul,Graduação/Bacharelado,Vivo no Brasil e trabalho remoto para empresa de fora do Brasil,Engenheiro de Dados,Pleno,de R$ 25.001/mês a R$ 30.000/mês,de 3 a 4 anos,de 1 a 2 anos,True,27500,-27.0,-51.0
25-29,Masculino,Branca,Sudeste,Mestrado,Empreendedor ou Empregado (CNPJ),Cientista de Dados,Pleno,de R$ 4.001/mês a R$ 6.000/mês,de 1 a 2 anos,Menos de 1 ano,False,5000,-20.0,-44.0
25-29,Masculino,Parda,Sudeste,Pós-graduação,Vivo no Brasil e trabalho remoto para empresa de fora do Brasil,Desenvolvedor,Sênior,de R$ 25.001/mês a R$ 30.000/mês,Não tenho experiência na área de dados,de 7 a 10 anos,True,27500,-20.0,-44.0
25-29,Feminino,Branca,Sudeste,Pós-graduação,Empregado (CLT),Analista de BI,Pleno,de R$ 12.001/mês a R$ 16.000/mês,de 3 a 4 anos,Não tive experiência na área de TI/Engenharia de Software antes de começar a trabalhar na área de dados,True,14000,-20.0,-44.0
25-29,Masculino,Branca,Sul,Graduação/Bacharelado,Empregado (CLT),Analista de Dados,Sênior,de R$ 8.001/mês a R$ 12.000/mês,de 3 a 4 anos,Menos de 1 ano,True,10000,-27.0,-51.0
25-29,Masculino,Parda,Sul,Estudante de Graduação,Empregado (CLT),Outro,Júnior,de R$ 2.001/mês a R$ 3.000/mês,Não tenho experiência na área de dados,Não tive experiência na área de TI/Engenharia de Software antes de começar a trabalhar na área de dados,False,2500,-27.0,-51.0
25-29,Masculino,Amarela,Sul,Graduação/Bacharelado,Empregado (CLT),Analista de BI,Júnior,de R$ 4.001/mês a R$ 6.000/mês,de 1 a 2 anos,Não tive experiência na área de TI/Engenharia de Software antes de começar a trabalhar na área de dados,True,5000,-27.0,-51.0
25-29,Masculino,Parda,Nordeste,Estudante de Graduação,Empregado (CLT),Eng. Machine Learning,Sênior,de R$ 8.001/mês a R$ 12.000/mês,de 5 a 6 anos,de 5 a 6 anos,False,10000,-8.0,-38.0
25-29,Masculino,Parda,Norte,Graduação/Bacharelado,Empregado (CLT),Analista de BI,Pleno,de R$ 6.001/mês a R$ 8.000/mês,de 3 a 4 anos,Menos de 1 ano,True,7000,-5.0,-60.0
25-29,Masculino,Parda,Nordeste,Não tenho graduação formal,Empregado (CLT),Analista de BI,Júnior,de R$ 2.001/mês a R$ 3.000/mês,de 1 a 2 anos,Não tive experiência na área de TI/Engenharia de Software antes de começar a trabalhar na área de dados,False,2500,-8.0,-38.0
25-29,Feminino,Parda,Nordeste,Graduação/Bacharelado,Empregado (CLT),Analista de Dados,Júnior,de R$ 4.001/mês a R$ 6.000/mês,de 1 a 2 anos,Não tive experiência na área de TI/Engenharia de Software antes de começar a trabalhar na área de dados,True,5000,-8.0,-38.0
25-29,Feminino,Branca,Sudeste,Graduação/Bacharelado,Empregado (CLT),Analista de Dados,Sênior,de R$ 6.001/mês a R$ 8.000/mês,de 3 a 4 anos,Não tive experiência na área de TI/Engenharia de Software antes de começar a trabalhar na área de dados,True,7000,-20.0,-44.0
25-29,Feminino,Branca,Centro-oeste,Graduação/Bacharelado,Empregado (CLT),Analista de BI,Júnior,de R$ 2.001/mês a R$ 3.000/mês,de 3 a 4 anos,Não tive experiência na área de TI/Engenharia de Software antes de começar a trabalhar na área de dados,False,2500,-15.0,-52.0
25-29,Masculino,Branca,Sudeste,Graduação/Bacharelado,Empregado (CLT),Analista de Dados,Sênior,de R$ 12.001/mês a R$ 16.000/mês,de 3 a 4 anos,Não tive experiência na área de TI/Engenharia de Software antes de começar a trabalhar na área de dados,True,14000,-20.0,-44.0
25-29,Masculino,Branca,Sudeste,Graduação/Bacharelado,Empregado (CLT),Engenheiro de Dados,Pleno,de R$ 16.001/mês a R$ 20.000/mês,de 3 a 4 anos,Menos de 1 ano,True,18000,-20.0,-44.0
25-29,Masculino,Branca,Sudeste,Graduação/Bacharelado,Empregado (CLT),Analista de Dados,Pleno,de R$ 4.001/mês a R$ 6.000/mês,Menos de 1 ano,Não tive experiência na área de TI/Engenharia de Software antes de começar a trabalhar na área de dados,True,5000,-20.0,-44.0
25-29,Masculino,Parda,Sudeste,Graduação/Bacharelado,Empregado (CLT),Analytics Engineer,Sênior,de R$ 12.001/mês a R$ 16.000/mês,de 3 a 4 anos,Não tive experiência na área de TI/Engenharia de Software antes de começar a trabalhar na área de dados,True,14000,-20.0,-44.0
25-29,Masculino,Branca,Centro-oeste,Graduação/Bacharelado,Estagiário,Engenheiro de Dados,Júnior,de R$ 1.001/mês a R$ 2.000/mês,de 1 a 2 anos,Menos de 1 ano,True,1500,-15.0,-52.0
25-29,Masculino,Preta,Nordeste,Estudante de Graduação,Empregado (CLT),Outro,Júnior,de R$ 3.001/mês a R$ 4.000/mês,Não tenho experiência na área de dados,Não tive experiência na área de TI/Engenharia de Software antes de começar a trabalhar na área de dados,False,3500,-8.0,-38.0
25-29,Masculino,Branca,Sudeste,Graduação/Bacharelado,Empregado (CLT),Analista de Dados,Pleno,de R$ 4.001/mês a R$ 6.000/mês,de 1 a 2 anos,Não tive experiência na área de TI/Engenharia de Software antes de começar a trabalhar na área de dados,True,5000,-20.0,-44.0
25-29,Masculino,Branca,Nordeste,Graduação/Bacharelado,Empregado (CLT),Analista de Dados,Sênior,de R$ 6.001/mês a R$ 8.000/mês,de 1 a 2 anos,Menos de 1 ano,False,7000,-8.0,-38.0
25-29,Feminino,Parda,Sudeste,Estudante de Graduação,Servidor Público,Desenvolvedor,Júnior,de R$ 2.001/mês a R$ 3.000/mês,Menos de 1 ano,Menos de 1 ano,False,2500,-20.0,-44.0
25-29,Feminino,Branca,Sudeste,Pós-graduação,Empregado (CLT),Analista de Dados,Pleno,de R$ 6.001/mês a R$ 8.000/mês,de 1 a 2 anos,Não tive experiência na área de TI/Engenharia de Software antes de começar a trabalhar na área de dados,True,7000,-20.0,-44.0
25-29,Masculino,Branca,Sudeste,Pós-graduação,Empregado (CLT),Cientista de Dados,Sênior,de R$ 16.001/mês a R$ 20.000/mês,de 5 a 6 anos,de 1 a 2 anos,True,18000,-20.0,-44.0
25-29,Masculino,Parda,Sul,Graduação/Bacharelado,Empreendedor ou Empregado (CNPJ),Analista de Dados,Pleno,de R$ 4.001/mês a R$ 6.000/mês,de 1 a 2 anos,Não tive experiência na área de TI/Engenharia de Software antes de começar a trabalhar na área de dados,True,5000,-27.0,-51.0
25-29,Masculino,Parda,Sudeste,Graduação/Bacharelado,Empregado (CLT),Analista de Dados,Pleno,de R$ 4.001/mês a R$ 6.000/mês,de 3 a 4 anos,de 1 a 2 anos,False,5000,-20.0,-44.0
25-29,Masculino,Branca,Sudeste,Graduação/Bacharelado,Empregado (CLT),Cientista de Dados,Sênior,de R$ 12.001/mês a R$ 16.000/mês,de 3 a 4 anos,Não tive experiência na área de TI/Engenharia de Software antes de começar a trabalhar na área de dados,True,14000,-20.0,-44.0
25-29,Masculino,Parda,Sudeste,Graduação/Bacharelado,Empregado (CLT),Engenheiro de Dados,Sênior,de R$ 12.001/mês a R$ 16.000/mês,de 3 a 4 anos,de 3 a 4 anos,True,14000,-20.0,-44.0
25-29,Masculino,Branca,Sudeste,Graduação/Bacharelado,Empregado (CLT),Cientista de Dados,Pleno,de R$ 4.001/mês a R$ 6.000/mês,de 3 a 4 anos,Não tive experiência na área de TI/Engenharia de Software antes de começar a trabalhar na área de dados,False,5000,-20.0,-44.0
25-29,Masculino,Branca,Sul,Pós-graduação,Empregado (CLT),Analista de Dados,Pleno,de R$ 6.001/mês a R$ 8.000/mês,de 1 a 2 anos,Não tive experiência na área de TI/Engenharia de Software antes de começar a trabalhar na área de dados,True,7000,-27.0,-51.0
25-29,Masculino,Branca,,Pós-graduação,Vivo fora do Brasil e trabalho para empresa de fora do Brasil,Engenheiro de Dados,Pleno,de R$ 30.001/mês a R$ 40.000/mês,de 3 a 4 anos,de 1 a 2 anos,True,35000,,
25-29,Masculino,Parda,Sul,Pós-graduação,Empregado (CLT),Analista de Dados,Pleno,de R$ 8.001/mês a R$ 12.000/mês,de 3 a 4 anos,Não tive experiência na área de TI/Engenharia de Software antes de começar a trabalhar na área de dados,False,10000,-27.0,-51.0
25-29,Masculino,Branca,Sudeste,Pós-graduação,Empregado (CLT),Engenheiro de Dados,Pleno,de R$ 8.001/mês a R$ 12.000/mês,de 3 a 4 anos,Não tive experiência na área de TI/Engenharia de Software antes de começar a trabalhar na área de dados,False,10000,-20.0,-44.0
25-29,Masculino,Parda,Sudeste,Pós-graduação,Empregado (CLT),Analista de BI,Júnior,de R$ 4.001/mês a R$ 6.000/mês,Menos de 1 ano,de 1 a 2 anos,True,5000,-20.0,-44.0
25-29,Masculino,Branca,Nordeste,Não tenho graduação formal,Vivo no Brasil e trabalho remoto para empresa de fora do Brasil,Engenheiro de Dados,Sênior,de R$ 20.001/mês a R$ 25.000/mês,de 5 a 6 anos,Não tive experiência na área de TI/Engenharia de Software antes de começar a trabalhar na área de dados,True,22500,-8.0,-38.0
25-29,Masculino,Branca,Sudeste,Graduação/Bacharelado,Empregado (CLT),Cientista de Dados,Pleno,de R$ 8.001/mês a R$ 12.000/mês,de 5 a 6 anos,Não tive experiência na área de TI/Engenharia de Software antes de começar a trabalhar na área de dados,True,10000,-20.0,-44.0
25-29,Masculino,Branca,Sul,Graduação/Bacharelado,Empregado (CLT),Engenheiro de Dados,Pleno,de R$ 6.001/mês a R$ 8.000/mês,de 1 a 2 anos,Não tive experiência na área de TI/Engenharia de Software antes de começar a trabalhar na área de dados,True,7000,-27.0,-51.0
25-29,Masculino,Branca,Sudeste,Pós-graduação,Empreendedor ou Empregado (CNPJ),Analytics Engineer,Sênior,de R$ 8.001/mês a R$ 12.000/mês,de 3 a 4 anos,Não tive experiência na área de TI/Engenharia de Software antes de começar a trabalhar na área de dados,True,10000,-20.0,-44.0
25-29,Masculino,Branca,Sudeste,Pós-graduação,Empregado (CLT),Analista de BI,Sênior,de R$ 8.001/mês a R$ 12.000/mês,de 3 a 4 anos,de 3 a 4 anos,False,10000,-20.0,-44.0
25-29,Feminino,Parda,Sudeste,Graduação/Bacharelado,Empregado (CLT),Analista de Dados,Pleno,de R$ 6.001/mês a R$ 8.000/mês,de 3 a 4 anos,Não tive experiência na área de TI/Engenharia de Software antes de começar a trabalhar na área de dados,False,7000,-20.0,-44.0
25-29,Masculino,Branca,Sudeste,Graduação/Bacharelado,Empregado (CLT),Engenheiro de Dados,Sênior,de R$ 12.001/mês a R$ 16.000/mês,de 3 a 4 anos,Não tive experiência na área de TI/Engenharia de Software antes de começar a trabalhar na área de dados,True,14000,-20.0,-44.0
25-29,Masculino,Branca,Sul,Mestrado,Empregado (CLT),Cientista de Dados,Pleno,de R$ 8.001/mês a R$ 12.000/mês,de 3 a 4 anos,Não tive experiência na área de TI/Engenharia de Software antes de começar a trabalhar na área de dados,False,10000,-27.0,-51.0
25-29,Feminino,Branca,Sudeste,Graduação/Bacharelado,Empregado (CLT),Analista de Dados,Pleno,de R$ 4.001/mês a R$ 6.000/mês,de 1 a 2 anos,Não tive experiência na área de TI/Engenharia de Software antes de começar a trabalhar na área de dados,False,5000,-20.0,-44.0
25-29,Masculino,Branca,Sudeste,Graduação/Bacharelado,Empregado (CLT),Arquiteto de Dados,Sênior,de R$ 12.001/mês a R$ 16.000/mês,de 3 a 4 anos,Não tive experiência na área de TI/Engenharia de Software antes de começar a trabalhar na área de dados,True,14000,-20.0,-44.0
25-29,Masculino,Branca,Sudeste,Pós-graduação,Empregado (CLT),Analytics Engineer,Pleno,de R$ 8.001/mês a R$ 12.000/mês,de 3 a 4 anos,Não tive experiência na área de TI/Engenharia de Software antes de começar a trabalhar na área de dados,False,10000,-20.0,-44.0
25-29,Masculino,Parda,Sudeste,Estudante de Graduação,Empregado (CLT),Analytics Engineer,Sênior,de R$ 12.001/mês a R$ 16.000/mês,de 7 a 10 anos,Não tive experiência na área de TI/Engenharia de Software antes de começar a trabalhar na área de dados,True,14000,-20.0,-44.0
25-29,Masculino,Branca,Sudeste,Pós-graduação,Empregado (CLT),Analista de BI,Sênior,de R$ 8.001/mês a R$ 12.000/mês,de 5 a 6 anos,Não tive experiência na área de TI/Engenharia de Software antes de começar a trabalhar na área de dados,True,10000,-20.0,-44.0
25-29,Masculino,Branca,Sul,Pós-graduação,Empregado (CLT),Cientista de Dados,Júnior,de R$ 8.001/mês a R$ 12.000/mês,de 1 a 2 anos,Não tive experiência na área de TI/Engenharia de Software antes de começar a trabalhar na área de dados,True,10000,-27.0,-51.0
25-29,Masculino,Parda,Nordeste,Pós-graduação,Empregado (CLT),Engenheiro de Dados,Pleno,de R$ 8.001/mês a R$ 12.000/mês,de 5 a 6 anos,Não tive experiência na área de TI/Engenharia de Software antes de começar a trabalhar na área de dados,True,10000,-8.0,-38.0
25-29,Feminino,Branca,Nordeste,Mestrado,Empregado (CLT),Eng. Machine Learning,Pleno,de R$ 12.001/mês a R$ 16.000/mês,de 3 a 4 anos,Não tive experiência na área de TI/Engenharia de Software antes de começar a trabalhar na área de dados,True,14000,-8.0,-38.0
25-29,Prefiro não informar,Prefiro não informar,Sudeste,Graduação/Bacharelado,Empregado (CLT),Analista de Negócios,Sênior,de R$ 16.001/mês a R$ 20.000/mês,de 3 a 4 anos,Não tive experiência na área de TI/Engenharia de Software antes de começar a trabalhar na área de dados,True,18000,-20.0,-44.0
25-29,Masculino,Parda,Nordeste,Graduação/Bacharelado,Empregado (CLT),Outro,Júnior,de R$ 4.001/mês a R$ 6.000/mês,Não tenho experiência na área de dados,Não tive experiência na área de TI/Engenharia de Software antes de começar a trabalhar na área de dados,True,5000,-8.0,-38.0
25-29,Masculino,Branca,Sudeste,Graduação/Bacharelado,Empregado (CLT),Analytics Engineer,Sênior,de R$ 8.001/mês a R$ 12.000/mês,de 3 a 4 anos,Não tive experiência na área de TI/Engenharia de Software antes de começar a trabalhar na área de dados,True,10000,-20.0,-44.0
25-29,Masculino,Branca,Sudeste,Graduação/Bacharelado,Empregado (CLT),Cientista de Dados,Júnior,de R$ 8.001/mês a R$ 12.000/mês,de 1 a 2 anos,Não tive experiência na área de TI/Engenharia de Software antes de começar a trabalhar na área de dados,True,10000,-20.0,-44.0
25-29,Masculino,Branca,Sudeste,Pós-graduação,Empregado (CLT),Engenheiro de Dados,Sênior,de R$ 8.001/mês a R$ 12.000/mês,de 5 a 6 anos,de 5 a 6 anos,True,10000,-20.0,-44.0
25-29,Masculino,Branca,,Mestrado,Vivo fora do Brasil e trabalho para empresa de fora do Brasil,Analista de Dados,Júnior,de R$ 6.001/mês a R$ 8.000/mês,de 1 a 2 anos,Menos de 1 ano,True,7000,,
25-29,Masculino,Amarela,,Estudante de Graduação,Vivo fora do Brasil e trabalho para empresa de fora do Brasil,Outro,Júnior,de R$ 2.001/mês a R$ 3.000/mês,Não tenho experiência na área de dados,Não tive experiência na área de TI/Engenharia de Software antes de começar a trabalhar na área de dados,False,2500,,
25-29,Feminino,Parda,Sudeste,Estudante de Graduação,Empregado (CLT),Engenheiro de Dados,Sênior,de R$ 8.001/mês a R$ 12.000/mês,de 5 a 6 anos,de 7 a 10 anos,False,10000,-20.0,-44.0
25-29,Masculino,Branca,Sudeste,Graduação/Bacharelado,Empregado (CLT),Analista de BI,Pleno,de R$ 4.001/mês a R$ 6.000/mês,de 3 a 4 anos,Não tive experiência na área de TI/Engenharia de Software antes de começar a trabalhar na área de dados,True,5000,-20.0,-44.0
25-29,Masculino,Parda,Sul,Estudante de Graduação,Empregado (CLT),Analista de Negócios,Pleno,de R$ 3.001/mês a R$ 4.000/mês,de 1 a 2 anos,Não tive experiência na área de TI/Engenharia de Software antes de começar a trabalhar na área de dados,False,3500,-27.0,-51.0
25-29,Masculino,Branca,Centro-oeste,Estudante de Graduação,Empreendedor ou Empregado (CNPJ),Engenheiro de Dados,Pleno,de R$ 4.001/mês a R$ 6.000/mês,de 1 a 2 anos,de 3 a 4 anos,True,5000,-15.0,-52.0
25-29,Masculino,Branca,Sudeste,Estudante de Graduação,Empregado (CLT),Desenvolvedor,Pleno,de R$ 2.001/mês a R$ 3.000/mês,de 3 a 4 anos,Não tive experiência na área de TI/Engenharia de Software antes de começar a trabalhar na área de dados,True,2500,-20.0,-44.0
25-29,Masculino,Branca,Sul,Graduação/Bacharelado,Empregado (CLT),Analista de BI,Pleno,de R$ 3.001/mês a R$ 4.000/mês,de 3 a 4 anos,Não tive experiência na área de TI/Engenharia de Software antes de começar a trabalhar na área de dados,False,3500,-27.0,-51.0
25-29,Feminino,Branca,Sudeste,Graduação/Bacharelado,Vivo no Brasil e trabalho remoto para empresa de fora do Brasil,Outro,Pleno,de R$ 8.001/mês a R$ 12.000/mês,de 1 a 2 anos,Não tive experiência na área de TI/Engenharia de Software antes de começar a trabalhar na área de dados,False,10000,-20.0,-44.0
25-29,Masculino,Parda,Sudeste,Estudante de Graduação,Empreendedor ou Empregado (CNPJ),Analista de Dados,Júnior,de R$ 2.001/mês a R$ 3.000/mês,Menos de 1 ano,Não tive experiência na área de TI/Engenharia de Software antes de começar a trabalhar na área de dados,False,2500,-20.0,-44.0
25-29,Masculino,Branca,Sudeste,Graduação/Bacharelado,Empregado (CLT),Analista de Dados,Sênior,de R$ 8.001/mês a R$ 12.000/mês,de 5 a 6 anos,Não tive experiência na área de TI/Engenharia de Software antes de começar a trabalhar na área de dados,False,10000,-20.0,-44.0
25-29,Masculino,Branca,Sudeste,Graduação/Bacharelado,Empregado (CLT),Analista de Dados,Júnior,de R$ 4.001/mês a R$ 6.000/mês,de 1 a 2 anos,Não tive experiência na área de TI/Engenharia de Software antes de começar a trabalhar na área de dados,True,5000,-20.0,-44.0
25-29,Masculino,Branca,Sudeste,Graduação/Bacharelado,Empregado (CLT),Analista de Dados,Pleno,de R$ 8.001/mês a R$ 12.000/mês,de 1 a 2 anos,Não tive experiência na área de TI/Engenharia de Software antes de começar a trabalhar na área de dados,True,10000,-20.0,-44.0
25-29,Feminino,Branca,Sudeste,Pós-graduação,Freelancer,Outro,Júnior,de R$ 3.001/mês a R$ 4.000/mês,Não tenho experiência na área de dados,Não tive experiência na área de TI/Engenharia de Software antes de começar a trabalhar na área de dados,False,3500,-20.0,-44.0
25-29,Masculino,Parda,Norte,Graduação/Bacharelado,Empregado (CLT),Analista de Suporte,Pleno,de R$ 2.001/mês a R$ 3.000/mês,Não tenho experiência na área de dados,Não tive experiência na área de TI/Engenharia de Software antes de começar a trabalhar na área de dados,False,2500,-5.0,-60.0
25-29,Feminino,Parda,Nordeste,Graduação/Bacharelado,Empregado (CLT),Analista de Dados,Sênior,de R$ 16.001/mês a R$ 20.000/mês,de 5 a 6 anos,Menos de 1 ano,True,18000,-8.0,-38.0
25-29,Masculino,Parda,Sudeste,Graduação/Bacharelado,Empregado (CLT),Engenheiro de Dados,Sênior,de R$ 8.001/mês a R$ 12.000/mês,de 3 a 4 anos,Menos de 1 ano,True,10000,-20.0,-44.0
25-29,Masculino,Parda,Sudeste,Graduação/Bacharelado,Empregado (CLT),Analista de Dados,Pleno,de R$ 4.001/mês a R$ 6.000/mês,de 1 a 2 anos,Não tive experiência na área de TI/Engenharia de Software antes de começar a trabalhar na área de dados,False,5000,-20.0,-44.0
25-29,Masculino,Branca,Sudeste,Graduação/Bacharelado,Empregado (CLT),Analytics Engineer,Sênior,de R$ 12.001/mês a R$ 16.000/mês,de 3 a 4 anos,Não tive experiência na área de TI/Engenharia de Software antes de começar a trabalhar na área de dados,True,14000,-20.0,-44.0
25-29,Masculino,Branca,Sul,Graduação/Bacharelado,Empreendedor ou Empregado (CNPJ),Cientista de Dados,Pleno,de R$ 4.001/mês a R$ 6.000/mês,de 1 a 2 anos,de 1 a 2 anos,False,5000,-27.0,-51.0
25-29,Masculino,Branca,Sudeste,Graduação/Bacharelado,Empregado (CLT),Cientista de Dados,Sênior,de R$ 8.001/mês a R$ 12.000/mês,de 3 a 4 anos,Não tive experiência na área de TI/Engenharia de Software antes de começar a trabalhar na área de dados,False,10000,-20.0,-44.0
25-29,Masculino,Branca,Sudeste,Graduação/Bacharelado,Empregado (CLT),Analista de BI,Sênior,de R$ 8.001/mês a R$ 12.000/mês,de 3 a 4 anos,Não tive experiência na área de TI/Engenharia de Software antes de começar a trabalhar na área de dados,False,10000,-20.0,-44.0
25-29,Feminino,Amarela,Sudeste,Estudante de Graduação,Empregado (CLT),Analista de Dados,Pleno,de R$ 6.001/mês a R$ 8.000/mês,de 3 a 4 anos,Não tive experiência na área de TI/Engenharia de Software antes de começar a trabalhar na área de dados,True,7000,-20.0,-44.0
25-29,Masculino,Branca,Sul,Graduação/Bacharelado,Empregado (CLT),Cientista de Dados,Júnior,de R$ 3.001/mês a R$ 4.000/mês,Menos de 1 ano,de 1 a 2 anos,True,3500,-27.0,-51.0
25-29,Masculino,Parda,Centro-oeste,Graduação/Bacharelado,Empregado (CLT),Cientista de Dados,Júnior,de R$ 2.001/mês a R$ 3.000/mês,de 1 a 2 anos,Não tive experiência na área de TI/Engenharia de Software antes de começar a trabalhar na área de dados,False,2500,-15.0,-52.0
25-29,Masculino,Branca,Sul,Graduação/Bacharelado,Empregado (CLT),Analista de Dados,Pleno,de R$ 4.001/mês a R$ 6.000/mês,de 3 a 4 anos,Não tive experiência na área de TI/Engenharia de Software antes de começar a trabalhar na área de dados,True,5000,-27.0,-51.0
25-29,Feminino,Parda,Sudeste,Graduação/Bacharelado,Empregado (CLT),Analista de Dados,Sênior,de R$ 8.001/mês a R$ 12.000/mês,de 3 a 4 anos,Não tive experiência na área de TI/Engenharia de Software antes de começar a trabalhar na área de dados,False,10000,-20.0,-44.0
25-29,Masculino,Amarela,Sudeste,Pós-graduação,Empregado (CLT),Analytics Engineer,Sênior,de R$ 12.001/mês a R$ 16.000/mês,de 5 a 6 anos,Não tive experiência na área de TI/Engenharia de Software antes de começar a trabalhar na área de dados,True,14000,-20.0,-44.0
25-29,Feminino,Branca,Sul,Graduação/Bacharelado,Empregado (CLT),Analista de BI,Pleno,de R$ 4.001/mês a R$ 6.000/mês,de 1 a 2 anos,de 1 a 2 anos,False,5000,-27.0,-51.0
25-29,Masculino,Branca,,Graduação/Bacharelado,Vivo fora do Brasil e trabalho para empresa de fora do Brasil,Cientista de Dados,Sênior,de R$ 20.001/mês a R$ 25.000/mês,de 5 a 6 anos,Menos de 1 ano,True,22500,,
25-29,Masculino,Branca,Centro-oeste,Graduação/Bacharelado,Empregado (CLT),Analista de BI,Pleno,de R$ 4.001/mês a R$ 6.000/mês,de 3 a 4 anos,Não tive experiência na área de TI/Engenharia de Software antes de começar a trabalhar na área de dados,False,5000,-15.0,-52.0
25-29,Feminino,Branca,Sudeste,Mestrado,Vivo no Brasil e trabalho remoto para empresa de fora do Brasil,Analista de Dados,Pleno,de R$ 4.001/mês a R$ 6.000/mês,de 1 a 2 anos,Não tive experiência na área de TI/Engenharia de Software antes de começar a trabalhar na área de dados,True,5000,-20.0,-44.0
25-29,Feminino,Branca,Sudeste,Estudante de Graduação,Empregado (CLT),Outro,Júnior,de R$ 2.001/mês a R$ 3.000/mês,Não tenho experiência na área de dados,Não tive experiência na área de TI/Engenharia de Software antes de começar a trabalhar na área de dados,False,2500,-20.0,-44.0
25-29,Masculino,Branca,Sudeste,Mestrado,Vivo no Brasil e trabalho remoto para empresa de fora do Brasil,Cientista de Dados,Sênior,Acima de R$ 40.001/mês,de 5 a 6 anos,de 1 a 2 anos,True,45000,-20.0,-44.0
25-29,Masculino,Branca,Sul,Graduação/Bacharelado,Empregado (CLT),Cientista de Dados,Sênior,de R$ 8.001/mês a R$ 12.000/mês,de 1 a 2 anos,Não tive experiência na área de TI/Engenharia de Software antes de começar a trabalhar na área de dados,False,10000,-27.0,-51.0
25-29,Masculino,Branca,Sudeste,Graduação/Bacharelado,Empregado (CLT),Analista de Dados,Pleno,de R$ 6.001/mês a R$ 8.000/mês,de 1 a 2 anos,Não tive experiência na área de TI/Engenharia de Software antes de começar a trabalhar na área de dados,True,7000,-20.0,-44.0
25-29,Feminino,Branca,Sudeste,Pós-graduação,Empregado (CLT),Analytics Engineer,Pleno,de R$ 6.001/mês a R$ 8.000/mês,de 3 a 4 anos,Não tive experiência na área de TI/Engenharia de Software antes de começar a trabalhar na área de dados,True,7000,-20.0,-44.0
25-29,Masculino,Parda,Nordeste,Graduação/Bacharelado,Empreendedor ou Empregado (CNPJ),Analista de BI,Pleno,de R$ 4.001/mês a R$ 6.000/mês,de 3 a 4 anos,de 3 a 4 anos,True,5000,-8.0,-38.0
25-29,Masculino,Parda,Nordeste,Pós-graduação,Empregado (CLT),Analytics Engineer,Pleno,de R$ 8.001/mês a R$ 12.000/mês,de 1 a 2 anos,Não tive experiência na área de TI/Engenharia de Software antes de começar a trabalhar na área de dados,True,10000,-8.0,-38.0
25-29,Feminino,Parda,Sul,Estudante de Graduação,Empregado (CLT),Outro,Júnior,de R$ 1.001/mês a R$ 2.000/mês,de 1 a 2 anos,Menos de 1 ano,False,1500,-27.0,-51.0
25-29,Outro,Preta,Sudeste,Pós-graduação,Empregado (CLT),Cientista de Dados,Sênior,de R$ 8.001/mês a R$ 12.000/mês,de 1 a 2 anos,Não tive experiência na área de TI/Engenharia de Software antes de começar a trabalhar na área de dados,True,10000,-20.0,-44.0
25-29,Masculino,Branca,Sudeste,Graduação/Bacharelado,Empregado (CLT),Analista de Dados,Sênior,de R$ 6.001/mês a R$ 8.000/mês,de 3 a 4 anos,Não tive experiência na área de TI/Engenharia de Software antes de começar a trabalhar na área de dados,True,7000,-20.0,-44.0
25-29,Feminino,Parda,Sudeste,Graduação/Bacharelado,Empregado (CLT),Outro,Júnior,de R$ 1.001/mês a R$ 2.000/mês,Menos de 1 ano,Não tive experiência na área de TI/Engenharia de Software antes de começar a trabalhar na área de dados,False,1500,-20.0,-44.0
25-29,Feminino,Branca,Sudeste,Pós-graduação,Vivo no Brasil e trabalho remoto para empresa de fora do Brasil,Analista de BI,Pleno,de R$ 6.001/mês a R$ 8.000/mês,de 1 a 2 anos,Menos de 1 ano,True,7000,-20.0,-44.0
25-29,Feminino,Branca,,Graduação/Bacharelado,Empregado (CLT),Cientista de Dados,Júnior,de R$ 8.001/mês a R$ 12.000/mês,de 1 a 2 anos,Não tive experiência na área de TI/Engenharia de Software antes de começar a trabalhar na área de dados,True,10000,,
25-29,Masculino,Branca,Sudeste,Graduação/Bacharelado,Empregado (CLT),Outro,Júnior,de R$ 2.001/mês a R$ 3.000/mês,Menos de 1 ano,Não tive experiência na área de TI/Engenharia de Software antes de começar a trabalhar na área de dados,False,2500,-20.0,-44.0
25-29,Feminino,Branca,Sudeste,Mestrado,Empregado (CLT),Cientista de Dados,Sênior,de R$ 16.001/mês a R$ 20.000/mês,de 5 a 6 anos,Não tive experiência na área de TI/Engenharia de Software antes de começar a trabalhar na área de dados,True,18000,-20.0,-44.0
25-29,Masculino,Preta,Nordeste,Graduação/Bacharelado,Vivo no Brasil e trabalho remoto para empresa de fora do Brasil,Engenheiro de Dados,Sênior,de R$ 30.001/mês a R$ 40.000/mês,de 7 a 10 anos,Não tive experiência na área de TI/Engenharia de Software antes de começar a trabalhar na área de dados,True,35000,-8.0,-38.0
25-29,Feminino,Branca,Sudeste,Mestrado,Empregado (CLT),Analista de Dados,Sênior,de R$ 8.001/mês a R$ 12.000/mês,de 5 a 6 anos,Não tive experiência na área de TI/Engenharia de Software antes de começar a trabalhar na área de dados,True,10000,-20.0,-44.0
25-29,Feminino,Branca,,Pós-graduação,Empregado (CLT),Analista de Dados,Júnior,de R$ 4.001/mês a R$ 6.000/mês,de 1 a 2 anos,de 3 a 4 anos,False,5000,,
25-29,Masculino,Branca,Sudeste,Não tenho graduação formal,Empregado (CLT),Engenheiro de Dados,Pleno,de R$ 8.001/mês a R$ 12.000/mês,de 3 a 4 anos,de 5 a 6 anos,False,10000,-20.0,-44.0
25-29,Masculino,Branca,Sul,Graduação/Bacharelado,Empregado (CLT),Engenheiro de Dados,Sênior,de R$ 8.001/mês a R$ 12.000/mês,Mais de 10 anos,Não tive experiência na área de TI/Engenharia de Software antes de começar a trabalhar na área de dados,False,10000,-27.0,-51.0
25-29,Feminino,Amarela,Sudeste,Mestrado,Empregado (CLT),Eng. Machine Learning,Pleno,de R$ 8.001/mês a R$ 12.000/mês,de 3 a 4 anos,de 1 a 2 anos,True,10000,-20.0,-44.0
25-29,Masculino,Branca,Sul,Graduação/Bacharelado,Empregado (CLT),Engenheiro de Dados,Pleno,de R$ 12.001/mês a R$ 16.000/mês,de 3 a 4 anos,de 3 a 4 anos,True,14000,-27.0,-51.0
25-29,Feminino,Parda,Sul,Graduação/Bacharelado,Empregado (CLT),Outro,Júnior,de R$ 3.001/mês a R$ 4.000/mês,Não tenho experiência na área de dados,de 1 a 2 anos,True,3500,-27.0,-51.0
25-29,Masculino,Branca,Sudeste,Graduação/Bacharelado,Empregado (CLT),Analista de Dados,Pleno,de R$ 8.001/mês a R$ 12.000/mês,de 1 a 2 anos,Não tive experiência na área de TI/Engenharia de Software antes de começar a trabalhar na área de dados,True,10000,-20.0,-44.0
25-29,Masculino,Parda,Sudeste,Pós-graduação,Empregado (CLT),Analista de Dados,Sênior,de R$ 12.001/mês a R$ 16.000/mês,de 3 a 4 anos,de 1 a 2 anos,True,14000,-20.0,-44.0
25-29,Masculino,Preta,Sul,Estudante de Graduação,Empregado (CLT),Analista de Dados,Pleno,de R$ 6.001/mês a R$ 8.000/mês,de 1 a 2 anos,de 1 a 2 anos,True,7000,-27.0,-51.0
25-29,Feminino,Branca,Sudeste,Pós-graduação,Empregado (CLT),Analista de BI,Sênior,de R$ 8.001/mês a R$ 12.000/mês,de 3 a 4 anos,Não tive experiência na área de TI/Engenharia de Software antes de começar a trabalhar na área de dados,True,10000,-20.0,-44.0
25-29,Feminino,Parda,Sudeste,Mestrado,Empregado (CLT),Cientista de Dados,Júnior,de R$ 4.001/mês a R$ 6.000/mês,de 1 a 2 anos,Não tive experiência na área de TI/Engenharia de Software antes de começar a trabalhar na área de dados,True,5000,-20.0,-44.0
25-29,Masculino,Branca,Sudeste,Estudante de Graduação,Empregado (CLT),Analytics Engineer,Pleno,de R$ 12.001/mês a R$ 16.000/mês,de 3 a 4 anos,Não tive experiência na área de TI/Engenharia de Software antes de começar a trabalhar na área de dados,True,14000,-20.0,-44.0
25-29,Masculino,Branca,Sudeste,Graduação/Bacharelado,Vivo no Brasil e trabalho remoto para empresa de fora do Brasil,Engenheiro de Dados,Pleno,de R$ 20.001/mês a R$ 25.000/mês,de 3 a 4 anos,Não tive experiência na área de TI/Engenharia de Software antes de começar a trabalhar na área de dados,False,22500,-20.0,-44.0
25-29,Masculino,Branca,Sudeste,Graduação/Bacharelado,Empregado (CLT),Analista de Dados,Júnior,de R$ 4.001/mês a R$ 6.000/mês,de 1 a 2 anos,de 1 a 2 anos,False,5000,-20.0,-44.0
25-29,Feminino,Parda,Sul,Pós-graduação,Empregado (CLT),Analista de Dados,Sênior,de R$ 12.001/mês a R$ 16.000/mês,de 5 a 6 anos,Menos de 1 ano,True,14000,-27.0,-51.0
25-29,Masculino,Branca,Sudeste,Graduação/Bacharelado,Empreendedor ou Empregado (CNPJ),Cientista de Dados,Pleno,de R$ 8.001/mês a R$ 12.000/mês,Menos de 1 ano,Não tive experiência na área de TI/Engenharia de Software antes de começar a trabalhar na área de dados,True,10000,-20.0,-44.0
25-29,Masculino,Amarela,Sudeste,Graduação/Bacharelado,Empregado (CLT),Analista de Dados,Pleno,de R$ 6.001/mês a R$ 8.000/mês,de 3 a 4 anos,Não tive experiência na área de TI/Engenharia de Software antes de começar a trabalhar na área de dados,True,7000,-20.0,-44.0
25-29,Feminino,Preta,Centro-oeste,Pós-graduação,Empregado (CLT),Analista de Negócios,Pleno,de R$ 6.001/mês a R$ 8.000/mês,de 1 a 2 anos,Não tive experiência na área de TI/Engenharia de Software antes de começar a trabalhar na área de dados,False,7000,-15.0,-52.0
25-29,Masculino,Branca,Sudeste,Graduação/Bacharelado,Empregado (CLT),Analista de BI,Sênior,de R$ 8.001/mês a R$ 12.000/mês,de 3 a 4 anos,Não tive experiência na área de TI/Engenharia de Software antes de começar a trabalhar na área de dados,True,10000,-20.0,-44.0
25-29,Masculino,Parda,Sudeste,Pós-graduação,Servidor Público,Estatístico,Pleno,de R$ 8.001/mês a R$ 12.000/mês,de 3 a 4 anos,Não tive experiência na área de TI/Engenharia de Software antes de começar a trabalhar na área de dados,True,10000,-20.0,-44.0
25-29,Masculino,Branca,Sudeste,Graduação/Bacharelado,Empregado (CLT),Analista de Dados,Pleno,de R$ 4.001/mês a R$ 6.000/mês,de 1 a 2 anos,Não tive experiência na área de TI/Engenharia de Software antes de começar a trabalhar na área de dados,True,5000,-20.0,-44.0
25-29,Masculino,Branca,Sul,Graduação/Bacharelado,Empregado (CLT),Engenheiro de Dados,Pleno,de R$ 4.001/mês a R$ 6.000/mês,de 3 a 4 anos,Não tive experiência na área de TI/Engenharia de Software antes de começar a trabalhar na área de dados,True,5000,-27.0,-51.0
25-29,Masculino,Branca,Centro-oeste,Estudante de Graduação,Empregado (CLT),Analista de BI,Júnior,de R$ 2.001/mês a R$ 3.000/mês,Menos de 1 ano,Não tive experiência na área de TI/Engenharia de Software antes de começar a trabalhar na área de dados,True,2500,-15.0,-52.0
25-29,Feminino,Branca,Sul,Graduação/Bacharelado,Empregado (CLT),Cientista de Dados,Pleno,de R$ 8.001/mês a R$ 12.000/mês,de 3 a 4 anos,Não tive experiência na área de TI/Engenharia de Software antes de começar a trabalhar na área de dados,True,10000,-27.0,-51.0
25-29,Masculino,Branca,Sul,Graduação/Bacharelado,Empregado (CLT),Analista de Dados,Sênior,de R$ 12.001/mês a R$ 16.000/mês,de 7 a 10 anos,Não tive experiência na área de TI/Engenharia de Software antes de começar a trabalhar na área de dados,True,14000,-27.0,-51.0
25-29,Masculino,Parda,Sudeste,Pós-graduação,Empregado (CLT),Analista de Dados,Sênior,de R$ 12.001/mês a R$ 16.000/mês,de 3 a 4 anos,Não tive experiência na área de TI/Engenharia de Software antes de começar a trabalhar na área de dados,True,14000,-20.0,-44.0
25-29,Feminino,Parda,Centro-oeste,Pós-graduação,Empregado (CLT),Analytics Engineer,Sênior,de R$ 8.001/mês a R$ 12.000/mês,de 5 a 6 anos,Não tive experiência na área de TI/Engenharia de Software antes de começar a trabalhar na área de dados,False,10000,-15.0,-52.0
25-29,Masculino,Branca,Centro-oeste,Graduação/Bacharelado,Empregado (CLT),Engenheiro de Dados,Sênior,de R$ 16.001/mês a R$ 20.000/mês,de 3 a 4 anos,de 3 a 4 anos,True,18000,-15.0,-52.0
25-29,Masculino,Branca,Sudeste,Graduação/Bacharelado,Empregado (CLT),Cientista de Dados,Pleno,de R$ 12.001/mês a R$ 16.000/mês,de 3 a 4 anos,Não tive experiência na área de TI/Engenharia de Software antes de começar a trabalhar na área de dados,True,14000,-20.0,-44.0
25-29,Feminino,Branca,Sudeste,Pós-graduação,Empregado (CLT),Analytics Engineer,Pleno,de R$ 8.001/mês a R$ 12.000/mês,de 3 a 4 anos,de 1 a 2 anos,True,10000,-20.0,-44.0
25-29,Masculino,Branca,Sudeste,Graduação/Bacharelado,Empregado (CLT),Analista de Negócios,Sênior,de R$ 20.001/mês a R$ 25.000/mês,de 5 a 6 anos,Não tive experiência na área de TI/Engenharia de Software antes de começar a trabalhar na área de dados,True,22500,-20.0,-44.0
25-29,Masculino,Branca,Sudeste,Pós-graduação,Empregado (CLT),Analista de Negócios,Júnior,de R$ 4.001/mês a R$ 6.000/mês,de 1 a 2 anos,Não tive experiência na área de TI/Engenharia de Software antes de começar a trabalhar na área de dados,True,5000,-20.0,-44.0
25-29,Feminino,Branca,Sul,Mestrado,Empregado (CLT),Analytics Engineer,Sênior,de R$ 16.001/mês a R$ 20.000/mês,de 5 a 6 anos,Não tive experiência na área de TI/Engenharia de Software antes de começar a trabalhar na área de dados,True,18000,-27.0,-51.0
25-29,Feminino,Branca,Sudeste,Graduação/Bacharelado,Empregado (CLT),Cientista de Dados,Pleno,de R$ 6.001/mês a R$ 8.000/mês,de 3 a 4 anos,Não tive experiência na área de TI/Engenharia de Software antes de começar a trabalhar na área de dados,True,7000,-20.0,-44.0
25-29,Masculino,Parda,Sul,Não tenho graduação formal,Empreendedor ou Empregado (CNPJ),Outras Engenharias,Júnior,de R$ 8.001/mês a R$ 12.000/mês,de 1 a 2 anos,Não tive experiência na área de TI/Engenharia de Software antes de começar a trabalhar na área de dados,True,10000,-27.0,-51.0
25-29,Masculino,Branca,Nordeste,Graduação/Bacharelado,Empreendedor ou Empregado (CNPJ),Cientista de Dados,Júnior,de R$ 3.001/mês a R$ 4.000/mês,de 5 a 6 anos,Não tive experiência na área de TI/Engenharia de Software antes de começar a trabalhar na área de dados,True,3500,-8.0,-38.0
25-29,Masculino,Branca,Sul,Pós-graduação,Empregado (CLT),Analista de BI,Júnior,de R$ 4.001/mês a R$ 6.000/mês,de 1 a 2 anos,Menos de 1 ano,True,5000,-27.0,-51.0
25-29,Masculino,Branca,Sul,Pós-graduação,Empregado (CLT),Analista de Dados,Pleno,de R$ 4.001/mês a R$ 6.000/mês,de 1 a 2 anos,Não tive experiência na área de TI/Engenharia de Software antes de começar a trabalhar na área de dados,True,5000,-27.0,-51.0
25-29,Masculino,Branca,Sul,Pós-graduação,Empregado (CLT),Analista de BI,Sênior,de R$ 4.001/mês a R$ 6.000/mês,de 5 a 6 anos,Menos de 1 ano,True,5000,-27.0,-51.0
25-29,Masculino,Branca,Sudeste,Graduação/Bacharelado,Empregado (CLT),Cientista de Dados,Sênior,de R$ 8.001/mês a R$ 12.000/mês,de 5 a 6 anos,de 1 a 2 anos,True,10000,-20.0,-44.0
25-29,Masculino,Branca,Sudeste,Estudante de Graduação,Empregado (CLT),Analytics Engineer,Pleno,de R$ 8.001/mês a R$ 12.000/mês,de 1 a 2 anos,Não tive experiência na área de TI/Engenharia de Software antes de começar a trabalhar na área de dados,True,10000,-20.0,-44.0
25-29,Masculino,Branca,Sul,Graduação/Bacharelado,Vivo no Brasil e trabalho remoto para empresa de fora do Brasil,Analista de Suporte,Júnior,de R$ 8.001/mês a R$ 12.000/mês,Não tenho experiência na área de dados,Não tive experiência na área de TI/Engenharia de Software antes de começar a trabalhar na área de dados,True,10000,-27.0,-51.0
25-29,Masculino,Branca,Sul,Mestrado,Empregado (CLT),Arquiteto de Dados,Pleno,de R$ 8.001/mês a R$ 12.000/mês,de 3 a 4 anos,de 5 a 6 anos,False,10000,-27.0,-51.0
25-29,Masculino,Parda,Sudeste,Graduação/Bacharelado,Empregado (CLT),Engenheiro de Dados,Pleno,de R$ 12.001/mês a R$ 16.000/mês,de 3 a 4 anos,Menos de 1 ano,True,14000,-20.0,-44.0
25-29,Feminino,Branca,Sudeste,Pós-graduação,Empregado (CLT),Analista de Dados,Pleno,de R$ 8.001/mês a R$ 12.000/mês,de 3 a 4 anos,Não tive experiência na área de TI/Engenharia de Software antes de começar a trabalhar na área de dados,True,10000,-20.0,-44.0
25-29,Feminino,Branca,Sul,Graduação/Bacharelado,Empregado (CLT),Analista de Dados,Pleno,de R$ 8.001/mês a R$ 12.000/mês,de 3 a 4 anos,Não tive experiência na área de TI/Engenharia de Software antes de começar a trabalhar na área de dados,True,10000,-27.0,-51.0
25-29,Feminino,Branca,Sudeste,Pós-graduação,Empregado (CLT),Product Manager,Pleno,de R$ 8.001/mês a R$ 12.000/mês,de 3 a 4 anos,de 1 a 2 anos,True,10000,-20.0,-44.0
25-29,Feminino,Branca,Sudeste,Graduação/Bacharelado,Empregado (CLT),Analista de BI,Pleno,de R$ 6.001/mês a R$ 8.000/mês,de 1 a 2 anos,de 1 a 2 anos,True,7000,-20.0,-44.0
25-29,Masculino,Branca,Sudeste,Pós-graduação,Empregado (CLT),Analista de BI,Pleno,de R$ 8.001/mês a R$ 12.000/mês,de 7 a 10 anos,Não tive experiência na área de TI/Engenharia de Software antes de começar a trabalhar na área de dados,True,10000,-20.0,-44.0
25-29,Feminino,Branca,Sudeste,Mestrado,Empregado (CLT),Cientista de Dados,Sênior,de R$ 12.001/mês a R$ 16.000/mês,de 5 a 6 anos,Não tive experiência na área de TI/Engenharia de Software antes de começar a trabalhar na área de dados,False,14000,-20.0,-44.0
25-29,Feminino,Branca,Sudeste,Graduação/Bacharelado,Empregado (CLT),Analista de Dados,Sênior,de R$ 16.001/mês a R$ 20.000/mês,Mais de 10 anos,de 1 a 2 anos,True,18000,-20.0,-44.0
25-29,Masculino,Branca,Sudeste,Pós-graduação,Empregado (CLT),Analista de Dados,Pleno,de R$ 8.001/mês a R$ 12.000/mês,de 5 a 6 anos,Não tive experiência na área de TI/Engenharia de Software antes de começar a trabalhar na área de dados,True,10000,-20.0,-44.0
25-29,Masculino,Parda,Sudeste,Estudante de Graduação,Empregado (CLT),Arquiteto de Dados,Pleno,de R$ 12.001/mês a R$ 16.000/mês,de 3 a 4 anos,Não tive experiência na área de TI/Engenharia de Software antes de começar a trabalhar na área de dados,True,14000,-20.0,-44.0
25-29,Feminino,Branca,Sudeste,Pós-graduação,Empregado (CLT),Analista de BI,Sênior,de R$ 8.001/mês a R$ 12.000/mês,de 3 a 4 anos,Não tive experiência na área de TI/Engenharia de Software antes de começar a trabalhar na área de dados,True,10000,-20.0,-44.0
25-29,Masculino,Branca,Sudeste,Pós-graduação,Empreendedor ou Empregado (CNPJ),Cientista de Dados,Sênior,de R$ 16.001/mês a R$ 20.000/mês,de 5 a 6 anos,de 7 a 10 anos,False,18000,-20.0,-44.0
25-29,Masculino,Branca,Sudeste,Graduação/Bacharelado,Empregado (CLT),Analista de BI,Sênior,de R$ 8.001/mês a R$ 12.000/mês,de 3 a 4 anos,de 1 a 2 anos,True,10000,-20.0,-44.0
25-29,Feminino,Branca,Sudeste,Graduação/Bacharelado,Empregado (CLT),Analista de Dados,Júnior,de R$ 8.001/mês a R$ 12.000/mês,de 3 a 4 anos,Não tive experiência na área de TI/Engenharia de Software antes de começar a trabalhar na área de dados,False,10000,-20.0,-44.0
25-29,Masculino,Branca,Centro-oeste,Mestrado,Empregado (CLT),Outro,Sênior,de R$ 12.001/mês a R$ 16.000/mês,de 3 a 4 anos,Não tive experiência na área de TI/Engenharia de Software antes de começar a trabalhar na área de dados,True,14000,-15.0,-52.0
25-29,Masculino,Branca,Sudeste,Pós-graduação,Empregado (CLT),Analista de Dados,Sênior,de R$ 12.001/mês a R$ 16.000/mês,de 5 a 6 anos,Não tive experiência na área de TI/Engenharia de Software antes de começar a trabalhar na área de dados,True,14000,-20.0,-44.0
25-29,Masculino,Parda,Centro-oeste,Pós-graduação,Empregado (CLT),Cientista de Dados,Pleno,de R$ 4.001/mês a R$ 6.000/mês,de 1 a 2 anos,Não tive experiência na área de TI/Engenharia de Software antes de começar a trabalhar na área de dados,True,5000,-15.0,-52.0
25-29,Feminino,Branca,Sudeste,Pós-graduação,Empregado (CLT),Analista de Negócios,Pleno,de R$ 6.001/mês a R$ 8.000/mês,de 3 a 4 anos,Não tive experiência na área de TI/Engenharia de Software antes de começar a trabalhar na área de dados,True,7000,-20.0,-44.0
25-29,Masculino,Branca,Sudeste,Graduação/Bacharelado,Empregado (CLT),Analista de Dados,Sênior,de R$ 8.001/mês a R$ 12.000/mês,de 3 a 4 anos,Não tive experiência na área de TI/Engenharia de Software antes de começar a trabalhar na área de dados,True,10000,-20.0,-44.0
25-29,Masculino,Amarela,Sudeste,Graduação/Bacharelado,Empregado (CLT),Analista de Dados,Pleno,de R$ 6.001/mês a R$ 8.000/mês,de 3 a 4 anos,Não tive experiência na área de TI/Engenharia de Software antes de começar a trabalhar na área de dados,False,7000,-20.0,-44.0
25-29,Masculino,Branca,Sudeste,Doutorado ou Phd,Empregado (CLT),Cientista de Dados,Pleno,de R$ 3.001/mês a R$ 4.000/mês,de 1 a 2 anos,de 1 a 2 anos,False,3500,-20.0,-44.0
25-29,Masculino,Amarela,Sudeste,Pós-graduação,Empregado (CLT),Engenheiro de Dados,Sênior,de R$ 12.001/mês a R$ 16.000/mês,de 7 a 10 anos,Não tive experiência na área de TI/Engenharia de Software antes de começar a trabalhar na área de dados,True,14000,-20.0,-44.0
25-29,Masculino,Branca,Sul,Estudante de Graduação,Empregado (CLT),Analista de Dados,Pleno,de R$ 8.001/mês a R$ 12.000/mês,de 3 a 4 anos,Não tive experiência na área de TI/Engenharia de Software antes de começar a trabalhar na área de dados,True,10000,-27.0,-51.0
25-29,Masculino,Preta,Sudeste,Graduação/Bacharelado,Empreendedor ou Empregado (CNPJ),Engenheiro de Dados,Pleno,de R$ 4.001/mês a R$ 6.000/mês,de 3 a 4 anos,de 1 a 2 anos,False,5000,-20.0,-44.0
25-29,Masculino,Branca,Sul,Graduação/Bacharelado,Empregado (CLT),Engenheiro de Dados,Sênior,de R$ 8.001/mês a R$ 12.000/mês,de 5 a 6 anos,Não tive experiência na área de TI/Engenharia de Software antes de começar a trabalhar na área de dados,True,10000,-27.0,-51.0
25-29,Masculino,Branca,Sudeste,Pós-graduação,Empregado (CLT),Engenheiro de Dados,Sênior,de R$ 8.001/mês a R$ 12.000/mês,de 5 a 6 anos,Não tive experiência na área de TI/Engenharia de Software antes de começar a trabalhar na área de dados,True,10000,-20.0,-44.0
25-29,Masculino,Branca,Sudeste,Graduação/Bacharelado,Empregado (CLT),Engenheiro de Dados,Sênior,de R$ 25.001/mês a R$ 30.000/mês,Mais de 10 anos,de 3 a 4 anos,True,27500,-20.0,-44.0
25-29,Masculino,Parda,Sudeste,Graduação/Bacharelado,Empregado (CLT),Analista de Dados,Pleno,de R$ 8.001/mês a R$ 12.000/mês,de 1 a 2 anos,Menos de 1 ano,True,10000,-20.0,-44.0
25-29,Feminino,Branca,Sudeste,Pós-graduação,Empregado (CLT),Analytics Engineer,Sênior,de R$ 16.001/mês a R$ 20.000/mês,de 5 a 6 anos,Não tive experiência na área de TI/Engenharia de Software antes de começar a trabalhar na área de dados,True,18000,-20.0,-44.0
25-29,Feminino,Parda,Sudeste,Pós-graduação,Empreendedor ou Empregado (CNPJ),Engenheiro de Dados,Pleno,de R$ 6.001/mês a R$ 8.000/mês,de 3 a 4 anos,Menos de 1 ano,False,7000,-20.0,-44.0
25-29,Masculino,Branca,Sudeste,Graduação/Bacharelado,Empregado (CLT),Cientista de Dados,Sênior,de R$ 12.001/mês a R$ 16.000/mês,de 5 a 6 anos,de 1 a 2 anos,True,14000,-20.0,-44.0
25-29,Masculino,Branca,Sudeste,Pós-graduação,Empregado (CLT),Analista de Dados,Sênior,de R$ 8.001/mês a R$ 12.000/mês,de 3 a 4 anos,Não tive experiência na área de TI/Engenharia de Software antes de começar a trabalhar na área de dados,False,10000,-20.0,-44.0
25-29,Masculino,Branca,Sul,Graduação/Bacharelado,Empregado (CLT),Engenheiro de Dados,Sênior,de R$ 12.001/mês a R$ 16.000/mês,de 3 a 4 anos,de 1 a 2 anos,True,14000,-27.0,-51.0
25-29,Masculino,Branca,Sudeste,Graduação/Bacharelado,Empregado (CLT),Analista de BI,Pleno,de R$ 6.001/mês a R$ 8.000/mês,de 3 a 4 anos,Não tive experiência na área de TI/Engenharia de Software antes de começar a trabalhar na área de dados,True,7000,-20.0,-44.0
25-29,Feminino,Branca,Sudeste,Graduação/Bacharelado,Empregado (CLT),Engenheiro de Dados,Júnior,de R$ 4.001/mês a R$ 6.000/mês,Menos de 1 ano,Não tive experiência na área de TI/Engenharia de Software antes de começar a trabalhar na área de dados,True,5000,-20.0,-44.0
25-29,Masculino,Branca,Sudeste,Graduação/Bacharelado,Empregado (CLT),Cientista de Dados,Sênior,de R$ 12.001/mês a R$ 16.000/mês,de 7 a 10 anos,Menos de 1 ano,True,14000,-20.0,-44.0
25-29,Prefiro não informar,Parda,Nordeste,Pós-graduação,Empregado (CLT),Analista de Negócios,Sênior,de R$ 8.001/mês a R$ 12.000/mês,de 3 a 4 anos,Não tive experiência na área de TI/Engenharia de Software antes de começar a trabalhar na área de dados,False,10000,-8.0,-38.0
25-29,Feminino,Branca,Sul,Pós-graduação,Empregado (CLT),Analista de Dados,Sênior,de R$ 8.001/mês a R$ 12.000/mês,de 5 a 6 anos,Não tive experiência na área de TI/Engenharia de Software antes de começar a trabalhar na área de dados,True,10000,-27.0,-51.0
25-29,Masculino,Branca,Sudeste,Graduação/Bacharelado,Empregado (CLT),Analista de Dados,Pleno,de R$ 4.001/mês a R$ 6.000/mês,de 1 a 2 anos,Não tive experiência na área de TI/Engenharia de Software antes de começar a trabalhar na área de dados,True,5000,-20.0,-44.0
25-29,Masculino,Parda,Centro-oeste,Estudante de Graduação,Empreendedor ou Empregado (CNPJ),Analista de Dados,Sênior,de R$ 4.001/mês a R$ 6.000/mês,de 3 a 4 anos,Não tive experiência na área de TI/Engenharia de Software antes de começar a trabalhar na área de dados,False,5000,-15.0,-52.0
25-29,Masculino,Branca,Sudeste,Graduação/Bacharelado,Empregado (CLT),Analista de Dados,Sênior,de R$ 6.001/mês a R$ 8.000/mês,de 5 a 6 anos,Não tive experiência na área de TI/Engenharia de Software antes de começar a trabalhar na área de dados,False,7000,-20.0,-44.0
25-29,Feminino,Branca,Sudeste,Graduação/Bacharelado,Empregado (CLT),Analista de Dados,Sênior,de R$ 8.001/mês a R$ 12.000/mês,de 5 a 6 anos,Não tive experiência na área de TI/Engenharia de Software antes de começar a trabalhar na área de dados,True,10000,-20.0,-44.0
25-29,Masculino,Branca,Sul,Pós-graduação,Empregado (CLT),Cientista de Dados,Sênior,de R$ 8.001/mês a R$ 12.000/mês,de 5 a 6 anos,de 3 a 4 anos,True,10000,-27.0,-51.0
25-29,Masculino,Preta,Nordeste,Estudante de Graduação,Empregado (CLT),Analytics Engineer,Sênior,de R$ 8.001/mês a R$ 12.000/mês,de 1 a 2 anos,Menos de 1 ano,True,10000,-8.0,-38.0
25-29,Masculino,Branca,Sudeste,Graduação/Bacharelado,Empregado (CLT),Analista de Dados,Pleno,de R$ 4.001/mês a R$ 6.000/mês,Menos de 1 ano,Não tive experiência na área de TI/Engenharia de Software antes de começar a trabalhar na área de dados,True,5000,-20.0,-44.0
25-29,Masculino,Branca,Sudeste,Mestrado,Empreendedor ou Empregado (CNPJ),Outro,Júnior,de R$ 6.001/mês a R$ 8.000/mês,de 1 a 2 anos,Não tive experiência na área de TI/Engenharia de Software antes de começar a trabalhar na área de dados,True,7000,-20.0,-44.0
25-29,Masculino,Parda,Sudeste,Pós-graduação,Empregado (CLT),Engenheiro de Dados,Sênior,de R$ 8.001/mês a R$ 12.000/mês,de 3 a 4 anos,de 3 a 4 anos,False,10000,-20.0,-44.0
25-29,Feminino,Parda,Sudeste,Graduação/Bacharelado,Empregado (CLT),Analista de Dados,Pleno,de R$ 6.001/mês a R$ 8.000/mês,de 1 a 2 anos,Não tive experiência na área de TI/Engenharia de Software antes de começar a trabalhar na área de dados,False,7000,-20.0,-44.0
25-29,Masculino,Parda,Sudeste,Graduação/Bacharelado,Empregado (CLT),Engenheiro de Dados,Sênior,de R$ 8.001/mês a R$ 12.000/mês,de 5 a 6 anos,Não tive experiência na área de TI/Engenharia de Software antes de começar a trabalhar na área de dados,False,10000,-20.0,-44.0
25-29,Masculino,Branca,Sudeste,Graduação/Bacharelado,Vivo no Brasil e trabalho remoto para empresa de fora do Brasil,Cientista de Dados,Sênior,de R$ 20.001/mês a R$ 25.000/mês,de 3 a 4 anos,de 3 a 4 anos,True,22500,-20.0,-44.0
25-29,Masculino,Branca,Sudeste,Graduação/Bacharelado,Vivo no Brasil e trabalho remoto para empresa de fora do Brasil,Cientista de Dados,Sênior,de R$ 25.001/mês a R$ 30.000/mês,de 3 a 4 anos,de 1 a 2 anos,True,27500,-20.0,-44.0
25-29,Masculino,Branca,Nordeste,Graduação/Bacharelado,Empregado (CLT),Cientista de Dados,Sênior,de R$ 30.001/mês a R$ 40.000/mês,de 7 a 10 anos,Não tive experiência na área de TI/Engenharia de Software antes de começar a trabalhar na área de dados,True,35000,-8.0,-38.0
25-29,Masculino,Branca,Sudeste,Graduação/Bacharelado,Empregado (CLT),Engenheiro de Dados,Júnior,de R$ 6.001/mês a R$ 8.000/mês,de 1 a 2 anos,Menos de 1 ano,True,7000,-20.0,-44.0
25-29,Masculino,Parda,Nordeste,Graduação/Bacharelado,Empregado (CLT),Cientista de Dados,Sênior,de R$ 12.001/mês a R$ 16.000/mês,de 5 a 6 anos,Menos de 1 ano,True,14000,-8.0,-38.0
25-29,Masculino,Parda,Sudeste,Pós-graduação,Empregado (CLT),Outro,Sênior,de R$ 8.001/mês a R$ 12.000/mês,de 1 a 2 anos,Não tive experiência na área de TI/Engenharia de Software antes de começar a trabalhar na área de dados,True,10000,-20.0,-44.0
25-29,Feminino,Branca,Sudeste,Graduação/Bacharelado,Empregado (CLT),Cientista de Dados,Sênior,de R$ 12.001/mês a R$ 16.000/mês,de 3 a 4 anos,Menos de 1 ano,True,14000,-20.0,-44.0
25-29,Feminino,Parda,Norte,Pós-graduação,Empregado (CLT),Cientista de Dados,Pleno,de R$ 8.001/mês a R$ 12.000/mês,de 3 a 4 anos,de 1 a 2 anos,True,10000,-5.0,-60.0
25-29,Masculino,Preta,Sudeste,Estudante de Graduação,Empregado (CLT),Analista de Dados,Júnior,de R$ 4.001/mês a R$ 6.000/mês,Menos de 1 ano,Menos de 1 ano,True,5000,-20.0,-44.0
25-29,Masculino,Parda,Sudeste,Graduação/Bacharelado,Empregado (CLT),Analista de Dados,Pleno,de R$ 6.001/mês a R$ 8.000/mês,de 3 a 4 anos,Menos de 1 ano,False,7000,-20.0,-44.0
25-29,Masculino,Parda,Sudeste,Pós-graduação,Empregado (CLT),Engenheiro de Dados,Pleno,de R$ 12.001/mês a R$ 16.000/mês,Mais de 10 anos,Não tive experiência na área de TI/Engenharia de Software antes de começar a trabalhar na área de dados,True,14000,-20.0,-44.0
25-29,Feminino,Branca,,Mestrado,Empregado (CLT),Analista de Dados,Pleno,de R$ 6.001/mês a R$ 8.000/mês,de 3 a 4 anos,Não tive experiência na área de TI/Engenharia de Software antes de começar a trabalhar na área de dados,False,7000,,
25-29,Masculino,Branca,Centro-oeste,Graduação/Bacharelado,Empregado (CLT),Analista de Dados,Pleno,de R$ 6.001/mês a R$ 8.000/mês,de 3 a 4 anos,Não tive experiência na área de TI/Engenharia de Software antes de começar a trabalhar na área de dados,False,7000,-15.0,-52.0
25-29,Masculino,Branca,Sul,Graduação/Bacharelado,Empregado (CLT),Eng. Machine Learning,Pleno,de R$ 8.001/mês a R$ 12.000/mês,de 3 a 4 anos,Não tive experiência na área de TI/Engenharia de Software antes de começar a trabalhar na área de dados,False,10000,-27.0,-51.0
25-29,Masculino,Branca,Sudeste,Pós-graduação,Empregado (CLT),Analista de Dados,Pleno,de R$ 8.001/mês a R$ 12.000/mês,de 5 a 6 anos,de 1 a 2 anos,True,10000,-20.0,-44.0
25-29,Masculino,Prefiro não informar,Sul,Estudante de Graduação,Empreendedor ou Empregado (CNPJ),Cientista de Dados,Júnior,de R$ 4.001/mês a R$ 6.000/mês,de 1 a 2 anos,Não tive experiência na área de TI/Engenharia de Software antes de começar a trabalhar na área de dados,True,5000,-27.0,-51.0
25-29,Masculino,Branca,Sul,Pós-graduação,Empregado (CLT),Analytics Engineer,Pleno,de R$ 6.001/mês a R$ 8.000/mês,de 3 a 4 anos,Não tive experiência na área de TI/Engenharia de Software antes de começar a trabalhar na área de dados,True,7000,-27.0,-51.0
25-29,Masculino,Branca,Sudeste,Graduação/Bacharelado,Empregado (CLT),Analista de BI,Sênior,de R$ 8.001/mês a R$ 12.000/mês,de 5 a 6 anos,Não tive experiência na área de TI/Engenharia de Software antes de começar a trabalhar na área de dados,False,10000,-20.0,-44.0
25-29,Feminino,Branca,Sul,Graduação/Bacharelado,Empregado (CLT),Analista de BI,Júnior,de R$ 4.001/mês a R$ 6.000/mês,de 1 a 2 anos,Não tive experiência na área de TI/Engenharia de Software antes de começar a trabalhar na área de dados,True,5000,-27.0,-51.0
25-29,Feminino,Indígena,Sudeste,Graduação/Bacharelado,Empregado (CLT),Cientista de Dados,Pleno,de R$ 6.001/mês a R$ 8.000/mês,de 3 a 4 anos,Não tive experiência na área de TI/Engenharia de Software antes de começar a trabalhar na área de dados,False,7000,-20.0,-44.0
25-29,Masculino,Branca,Sudeste,Mestrado,Empregado (CLT),Outro,Pleno,de R$ 8.001/mês a R$ 12.000/mês,de 3 a 4 anos,Não tive experiência na área de TI/Engenharia de Software antes de começar a trabalhar na área de dados,False,10000,-20.0,-44.0
25-29,Masculino,Branca,Sudeste,Graduação/Bacharelado,Estagiário,Outro,Júnior,de R$ 1.001/mês a R$ 2.000/mês,Menos de 1 ano,Menos de 1 ano,True,1500,-20.0,-44.0
25-29,Masculino,Branca,Sudeste,Mestrado,Empregado (CLT),Desenvolvedor,Júnior,de R$ 3.001/mês a R$ 4.000/mês,de 1 a 2 anos,Não tive experiência na área de TI/Engenharia de Software antes de começar a trabalhar na área de dados,True,3500,-20.0,-44.0
25-29,Masculino,Branca,Sudeste,Graduação/Bacharelado,Empregado (CLT),Cientista de Dados,Sênior,de R$ 16.001/mês a R$ 20.000/mês,de 5 a 6 anos,Não tive experiência na área de TI/Engenharia de Software antes de começar a trabalhar na área de dados,True,18000,-20.0,-44.0
25-29,Masculino,Branca,Nordeste,Pós-graduação,Empregado (CLT),Cientista de Dados,Sênior,de R$ 8.001/mês a R$ 12.000/mês,de 5 a 6 anos,Menos de 1 ano,True,10000,-8.0,-38.0
25-29,Masculino,Branca,Sudeste,Mestrado,Empreendedor ou Empregado (CNPJ),Eng. Machine Learning,Sênior,de R$ 20.001/mês a R$ 25.000/mês,de 5 a 6 anos,Menos de 1 ano,False,22500,-20.0,-44.0
25-29,Masculino,Parda,Sudeste,Pós-graduação,Empregado (CLT),Analista de Dados,Pleno,de R$ 3.001/mês a R$ 4.000/mês,de 3 a 4 anos,Menos de 1 ano,False,3500,-20.0,-44.0
25-29,Masculino,Branca,Sudeste,Graduação/Bacharelado,Vivo no Brasil e trabalho remoto para empresa de fora do Brasil,Engenheiro de Dados,Sênior,Acima de R$ 40.001/mês,de 5 a 6 anos,Não tive experiência na área de TI/Engenharia de Software antes de começar a trabalhar na área de dados,True,45000,-20.0,-44.0
25-29,Masculino,Parda,Nordeste,Pós-graduação,Empregado (CLT),Analista de BI,Pleno,de R$ 4.001/mês a R$ 6.000/mês,de 3 a 4 anos,Não tive experiência na área de TI/Engenharia de Software antes de começar a trabalhar na área de dados,False,5000,-8.0,-38.0
25-29,Feminino,Parda,Sudeste,Graduação/Bacharelado,Empregado (CLT),Cientista de Dados,Pleno,de R$ 16.001/mês a R$ 20.000/mês,de 3 a 4 anos,Não tive experiência na área de TI/Engenharia de Software antes de começar a trabalhar na área de dados,True,18000,-20.0,-44.0
25-29,Feminino,Branca,Sudeste,Pós-graduação,Empregado (CLT),Outro,Pleno,de R$ 4.001/mês a R$ 6.000/mês,Menos de 1 ano,Menos de 1 ano,True,5000,-20.0,-44.0
25-29,Feminino,Parda,Sudeste,Graduação/Bacharelado,Empreendedor ou Empregado (CNPJ),Outro,Pleno,de R$ 4.001/mês a R$ 6.000/mês,de 3 a 4 anos,Não tive experiência na área de TI/Engenharia de Software antes de começar a trabalhar na área de dados,False,5000,-20.0,-44.0
25-29,Masculino,Branca,Centro-oeste,Graduação/Bacharelado,Empregado (CLT),Engenheiro de Dados,Sênior,de R$ 8.001/mês a R$ 12.000/mês,de 3 a 4 anos,Menos de 1 ano,False,10000,-15.0,-52.0
25-29,Feminino,Branca,Sudeste,Pós-graduação,Empregado (CLT),Analista de Dados,Pleno,de R$ 6.001/mês a R$ 8.000/mês,de 3 a 4 anos,Não tive experiência na área de TI/Engenharia de Software antes de começar a trabalhar na área de dados,True,7000,-20.0,-44.0
25-29,Masculino,Branca,Sul,Estudante de Graduação,Empregado (CLT),Analista de Negócios,Sênior,de R$ 8.001/mês a R$ 12.000/mês,de 5 a 6 anos,Não tive experiência na área de TI/Engenharia de Software antes de começar a trabalhar na área de dados,True,10000,-27.0,-51.0
25-29,Masculino,Branca,Sudeste,Graduação/Bacharelado,Empregado (CLT),Analista de Dados,Júnior,de R$ 4.001/mês a R$ 6.000/mês,de 3 a 4 anos,Não tive experiência na área de TI/Engenharia de Software antes de começar a trabalhar na área de dados,True,5000,-20.0,-44.0
25-29,Masculino,Branca,Sudeste,Pós-graduação,Empregado (CLT),Product Manager,Sênior,de R$ 16.001/mês a R$ 20.000/mês,de 5 a 6 anos,Menos de 1 ano,True,18000,-20.0,-44.0
25-29,Feminino,Branca,Sudeste,Mestrado,Empregado (CLT),Cientista de Dados,Pleno,de R$ 8.001/mês a R$ 12.000/mês,de 1 a 2 anos,Não tive experiência na área de TI/Engenharia de Software antes de começar a trabalhar na área de dados,False,10000,-20.0,-44.0
25-29,Masculino,Branca,Sudeste,Mestrado,Empregado (CLT),Cientista de Dados,Pleno,de R$ 8.001/mês a R$ 12.000/mês,de 1 a 2 anos,de 1 a 2 anos,False,10000,-20.0,-44.0
25-29,Feminino,Branca,Sul,Graduação/Bacharelado,Empregado (CLT),Cientista de Dados,Pleno,de R$ 8.001/mês a R$ 12.000/mês,de 3 a 4 anos,Não tive experiência na área de TI/Engenharia de Software antes de começar a trabalhar na área de dados,True,10000,-27.0,-51.0
25-29,Masculino,Branca,Sul,Graduação/Bacharelado,Empregado (CLT),Engenheiro de Dados,Sênior,de R$ 12.001/mês a R$ 16.000/mês,de 3 a 4 anos,de 5 a 6 anos,False,14000,-27.0,-51.0
25-29,Masculino,Branca,Sudeste,Mestrado,Empregado (CLT),Cientista de Dados,Pleno,de R$ 8.001/mês a R$ 12.000/mês,de 3 a 4 anos,Não tive experiência na área de TI/Engenharia de Software antes de começar a trabalhar na área de dados,False,10000,-20.0,-44.0
25-29,Feminino,Branca,Sul,Pós-graduação,Empregado (CLT),Analista de Dados,Júnior,de R$ 8.001/mês a R$ 12.000/mês,de 5 a 6 anos,Não tive experiência na área de TI/Engenharia de Software antes de começar a trabalhar na área de dados,True,10000,-27.0,-51.0
25-29,Masculino,Branca,Sudeste,Graduação/Bacharelado,Empregado (CLT),Analista de Dados,Pleno,de R$ 6.001/mês a R$ 8.000/mês,de 3 a 4 anos,Não tive experiência na área de TI/Engenharia de Software antes de começar a trabalhar na área de dados,True,7000,-20.0,-44.0
25-29,Feminino,Branca,Sudeste,Graduação/Bacharelado,Empregado (CLT),Outras Engenharias,Sênior,de R$ 3.001/mês a R$ 4.000/mês,Não tenho experiência na área de dados,Não tive experiência na área de TI/Engenharia de Software antes de começar a trabalhar na área de dados,False,3500,-20.0,-44.0
25-29,Feminino,Branca,Sudeste,Graduação/Bacharelado,Empregado (CLT),Analista de Dados,Pleno,de R$ 4.001/mês a R$ 6.000/mês,de 3 a 4 anos,Não tive experiência na área de TI/Engenharia de Software antes de começar a trabalhar na área de dados,True,5000,-20.0,-44.0
25-29,Masculino,Branca,Sudeste,Pós-graduação,Empregado (CLT),Outro,Sênior,de R$ 8.001/mês a R$ 12.000/mês,de 3 a 4 anos,Não tive experiência na área de TI/Engenharia de Software antes de começar a trabalhar na área de dados,True,10000,-20.0,-44.0
25-29,Masculino,Parda,Sudeste,Mestrado,Empregado (CLT),Cientista de Dados,Sênior,de R$ 20.001/mês a R$ 25.000/mês,de 7 a 10 anos,Não tive experiência na área de TI/Engenharia de Software antes de começar a trabalhar na área de dados,False,22500,-20.0,-44.0
25-29,Feminino,Branca,Sudeste,Estudante de Graduação,Empregado (CLT),Outro,Júnior,de R$ 4.001/mês a R$ 6.000/mês,de 1 a 2 anos,Não tive experiência na área de TI/Engenharia de Software antes de começar a trabalhar na área de dados,False,5000,-20.0,-44.0
25-29,Masculino,Parda,Nordeste,Estudante de Graduação,Vivo no Brasil e trabalho remoto para empresa de fora do Brasil,Analista de Suporte,Júnior,de R$ 4.001/mês a R$ 6.000/mês,Não tenho experiência na área de dados,Não tive experiência na área de TI/Engenharia de Software antes de começar a trabalhar na área de dados,False,5000,-8.0,-38.0
25-29,Masculino,Branca,Nordeste,Estudante de Graduação,Estagiário,Cientista de Dados,Júnior,de R$ 1.001/mês a R$ 2.000/mês,Menos de 1 ano,Menos de 1 ano,True,1500,-8.0,-38.0
25-29,Masculino,Branca,Sul,Pós-graduação,Empregado (CLT),Product Manager,Sênior,de R$ 12.001/mês a R$ 16.000/mês,de 3 a 4 anos,Não tive experiência na área de TI/Engenharia de Software antes de começar a trabalhar na área de dados,True,14000,-27.0,-51.0
25-29,Feminino,Branca,Sul,Pós-graduação,Empregado (CLT),Product Manager,Sênior,de R$ 8.001/mês a R$ 12.000/mês,Menos de 1 ano,Menos de 1 ano,True,10000,-27.0,-51.0
25-29,Masculino,Parda,Sul,Pós-graduação,Empreendedor ou Empregado (CNPJ),Analytics Engineer,Sênior,de R$ 12.001/mês a R$ 16.000/mês,de 3 a 4 anos,Não tive experiência na área de TI/Engenharia de Software antes de começar a trabalhar na área de dados,False,14000,-27.0,-51.0
25-29,Masculino,Branca,Nordeste,Graduação/Bacharelado,Empregado (CLT),Analista de Dados,Júnior,de R$ 2.001/mês a R$ 3.000/mês,de 1 a 2 anos,Não tive experiência na área de TI/Engenharia de Software antes de começar a trabalhar na área de dados,True,2500,-8.0,-38.0
25-29,Feminino,Preta,Nordeste,Pós-graduação,Empregado (CLT),Analista de Dados,Pleno,de R$ 4.001/mês a R$ 6.000/mês,de 1 a 2 anos,Não tive experiência na área de TI/Engenharia de Software antes de começar a trabalhar na área de dados,True,5000,-8.0,-38.0
25-29,Feminino,Parda,Sudeste,Pós-graduação,Empregado (CLT),Analista de Dados,Pleno,de R$ 6.001/mês a R$ 8.000/mês,de 5 a 6 anos,Menos de 1 ano,True,7000,-20.0,-44.0
25-29,Masculino,Branca,Sul,Graduação/Bacharelado,Empregado (CLT),Engenheiro de Dados,Pleno,de R$ 8.001/mês a R$ 12.000/mês,de 3 a 4 anos,de 3 a 4 anos,True,10000,-27.0,-51.0
25-29,Feminino,Branca,Sudeste,Graduação/Bacharelado,Empregado (CLT),Analista de BI,Sênior,de R$ 6.001/mês a R$ 8.000/mês,de 3 a 4 anos,Não tive experiência na área de TI/Engenharia de Software antes de começar a trabalhar na área de dados,False,7000,-20.0,-44.0
25-29,Masculino,Branca,Sudeste,Pós-graduação,Empregado (CLT),Analista de Dados,Sênior,de R$ 8.001/mês a R$ 12.000/mês,de 3 a 4 anos,Não tive experiência na área de TI/Engenharia de Software antes de começar a trabalhar na área de dados,False,10000,-20.0,-44.0
25-29,Masculino,Parda,Sul,Graduação/Bacharelado,Empregado (CLT),Analista de Suporte,Pleno,de R$ 4.001/mês a R$ 6.000/mês,de 3 a 4 anos,Não tive experiência na área de TI/Engenharia de Software antes de começar a trabalhar na área de dados,True,5000,-27.0,-51.0
25-29,Feminino,Branca,Sudeste,Graduação/Bacharelado,Empregado (CLT),Analista de Dados,Sênior,de R$ 8.001/mês a R$ 12.000/mês,de 3 a 4 anos,Não tive experiência na área de TI/Engenharia de Software antes de começar a trabalhar na área de dados,False,10000,-20.0,-44.0
25-29,Feminino,Branca,Sudeste,Estudante de Graduação,Empregado (CLT),Outro,Júnior,de R$ 2.001/mês a R$ 3.000/mês,Não tenho experiência na área de dados,Não tive experiência na área de TI/Engenharia de Software antes de começar a trabalhar na área de dados,False,2500,-20.0,-44.0
25-29,Masculino,Parda,Sudeste,Pós-graduação,Empregado (CLT),Analista de BI,Sênior,de R$ 8.001/mês a R$ 12.000/mês,de 3 a 4 anos,Não tive experiência na área de TI/Engenharia de Software antes de começar a trabalhar na área de dados,False,10000,-20.0,-44.0
25-29,Feminino,Branca,Sudeste,Graduação/Bacharelado,Empregado (CLT),Analista de Dados,Sênior,de R$ 8.001/mês a R$ 12.000/mês,de 3 a 4 anos,Não tive experiência na área de TI/Engenharia de Software antes de começar a trabalhar na área de dados,True,10000,-20.0,-44.0
25-29,Masculino,Branca,Sul,Graduação/Bacharelado,Empregado (CLT),Engenheiro de Dados,Sênior,de R$ 8.001/mês a R$ 12.000/mês,de 5 a 6 anos,de 1 a 2 anos,True,10000,-27.0,-51.0
25-29,Masculino,Parda,Sudeste,Graduação/Bacharelado,Empregado (CLT),Analista de Dados,Pleno,de R$ 3.001/mês a R$ 4.000/mês,de 1 a 2 anos,de 3 a 4 anos,True,3500,-20.0,-44.0
25-29,Feminino,Branca,Sudeste,Pós-graduação,Empregado (CLT),Outro,Júnior,de R$ 8.001/mês a R$ 12.000/mês,de 1 a 2 anos,Não tive experiência na área de TI/Engenharia de Software antes de começar a trabalhar na área de dados,True,10000,-20.0,-44.0
25-29,Masculino,Parda,Norte,Graduação/Bacharelado,Desempregado e não estou buscando recolocação,Outro,Júnior,de R$ 3.001/mês a R$ 4.000/mês,Não tenho experiência na área de dados,Não tive experiência na área de TI/Engenharia de Software antes de começar a trabalhar na área de dados,True,3500,-5.0,-60.0
25-29,Feminino,Branca,Sudeste,Graduação/Bacharelado,Empregado (CLT),Product Manager,Pleno,de R$ 8.001/mês a R$ 12.000/mês,de 1 a 2 anos,Não tive experiência na área de TI/Engenharia de Software antes de começar a trabalhar na área de dados,True,10000,-20.0,-44.0
25-29,Masculino,Parda,Sudeste,Pós-graduação,Empregado (CLT),Analista de Negócios,Sênior,de R$ 4.001/mês a R$ 6.000/mês,de 3 a 4 anos,Não tive experiência na área de TI/Engenharia de Software antes de começar a trabalhar na área de dados,True,5000,-20.0,-44.0
25-29,Masculino,Branca,Sudeste,Pós-graduação,Empregado (CLT),Outro,Júnior,de R$ 4.001/mês a R$ 6.000/mês,Não tenho experiência na área de dados,Não tive experiência na área de TI/Engenharia de Software antes de começar a trabalhar na área de dados,False,5000,-20.0,-44.0
25-29,Masculino,Parda,Sul,Graduação/Bacharelado,Empregado (CLT),Engenheiro de Dados,Sênior,de R$ 12.001/mês a R$ 16.000/mês,de 5 a 6 anos,de 3 a 4 anos,True,14000,-27.0,-51.0
25-29,Masculino,Branca,Sudeste,Graduação/Bacharelado,Empregado (CLT),Analista de Dados,Pleno,de R$ 6.001/mês a R$ 8.000/mês,de 1 a 2 anos,de 7 a 10 anos,True,7000,-20.0,-44.0
25-29,Masculino,Branca,Sul,Pós-graduação,Empregado (CLT),Analista de BI,Sênior,de R$ 6.001/mês a R$ 8.000/mês,de 3 a 4 anos,Menos de 1 ano,True,7000,-27.0,-51.0
25-29,Feminino,Branca,Sul,Pós-graduação,Empregado (CLT),Analista de Dados,Pleno,de R$ 4.001/mês a R$ 6.000/mês,de 1 a 2 anos,Menos de 1 ano,True,5000,-27.0,-51.0
25-29,Feminino,Indígena,Sudeste,Graduação/Bacharelado,Empregado (CLT),Analista de Suporte,Júnior,de R$ 4.001/mês a R$ 6.000/mês,Não tenho experiência na área de dados,de 7 a 10 anos,True,5000,-20.0,-44.0
25-29,Feminino,Branca,Sudeste,Pós-graduação,Empregado (CLT),Analista de Dados,Sênior,de R$ 12.001/mês a R$ 16.000/mês,de 3 a 4 anos,Não tive experiência na área de TI/Engenharia de Software antes de começar a trabalhar na área de dados,True,14000,-20.0,-44.0
25-29,Feminino,Amarela,Sudeste,Mestrado,Empregado (CLT),Eng. Machine Learning,Pleno,de R$ 8.001/mês a R$ 12.000/mês,de 1 a 2 anos,de 1 a 2 anos,True,10000,-20.0,-44.0
25-29,Feminino,Parda,Sul,Graduação/Bacharelado,Empregado (CLT),Outro,Sênior,de R$ 8.001/mês a R$ 12.000/mês,de 5 a 6 anos,Não tive experiência na área de TI/Engenharia de Software antes de começar a trabalhar na área de dados,True,10000,-27.0,-51.0
25-29,Masculino,Parda,Sul,Estudante de Graduação,Empregado (CLT),Cientista de Dados,Sênior,de R$ 6.001/mês a R$ 8.000/mês,de 3 a 4 anos,de 1 a 2 anos,False,7000,-27.0,-51.0
25-29,Feminino,Branca,Sudeste,Graduação/Bacharelado,Empregado (CLT),Analista de Negócios,Pleno,de R$ 12.001/mês a R$ 16.000/mês,de 3 a 4 anos,Não tive experiência na área de TI/Engenharia de Software antes de começar a trabalhar na área de dados,True,14000,-20.0,-44.0
25-29,Masculino,Branca,Sudeste,Estudante de Graduação,Empregado (CLT),Engenheiro de Dados,Pleno,de R$ 6.001/mês a R$ 8.000/mês,de 1 a 2 anos,de 3 a 4 anos,True,7000,-20.0,-44.0
25-29,Masculino,Branca,Sudeste,Pós-graduação,Empregado (CLT),Engenheiro de Dados,Sênior,de R$ 12.001/mês a R$ 16.000/mês,de 5 a 6 anos,de 3 a 4 anos,False,14000,-20.0,-44.0
25-29,Feminino,Branca,Sul,Graduação/Bacharelado,Empregado (CLT),Analista de Negócios,Sênior,de R$ 4.001/mês a R$ 6.000/mês,de 5 a 6 anos,Não tive experiência na área de TI/Engenharia de Software antes de começar a trabalhar na área de dados,True,5000,-27.0,-51.0
25-29,Masculino,Parda,Sul,Graduação/Bacharelado,Empregado (CLT),Analista de Suporte,Pleno,de R$ 4.001/mês a R$ 6.000/mês,de 3 a 4 anos,Não tive experiência na área de TI/Engenharia de Software antes de começar a trabalhar na área de dados,True,5000,-27.0,-51.0
25-29,Masculino,Parda,Sul,Graduação/Bacharelado,Empregado (CLT),Engenheiro de Dados,Júnior,de R$ 4.001/mês a R$ 6.000/mês,de 1 a 2 anos,de 1 a 2 anos,True,5000,-27.0,-51.0
25-29,Masculino,Branca,Sudeste,Graduação/Bacharelado,Empregado (CLT),Cientista de Dados,Pleno,de R$ 6.001/mês a R$ 8.000/mês,de 1 a 2 anos,Não tive experiência na área de TI/Engenharia de Software antes de começar a trabalhar na área de dados,True,7000,-20.0,-44.0
25-29,Masculino,Amarela,Sudeste,Pós-graduação,Empregado (CLT),Cientista de Dados,Pleno,de R$ 8.001/mês a R$ 12.000/mês,Menos de 1 ano,de 3 a 4 anos,True,10000,-20.0,-44.0
25-29,Masculino,Preta,Sul,Pós-graduação,Vivo no Brasil e trabalho remoto para empresa de fora do Brasil,Cientista de Dados,Sênior,de R$ 12.001/mês a R$ 16.000/mês,de 3 a 4 anos,de 1 a 2 anos,True,14000,-27.0,-51.0
25-29,Masculino,Branca,Sul,Mestrado,Vivo no Brasil e trabalho remoto para empresa de fora do Brasil,Engenheiro de Dados,Sênior,de R$ 30.001/mês a R$ 40.000/mês,de 3 a 4 anos,Não tive experiência na área de TI/Engenharia de Software antes de começar a trabalhar na área de dados,True,35000,-27.0,-51.0
25-29,Feminino,Parda,Sudeste,Pós-graduação,Empregado (CLT),Engenheiro de Dados,Pleno,de R$ 8.001/mês a R$ 12.000/mês,de 5 a 6 anos,Menos de 1 ano,True,10000,-20.0,-44.0
25-29,Masculino,Parda,Sudeste,Graduação/Bacharelado,Empregado (CLT),Analista de Dados,Júnior,de R$ 4.001/mês a R$ 6.000/mês,de 3 a 4 anos,Não tive experiência na área de TI/Engenharia de Software antes de começar a trabalhar na área de dados,True,5000,-20.0,-44.0
25-29,Feminino,Branca,Sudeste,Mestrado,Empregado (CLT),Cientista de Dados,Júnior,de R$ 6.001/mês a R$ 8.000/mês,de 1 a 2 anos,Não tive experiência na área de TI/Engenharia de Software antes de começar a trabalhar na área de dados,True,7000,-20.0,-44.0
25-29,Masculino,Branca,Sudeste,Graduação/Bacharelado,Empregado (CLT),Engenheiro de Dados,Pleno,de R$ 6.001/mês a R$ 8.000/mês,de 3 a 4 anos,Não tive experiência na área de TI/Engenharia de Software antes de começar a trabalhar na área de dados,False,7000,-20.0,-44.0
25-29,Masculino,Branca,Centro-oeste,Graduação/Bacharelado,Empregado (CLT),Engenheiro de Dados,Sênior,de R$ 12.001/mês a R$ 16.000/mês,de 3 a 4 anos,Menos de 1 ano,True,14000,-15.0,-52.0
25-29,Masculino,Branca,,Graduação/Bacharelado,Freelancer,Engenheiro de Dados,Sênior,Acima de R$ 40.001/mês,de 5 a 6 anos,Não tive experiência na área de TI/Engenharia de Software antes de começar a trabalhar na área de dados,True,45000,,
25-29,Masculino,Branca,Sul,Pós-graduação,Empregado (CLT),Cientista de Dados,Sênior,de R$ 16.001/mês a R$ 20.000/mês,de 5 a 6 anos,Menos de 1 ano,True,18000,-27.0,-51.0
25-29,Masculino,Parda,,Graduação/Bacharelado,Vivo fora do Brasil e trabalho para empresa de fora do Brasil,Engenheiro de Dados,Sênior,de R$ 20.001/mês a R$ 25.000/mês,de 5 a 6 anos,de 1 a 2 anos,True,22500,,
25-29,Masculino,Branca,Sudeste,Graduação/Bacharelado,Empregado (CLT),Eng. Machine Learning,Pleno,de R$ 8.001/mês a R$ 12.000/mês,de 5 a 6 anos,Não tive experiência na área de TI/Engenharia de Software antes de começar a trabalhar na área de dados,True,10000,-20.0,-44.0
25-29,Masculino,Parda,Sudeste,Graduação/Bacharelado,Empregado (CLT),Analista de Dados,Júnior,de R$ 2.001/mês a R$ 3.000/mês,Menos de 1 ano,Não tive experiência na área de TI/Engenharia de Software antes de começar a trabalhar na área de dados,False,2500,-20.0,-44.0
25-29,Masculino,Preta,Sudeste,Pós-graduação,Vivo fora do Brasil e trabalho para empresa de fora do Brasil,Cientista de Dados,Sênior,de R$ 8.001/mês a R$ 12.000/mês,de 5 a 6 anos,Não tive experiência na área de TI/Engenharia de Software antes de começar a trabalhar na área de dados,True,10000,-20.0,-44.0
25-29,Feminino,Branca,Sul,Graduação/Bacharelado,Empregado (CLT),Analista de Dados,Pleno,de R$ 6.001/mês a R$ 8.000/mês,de 1 a 2 anos,Não tive experiência na área de TI/Engenharia de Software antes de começar a trabalhar na área de dados,True,7000,-27.0,-51.0
25-29,Masculino,Branca,Sudeste,Graduação/Bacharelado,Empregado (CLT),Cientista de Dados,Sênior,de R$ 12.001/mês a R$ 16.000/mês,de 7 a 10 anos,Não tive experiência na área de TI/Engenharia de Software antes de começar a trabalhar na área de dados,True,14000,-20.0,-44.0
25-29,Masculino,Branca,,Mestrado,Vivo fora do Brasil e trabalho para empresa de fora do Brasil,Analytics Engineer,Pleno,de R$ 16.001/mês a R$ 20.000/mês,de 3 a 4 anos,de 1 a 2 anos,False,18000,,
25-29,Masculino,Parda,Sul,Mestrado,Empregado (CLT),Analista de Dados,Pleno,de R$ 6.001/mês a R$ 8.000/mês,de 5 a 6 anos,Não tive experiência na área de TI/Engenharia de Software antes de começar a trabalhar na área de dados,False,7000,-27.0,-51.0
25-29,Feminino,Branca,Sudeste,Graduação/Bacharelado,Empregado (CLT),Engenheiro de Dados,Júnior,de R$ 6.001/mês a R$ 8.000/mês,de 3 a 4 anos,Não tive experiência na área de TI/Engenharia de Software antes de começar a trabalhar na área de dados,True,7000,-20.0,-44.0
25-29,Feminino,Branca,Sudeste,Pós-graduação,Empregado (CLT),Engenheiro de Dados,Sênior,de R$ 8.001/mês a R$ 12.000/mês,de 7 a 10 anos,de 3 a 4 anos,False,10000,-20.0,-44.0
25-29,Masculino,Branca,Sudeste,Mestrado,Empregado (CLT),Cientista de Dados,Sênior,de R$ 16.001/mês a R$ 20.000/mês,de 5 a 6 anos,de 1 a 2 anos,True,18000,-20.0,-44.0
25-29,Feminino,Branca,Sudeste,Pós-graduação,Empregado (CLT),Analista de Dados,Sênior,de R$ 8.001/mês a R$ 12.000/mês,de 3 a 4 anos,Não tive experiência na área de TI/Engenharia de Software antes de começar a trabalhar na área de dados,True,10000,-20.0,-44.0
25-29,Masculino,Parda,Sudeste,Mestrado,Empregado (CLT),Cientista de Dados,Pleno,de R$ 8.001/mês a R$ 12.000/mês,de 3 a 4 anos,de 3 a 4 anos,True,10000,-20.0,-44.0
25-29,Masculino,Branca,Sudeste,Graduação/Bacharelado,Empregado (CLT),Analista de Dados,Sênior,de R$ 8.001/mês a R$ 12.000/mês,de 3 a 4 anos,Menos de 1 ano,True,10000,-20.0,-44.0
25-29,Masculino,Parda,Sudeste,Pós-graduação,Empregado (CLT),Analista de Dados,Pleno,de R$ 6.001/mês a R$ 8.000/mês,de 3 a 4 anos,de 1 a 2 anos,False,7000,-20.0,-44.0
25-29,Masculino,Preta,Sudeste,Graduação/Bacharelado,Estagiário,Desenvolvedor,Júnior,de R$ 1.001/mês a R$ 2.000/mês,de 3 a 4 anos,Não tive experiência na área de TI/Engenharia de Software antes de começar a trabalhar na área de dados,False,1500,-20.0,-44.0
25-29,Feminino,Branca,Sudeste,Pós-graduação,Empregado (CLT),Analista de Suporte,Júnior,de R$ 6.001/mês a R$ 8.000/mês,Não tenho experiência na área de dados,de 5 a 6 anos,False,7000,-20.0,-44.0
25-29,Masculino,Branca,Centro-oeste,Mestrado,Empregado (CLT),Cientista de Dados,Pleno,de R$ 8.001/mês a R$ 12.000/mês,de 3 a 4 anos,Menos de 1 ano,False,10000,-15.0,-52.0
25-29,Masculino,Branca,Sudeste,Graduação/Bacharelado,Empregado (CLT),Analytics Engineer,Sênior,de R$ 12.001/mês a R$ 16.000/mês,de 3 a 4 anos,Não tive experiência na área de TI/Engenharia de Software antes de começar a trabalhar na área de dados,True,14000,-20.0,-44.0
25-29,Feminino,Parda,Sul,Pós-graduação,Empregado (CLT),Analytics Engineer,Pleno,de R$ 6.001/mês a R$ 8.000/mês,de 3 a 4 anos,de 1 a 2 anos,True,7000,-27.0,-51.0
25-29,Masculino,Branca,Nordeste,Graduação/Bacharelado,Empregado (CLT),Analista de Dados,Júnior,de R$ 6.001/mês a R$ 8.000/mês,de 3 a 4 anos,Não tive experiência na área de TI/Engenharia de Software antes de começar a trabalhar na área de dados,True,7000,-8.0,-38.0
25-29,Feminino,Branca,Sudeste,Graduação/Bacharelado,Empreendedor ou Empregado (CNPJ),Cientista de Dados,Júnior,de R$ 4.001/mês a R$ 6.000/mês,Menos de 1 ano,Não tive experiência na área de TI/Engenharia de Software antes de começar a trabalhar na área de dados,True,5000,-20.0,-44.0
25-29,Masculino,Branca,Sudeste,Graduação/Bacharelado,Empreendedor ou Empregado (CNPJ),Analista de Dados,Pleno,de R$ 2.001/mês a R$ 3.000/mês,de 1 a 2 anos,Não tive experiência na área de TI/Engenharia de Software antes de começar a trabalhar na área de dados,False,2500,-20.0,-44.0
25-29,Masculino,Branca,Sudeste,Graduação/Bacharelado,Empregado (CLT),Cientista de Dados,Pleno,de R$ 12.001/mês a R$ 16.000/mês,de 3 a 4 anos,Não tive experiência na área de TI/Engenharia de Software antes de começar a trabalhar na área de dados,True,14000,-20.0,-44.0
25-29,Feminino,Branca,Sudeste,Pós-graduação,Empregado (CLT),Cientista de Dados,Sênior,de R$ 8.001/mês a R$ 12.000/mês,de 5 a 6 anos,Não tive experiência na área de TI/Engenharia de Software antes de começar a trabalhar na área de dados,False,10000,-20.0,-44.0
25-29,Masculino,Branca,Sudeste,Graduação/Bacharelado,Empregado (CLT),Analista de Dados,Pleno,de R$ 6.001/mês a R$ 8.000/mês,de 3 a 4 anos,Não tive experiência na área de TI/Engenharia de Software antes de começar a trabalhar na área de dados,True,7000,-20.0,-44.0
25-29,Feminino,Branca,Sudeste,Mestrado,Vivo no Brasil e trabalho remoto para empresa de fora do Brasil,Analytics Engineer,Pleno,de R$ 16.001/mês a R$ 20.000/mês,de 1 a 2 anos,de 3 a 4 anos,True,18000,-20.0,-44.0
25-29,Masculino,Branca,Sudeste,Estudante de Graduação,Empregado (CLT),Engenheiro de Dados,Júnior,de R$ 6.001/mês a R$ 8.000/mês,de 1 a 2 anos,Não tive experiência na área de TI/Engenharia de Software antes de começar a trabalhar na área de dados,True,7000,-20.0,-44.0
25-29,Masculino,Branca,Sudeste,Pós-graduação,Vivo no Brasil e trabalho remoto para empresa de fora do Brasil,Engenheiro de Dados,Pleno,de R$ 12.001/mês a R$ 16.000/mês,de 5 a 6 anos,de 5 a 6 anos,True,14000,-20.0,-44.0
25-29,Masculino,Branca,Sudeste,Graduação/Bacharelado,Vivo no Brasil e trabalho remoto para empresa de fora do Brasil,Analista de BI,Pleno,de R$ 16.001/mês a R$ 20.000/mês,de 3 a 4 anos,Não tive experiência na área de TI/Engenharia de Software antes de começar a trabalhar na área de dados,True,18000,-20.0,-44.0
25-29,Masculino,Branca,Sul,Pós-graduação,Empregado (CLT),Analista de Negócios,Sênior,de R$ 8.001/mês a R$ 12.000/mês,de 3 a 4 anos,Não tive experiência na área de TI/Engenharia de Software antes de começar a trabalhar na área de dados,False,10000,-27.0,-51.0
25-29,Masculino,Branca,Sudeste,Mestrado,Empregado (CLT),Cientista de Dados,Pleno,de R$ 8.001/mês a R$ 12.000/mês,de 3 a 4 anos,Não tive experiência na área de TI/Engenharia de Software antes de começar a trabalhar na área de dados,False,10000,-20.0,-44.0
25-29,Masculino,Parda,Nordeste,Graduação/Bacharelado,Empregado (CLT),Engenheiro de Dados,Sênior,de R$ 12.001/mês a R$ 16.000/mês,de 5 a 6 anos,Não tive experiência na área de TI/Engenharia de Software antes de começar a trabalhar na área de dados,False,14000,-8.0,-38.0
25-29,Feminino,Preta,Sudeste,Pós-graduação,Empregado (CLT),Analista de Dados,Júnior,de R$ 4.001/mês a R$ 6.000/mês,de 3 a 4 anos,Não tive experiência na área de TI/Engenharia de Software antes de começar a trabalhar na área de dados,True,5000,-20.0,-44.0
25-29,Masculino,Branca,Nordeste,Graduação/Bacharelado,Empreendedor ou Empregado (CNPJ),Eng. Machine Learning,Pleno,de R$ 8.001/mês a R$ 12.000/mês,de 3 a 4 anos,Não tive experiência na área de TI/Engenharia de Software antes de começar a trabalhar na área de dados,True,10000,-8.0,-38.0
25-29,Feminino,Branca,Sudeste,Graduação/Bacharelado,Empregado (CLT),Analytics Engineer,Sênior,de R$ 16.001/mês a R$ 20.000/mês,de 5 a 6 anos,de 3 a 4 anos,True,18000,-20.0,-44.0
25-29,Masculino,Branca,Sudeste,Graduação/Bacharelado,Empreendedor ou Empregado (CNPJ),Eng. Machine Learning,Pleno,de R$ 8.001/mês a R$ 12.000/mês,de 3 a 4 anos,Menos de 1 ano,False,10000,-20.0,-44.0
25-29,Masculino,Parda,Sul,Pós-graduação,Empregado (CLT),Outro,Sênior,de R$ 12.001/mês a R$ 16.000/mês,de 5 a 6 anos,de 1 a 2 anos,True,14000,-27.0,-51.0
25-29,Masculino,Preta,Sudeste,Graduação/Bacharelado,Empreendedor ou Empregado (CNPJ),Engenheiro de Dados,Pleno,de R$ 4.001/mês a R$ 6.000/mês,de 3 a 4 anos,de 1 a 2 anos,True,5000,-20.0,-44.0
25-29,Masculino,Parda,Nordeste,Estudante de Graduação,Empregado (CLT),Engenheiro de Dados,Júnior,de R$ 4.001/mês a R$ 6.000/mês,de 1 a 2 anos,Não tive experiência na área de TI/Engenharia de Software antes de começar a trabalhar na área de dados,True,5000,-8.0,-38.0
25-29,Masculino,Branca,Sudeste,Graduação/Bacharelado,Empregado (CLT),Cientista de Dados,Sênior,de R$ 12.001/mês a R$ 16.000/mês,de 3 a 4 anos,de 7 a 10 anos,True,14000,-20.0,-44.0
25-29,Feminino,Branca,Sul,Pós-graduação,Empregado (CLT),Analista de Dados,Júnior,de R$ 4.001/mês a R$ 6.000/mês,de 1 a 2 anos,Não tive experiência na área de TI/Engenharia de Software antes de começar a trabalhar na área de dados,True,5000,-27.0,-51.0
25-29,Masculino,Branca,Norte,Graduação/Bacharelado,Empreendedor ou Empregado (CNPJ),Desenvolvedor,Júnior,de R$ 3.001/mês a R$ 4.000/mês,de 3 a 4 anos,de 3 a 4 anos,False,3500,-5.0,-60.0
25-29,Feminino,Branca,Centro-oeste,Pós-graduação,Empregado (CLT),Engenheiro de Dados,Pleno,de R$ 8.001/mês a R$ 12.000/mês,de 3 a 4 anos,Não tive experiência na área de TI/Engenharia de Software antes de começar a trabalhar na área de dados,True,10000,-15.0,-52.0
25-29,Feminino,Preta,Sudeste,Pós-graduação,Empregado (CLT),Analista de BI,Júnior,de R$ 4.001/mês a R$ 6.000/mês,Menos de 1 ano,Não tive experiência na área de TI/Engenharia de Software antes de começar a trabalhar na área de dados,True,5000,-20.0,-44.0
25-29,Masculino,Preta,Sudeste,Estudante de Graduação,Empregado (CLT),Engenheiro de Dados,Pleno,de R$ 6.001/mês a R$ 8.000/mês,de 3 a 4 anos,Não tive experiência na área de TI/Engenharia de Software antes de começar a trabalhar na área de dados,False,7000,-20.0,-44.0
25-29,Masculino,Branca,Sudeste,Pós-graduação,Empregado (CLT),Analista de Dados,Pleno,de R$ 8.001/mês a R$ 12.000/mês,de 5 a 6 anos,Não tive experiência na área de TI/Engenharia de Software antes de começar a trabalhar na área de dados,True,10000,-20.0,-44.0
25-29,Masculino,Parda,Nordeste,Graduação/Bacharelado,Empregado (CLT),Analytics Engineer,Sênior,de R$ 6.001/mês a R$ 8.000/mês,de 3 a 4 anos,de 1 a 2 anos,False,7000,-8.0,-38.0
25-29,Masculino,Branca,Sul,Graduação/Bacharelado,Empregado (CLT),Cientista de Dados,Pleno,de R$ 8.001/mês a R$ 12.000/mês,de 5 a 6 anos,Não tive experiência na área de TI/Engenharia de Software antes de começar a trabalhar na área de dados,True,10000,-27.0,-51.0
25-29,Masculino,Branca,Sul,Pós-graduação,Vivo no Brasil e trabalho remoto para empresa de fora do Brasil,Eng. Machine Learning,Sênior,de R$ 30.001/mês a R$ 40.000/mês,de 5 a 6 anos,de 1 a 2 anos,True,35000,-27.0,-51.0
25-29,Masculino,Branca,Sudeste,Graduação/Bacharelado,Empreendedor ou Empregado (CNPJ),Analista de Dados,Pleno,de R$ 8.001/mês a R$ 12.000/mês,de 1 a 2 anos,Não tive experiência na área de TI/Engenharia de Software antes de começar a trabalhar na área de dados,True,10000,-20.0,-44.0
25-29,Masculino,Parda,Nordeste,Pós-graduação,Empregado (CLT),Engenheiro de Dados,Pleno,de R$ 6.001/mês a R$ 8.000/mês,de 1 a 2 anos,Não tive experiência na área de TI/Engenharia de Software antes de começar a trabalhar na área de dados,True,7000,-8.0,-38.0
25-29,Feminino,Branca,Sudeste,Estudante de Graduação,Empregado (CLT),Analista de Dados,Júnior,de R$ 3.001/mês a R$ 4.000/mês,de 1 a 2 anos,Não tive experiência na área de TI/Engenharia de Software antes de começar a trabalhar na área de dados,True,3500,-20.0,-44.0
25-29,Masculino,Branca,Nordeste,Estudante de Graduação,Empregado (CLT),Analista de BI,Júnior,de R$ 1.001/mês a R$ 2.000/mês,de 1 a 2 anos,Não tive experiência na área de TI/Engenharia de Software antes de começar a trabalhar na área de dados,False,1500,-8.0,-38.0
25-29,Feminino,Parda,Nordeste,Pós-graduação,Empregado (CLT),Analista de Negócios,Pleno,de R$ 3.001/mês a R$ 4.000/mês,de 3 a 4 anos,Não tive experiência na área de TI/Engenharia de Software antes de começar a trabalhar na área de dados,False,3500,-8.0,-38.0
25-29,Masculino,Branca,Centro-oeste,Pós-graduação,Empregado (CLT),Analista de Dados,Sênior,de R$ 6.001/mês a R$ 8.000/mês,de 5 a 6 anos,de 3 a 4 anos,True,7000,-15.0,-52.0
25-29,Masculino,Parda,Sudeste,Pós-graduação,Empregado (CLT),Engenheiro de Dados,Sênior,de R$ 8.001/mês a R$ 12.000/mês,de 5 a 6 anos,Não tive experiência na área de TI/Engenharia de Software antes de começar a trabalhar na área de dados,True,10000,-20.0,-44.0
25-29,Feminino,Branca,Nordeste,Mestrado,Empregado (CLT),Engenheiro de Dados,Pleno,de R$ 8.001/mês a R$ 12.000/mês,de 3 a 4 anos,Não tive experiência na área de TI/Engenharia de Software antes de começar a trabalhar na área de dados,True,10000,-8.0,-38.0
25-29,Feminino,Branca,Sudeste,Graduação/Bacharelado,Empregado (CLT),Product Manager,Pleno,de R$ 6.001/mês a R$ 8.000/mês,de 1 a 2 anos,de 1 a 2 anos,True,7000,-20.0,-44.0
25-29,Feminino,Parda,Sudeste,Estudante de Graduação,Empregado (CLT),Analista de BI,Pleno,de R$ 4.001/mês a R$ 6.000/mês,de 1 a 2 anos,de 3 a 4 anos,False,5000,-20.0,-44.0
25-29,Masculino,Branca,Sudeste,Graduação/Bacharelado,Empregado (CLT),Engenheiro de Dados,Sênior,de R$ 12.001/mês a R$ 16.000/mês,de 5 a 6 anos,Não tive experiência na área de TI/Engenharia de Software antes de começar a trabalhar na área de dados,True,14000,-20.0,-44.0
25-29,Masculino,Branca,Sul,Mestrado,Empregado (CLT),Engenheiro de Dados,Sênior,de R$ 16.001/mês a R$ 20.000/mês,de 5 a 6 anos,Não tive experiência na área de TI/Engenharia de Software antes de começar a trabalhar na área de dados,False,18000,-27.0,-51.0
25-29,Masculino,Branca,Sudeste,Mestrado,Empregado (CLT),Analista de Dados,Pleno,de R$ 6.001/mês a R$ 8.000/mês,de 3 a 4 anos,Não tive experiência na área de TI/Engenharia de Software antes de começar a trabalhar na área de dados,True,7000,-20.0,-44.0
25-29,Masculino,Branca,Sudeste,Graduação/Bacharelado,Empregado (CLT),Cientista de Dados,Pleno,de R$ 12.001/mês a R$ 16.000/mês,de 5 a 6 anos,Não tive experiência na área de TI/Engenharia de Software antes de começar a trabalhar na área de dados,False,14000,-20.0,-44.0
25-29,Masculino,Branca,Sudeste,Graduação/Bacharelado,Empregado (CLT),Cientista de Dados,Sênior,de R$ 20.001/mês a R$ 25.000/mês,de 3 a 4 anos,Não tive experiência na área de TI/Engenharia de Software antes de começar a trabalhar na área de dados,True,22500,-20.0,-44.0
25-29,Feminino,Branca,Sudeste,Pós-graduação,Empregado (CLT),Analista de Dados,Pleno,de R$ 4.001/mês a R$ 6.000/mês,de 1 a 2 anos,Não tive experiência na área de TI/Engenharia de Software antes de começar a trabalhar na área de dados,False,5000,-20.0,-44.0
25-29,Masculino,Branca,,Graduação/Bacharelado,Empreendedor ou Empregado (CNPJ),Analista de Dados,Sênior,Acima de R$ 40.001/mês,de 5 a 6 anos,Menos de 1 ano,True,45000,,
25-29,Masculino,Branca,Sudeste,Graduação/Bacharelado,Empregado (CLT),Analista de Dados,Sênior,de R$ 8.001/mês a R$ 12.000/mês,de 3 a 4 anos,Não tive experiência na área de TI/Engenharia de Software antes de começar a trabalhar na área de dados,False,10000,-20.0,-44.0
25-29,Masculino,Branca,Sudeste,Graduação/Bacharelado,Empregado (CLT),Desenvolvedor,Pleno,de R$ 3.001/mês a R$ 4.000/mês,Menos de 1 ano,Não tive experiência na área de TI/Engenharia de Software antes de começar a trabalhar na área de dados,False,3500,-20.0,-44.0
25-29,Masculino,Branca,Sudeste,Mestrado,Empregado (CLT),Analista de BI,Júnior,de R$ 6.001/mês a R$ 8.000/mês,de 1 a 2 anos,Não tive experiência na área de TI/Engenharia de Software antes de começar a trabalhar na área de dados,True,7000,-20.0,-44.0
25-29,Feminino,Branca,Sul,Graduação/Bacharelado,Empregado (CLT),Product Manager,Sênior,de R$ 6.001/mês a R$ 8.000/mês,de 3 a 4 anos,de 5 a 6 anos,True,7000,-27.0,-51.0
25-29,Masculino,Branca,Sudeste,Graduação/Bacharelado,Empregado (CLT),Eng. Machine Learning,Sênior,de R$ 16.001/mês a R$ 20.000/mês,de 3 a 4 anos,Não tive experiência na área de TI/Engenharia de Software antes de começar a trabalhar na área de dados,True,18000,-20.0,-44.0
25-29,Masculino,Parda,Sudeste,Graduação/Bacharelado,Empregado (CLT),Engenheiro de Dados,Pleno,de R$ 8.001/mês a R$ 12.000/mês,de 3 a 4 anos,de 7 a 10 anos,True,10000,-20.0,-44.0
25-29,Feminino,Branca,Sul,Mestrado,Empregado (CLT),Cientista de Dados,Sênior,de R$ 12.001/mês a R$ 16.000/mês,de 7 a 10 anos,Não tive experiência na área de TI/Engenharia de Software antes de começar a trabalhar na área de dados,True,14000,-27.0,-51.0
25-29,Masculino,Preta,Centro-oeste,Estudante de Graduação,Estagiário,Analista de BI,Júnior,de R$ 1.001/mês a R$ 2.000/mês,Menos de 1 ano,Não tive experiência na área de TI/Engenharia de Software antes de começar a trabalhar na área de dados,True,1500,-15.0,-52.0
25-29,Masculino,Branca,Sudeste,Graduação/Bacharelado,Empreendedor ou Empregado (CNPJ),Outras Engenharias,Pleno,de R$ 4.001/mês a R$ 6.000/mês,Menos de 1 ano,Não tive experiência na área de TI/Engenharia de Software antes de começar a trabalhar na área de dados,False,5000,-20.0,-44.0
25-29,Masculino,Branca,Centro-oeste,Graduação/Bacharelado,Empreendedor ou Empregado (CNPJ),Analista de BI,Pleno,de R$ 4.001/mês a R$ 6.000/mês,de 1 a 2 anos,de 5 a 6 anos,False,5000,-15.0,-52.0
25-29,Feminino,Branca,Sudeste,Mestrado,Empregado (CLT),Analista de BI,Júnior,de R$ 2.001/mês a R$ 3.000/mês,Menos de 1 ano,Não tive experiência na área de TI/Engenharia de Software antes de começar a trabalhar na área de dados,True,2500,-20.0,-44.0
25-29,Masculino,Parda,Nordeste,Graduação/Bacharelado,Empreendedor ou Empregado (CNPJ),Analista de BI,Pleno,de R$ 6.001/mês a R$ 8.000/mês,de 1 a 2 anos,Não tive experiência na área de TI/Engenharia de Software antes de começar a trabalhar na área de dados,False,7000,-8.0,-38.0
25-29,Feminino,Branca,Centro-oeste,Doutorado ou Phd,Empregado (CLT),Cientista de Dados,Pleno,de R$ 3.001/mês a R$ 4.000/mês,de 3 a 4 anos,Não tive experiência na área de TI/Engenharia de Software antes de começar a trabalhar na área de dados,True,3500,-15.0,-52.0
25-29,Masculino,Branca,Sul,Pós-graduação,Empregado (CLT),Analista de BI,Pleno,de R$ 4.001/mês a R$ 6.000/mês,de 3 a 4 anos,Não tive experiência na área de TI/Engenharia de Software antes de começar a trabalhar na área de dados,True,5000,-27.0,-51.0
25-29,Feminino,Preta,,Graduação/Bacharelado,Empregado (CLT),Analista de Dados,Pleno,de R$ 8.001/mês a R$ 12.000/mês,de 7 a 10 anos,de 1 a 2 anos,False,10000,,
25-29,Masculino,Branca,Sudeste,Pós-graduação,Empregado (CLT),Analista de Dados,Júnior,de R$ 3.001/mês a R$ 4.000/mês,Menos de 1 ano,de 1 a 2 anos,True,3500,-20.0,-44.0
25-29,Masculino,Parda,Sudeste,Graduação/Bacharelado,Empregado (CLT),Analista de Dados,Sênior,de R$ 8.001/mês a R$ 12.000/mês,de 3 a 4 anos,Não tive experiência na área de TI/Engenharia de Software antes de começar a trabalhar na área de dados,True,10000,-20.0,-44.0
25-29,Masculino,Branca,Sudeste,Graduação/Bacharelado,Empregado (CLT),Analista de Dados,Pleno,de R$ 4.001/mês a R$ 6.000/mês,de 1 a 2 anos,de 1 a 2 anos,True,5000,-20.0,-44.0
25-29,Feminino,Branca,Sul,Graduação/Bacharelado,Empregado (CLT),Outro,Sênior,de R$ 4.001/mês a R$ 6.000/mês,Menos de 1 ano,Não tive experiência na área de TI/Engenharia de Software antes de começar a trabalhar na área de dados,True,5000,-27.0,-51.0
25-29,Feminino,Parda,Sudeste,Estudante de Graduação,Estagiário,Outro,Júnior,de R$ 1.001/mês a R$ 2.000/mês,Menos de 1 ano,Não tive experiência na área de TI/Engenharia de Software antes de começar a trabalhar na área de dados,True,1500,-20.0,-44.0
25-29,Masculino,Branca,Nordeste,Pós-graduação,Vivo no Brasil e trabalho remoto para empresa de fora do Brasil,Analista de BI,Pleno,de R$ 6.001/mês a R$ 8.000/mês,de 3 a 4 anos,Não tive experiência na área de TI/Engenharia de Software antes de começar a trabalhar na área de dados,True,7000,-8.0,-38.0
25-29,Masculino,Branca,,Pós-graduação,Vivo fora do Brasil e trabalho para empresa de fora do Brasil,Analista de Dados,Pleno,de R$ 20.001/mês a R$ 25.000/mês,de 3 a 4 anos,Não tive experiência na área de TI/Engenharia de Software antes de começar a trabalhar na área de dados,True,22500,,
25-29,Masculino,Branca,Sudeste,Graduação/Bacharelado,Empregado (CLT),Analista de Negócios,Sênior,de R$ 8.001/mês a R$ 12.000/mês,de 3 a 4 anos,Não tive experiência na área de TI/Engenharia de Software antes de começar a trabalhar na área de dados,False,10000,-20.0,-44.0
25-29,Feminino,Parda,Nordeste,Mestrado,Empregado (CLT),Cientista de Dados,Pleno,de R$ 6.001/mês a R$ 8.000/mês,de 3 a 4 anos,de 1 a 2 anos,False,7000,-8.0,-38.0
25-29,Masculino,Branca,Sudeste,Pós-graduação,Empregado (CLT),Analista de Dados,Pleno,de R$ 4.001/mês a R$ 6.000/mês,de 1 a 2 anos,de 7 a 10 anos,False,5000,-20.0,-44.0
25-29,Feminino,Parda,Sudeste,Graduação/Bacharelado,Empregado (CLT),Cientista de Dados,Pleno,de R$ 6.001/mês a R$ 8.000/mês,de 3 a 4 anos,Não tive experiência na área de TI/Engenharia de Software antes de começar a trabalhar na área de dados,False,7000,-20.0,-44.0
25-29,Masculino,Parda,Sul,Pós-graduação,Empregado (CLT),Analista de Dados,Pleno,de R$ 6.001/mês a R$ 8.000/mês,de 1 a 2 anos,de 1 a 2 anos,True,7000,-27.0,-51.0
25-29,Masculino,Branca,Sudeste,Pós-graduação,Empregado (CLT),Analista de Dados,Pleno,de R$ 6.001/mês a R$ 8.000/mês,de 1 a 2 anos,Não tive experiência na área de TI/Engenharia de Software antes de começar a trabalhar na área de dados,False,7000,-20.0,-44.0
25-29,Masculino,Parda,Sudeste,Pós-graduação,Servidor Público,Cientista de Dados,Pleno,de R$ 8.001/mês a R$ 12.000/mês,de 5 a 6 anos,de 1 a 2 anos,True,10000,-20.0,-44.0
25-29,Feminino,Branca,Sudeste,Graduação/Bacharelado,Empregado (CLT),Cientista de Dados,Pleno,de R$ 8.001/mês a R$ 12.000/mês,de 3 a 4 anos,de 7 a 10 anos,False,10000,-20.0,-44.0
25-29,Masculino,Branca,Sudeste,Estudante de Graduação,Empreendedor ou Empregado (CNPJ),Analytics Engineer,Sênior,de R$ 8.001/mês a R$ 12.000/mês,de 7 a 10 anos,de 1 a 2 anos,True,10000,-20.0,-44.0
25-29,Masculino,Branca,Sul,Pós-graduação,Empregado (CLT),Analista de Suporte,Pleno,de R$ 2.001/mês a R$ 3.000/mês,Mais de 10 anos,Mais de 10 anos,False,2500,-27.0,-51.0
25-29,Masculino,Branca,Sul,Pós-graduação,Empregado (CLT),Analista de Dados,Júnior,de R$ 3.001/mês a R$ 4.000/mês,de 1 a 2 anos,Menos de 1 ano,True,3500,-27.0,-51.0
25-29,Masculino,Branca,Sul,Pós-graduação,Empregado (CLT),Analista de Dados,Pleno,de R$ 6.001/mês a R$ 8.000/mês,de 5 a 6 anos,Menos de 1 ano,True,7000,-27.0,-51.0
25-29,Masculino,Branca,Sul,Pós-graduação,Empregado (CLT),Analista de BI,Pleno,de R$ 3.001/mês a R$ 4.000/mês,de 1 a 2 anos,de 1 a 2 anos,True,3500,-27.0,-51.0
25-29,Masculino,Branca,Sudeste,Graduação/Bacharelado,Empregado (CLT),Cientista de Dados,Pleno,de R$ 6.001/mês a R$ 8.000/mês,de 5 a 6 anos,Não tive experiência na área de TI/Engenharia de Software antes de começar a trabalhar na área de dados,True,7000,-20.0,-44.0
25-29,Masculino,Parda,Sudeste,Estudante de Graduação,Empregado (CLT),Engenheiro de Dados,Pleno,de R$ 8.001/mês a R$ 12.000/mês,de 1 a 2 anos,de 3 a 4 anos,True,10000,-20.0,-44.0
25-29,Masculino,Branca,Sudeste,Doutorado ou Phd,Empregado (CLT),Cientista de Dados,Sênior,de R$ 12.001/mês a R$ 16.000/mês,de 3 a 4 anos,Não tive experiência na área de TI/Engenharia de Software antes de começar a trabalhar na área de dados,False,14000,-20.0,-44.0
25-29,Masculino,Branca,Sudeste,Pós-graduação,Empregado (CLT),Analista de Dados,Pleno,de R$ 6.001/mês a R$ 8.000/mês,de 1 a 2 anos,Não tive experiência na área de TI/Engenharia de Software antes de começar a trabalhar na área de dados,False,7000,-20.0,-44.0
25-29,Masculino,Parda,Sudeste,Graduação/Bacharelado,Empregado (CLT),Analista de Dados,Pleno,de R$ 2.001/mês a R$ 3.000/mês,de 3 a 4 anos,Não tive experiência na área de TI/Engenharia de Software antes de começar a trabalhar na área de dados,False,2500,-20.0,-44.0
25-29,Masculino,Branca,Sudeste,Pós-graduação,Empregado (CLT),Engenheiro de Dados,Sênior,de R$ 12.001/mês a R$ 16.000/mês,de 3 a 4 anos,Mais de 10 anos,True,14000,-20.0,-44.0
25-29,Feminino,Branca,Nordeste,Graduação/Bacharelado,Empregado (CLT),Analista de Dados,Pleno,de R$ 6.001/mês a R$ 8.000/mês,de 1 a 2 anos,Não tive experiência na área de TI/Engenharia de Software antes de começar a trabalhar na área de dados,True,7000,-8.0,-38.0
25-29,Feminino,Branca,Sudeste,Graduação/Bacharelado,Estagiário,Analytics Engineer,Júnior,de R$ 2.001/mês a R$ 3.000/mês,de 1 a 2 anos,Não tive experiência na área de TI/Engenharia de Software antes de começar a trabalhar na área de dados,True,2500,-20.0,-44.0
25-29,Feminino,Branca,Sul,Graduação/Bacharelado,Empreendedor ou Empregado (CNPJ),Engenheiro de Dados,Pleno,de R$ 4.001/mês a R$ 6.000/mês,de 7 a 10 anos,Não tive experiência na área de TI/Engenharia de Software antes de começar a trabalhar na área de dados,True,5000,-27.0,-51.0
25-29,Masculino,Preta,Sul,Estudante de Graduação,Estagiário,Outro,Júnior,de R$ 1.001/mês a R$ 2.000/mês,Menos de 1 ano,Não tive experiência na área de TI/Engenharia de Software antes de começar a trabalhar na área de dados,False,1500,-27.0,-51.0
25-29,Masculino,Parda,Sudeste,Pós-graduação,Empregado (CLT),Analista de Negócios,Pleno,de R$ 6.001/mês a R$ 8.000/mês,de 3 a 4 anos,Não tive experiência na área de TI/Engenharia de Software antes de começar a trabalhar na área de dados,True,7000,-20.0,-44.0
25-29,Masculino,Branca,Sudeste,Pós-graduação,Empregado (CLT),Analista de Dados,Pleno,de R$ 8.001/mês a R$ 12.000/mês,de 3 a 4 anos,Não tive experiência na área de TI/Engenharia de Software antes de começar a trabalhar na área de dados,True,10000,-20.0,-44.0
25-29,Masculino,Branca,Sudeste,Graduação/Bacharelado,Empregado (CLT),Arquiteto de Dados,Sênior,de R$ 12.001/mês a R$ 16.000/mês,de 5 a 6 anos,Mais de 10 anos,True,14000,-20.0,-44.0
25-29,Masculino,Amarela,Sudeste,Estudante de Graduação,Estagiário,Engenheiro de Dados,Júnior,de R$ 2.001/mês a R$ 3.000/mês,Menos de 1 ano,Não tive experiência na área de TI/Engenharia de Software antes de começar a trabalhar na área de dados,True,2500,-20.0,-44.0
25-29,Feminino,Branca,Sul,Graduação/Bacharelado,Empregado (CLT),Analista de Dados,Júnior,de R$ 2.001/mês a R$ 3.000/mês,de 1 a 2 anos,de 1 a 2 anos,True,2500,-27.0,-51.0
25-29,Masculino,Parda,Sudeste,Graduação/Bacharelado,Empreendedor ou Empregado (CNPJ),Analista de Dados,Sênior,de R$ 25.001/mês a R$ 30.000/mês,de 5 a 6 anos,de 3 a 4 anos,True,27500,-20.0,-44.0
25-29,Feminino,Parda,Sudeste,Mestrado,Empregado (CLT),Analista de Dados,Pleno,de R$ 8.001/mês a R$ 12.000/mês,de 3 a 4 anos,Não tive experiência na área de TI/Engenharia de Software antes de começar a trabalhar na área de dados,True,10000,-20.0,-44.0
25-29,Masculino,Branca,Centro-oeste,Graduação/Bacharelado,Empregado (CLT),Analytics Engineer,Sênior,de R$ 8.001/mês a R$ 12.000/mês,de 3 a 4 anos,Menos de 1 ano,True,10000,-15.0,-52.0
25-29,Feminino,Branca,Sudeste,Graduação/Bacharelado,Empregado (CLT),Cientista de Dados,Sênior,de R$ 16.001/mês a R$ 20.000/mês,de 5 a 6 anos,Não tive experiência na área de TI/Engenharia de Software antes de começar a trabalhar na área de dados,True,18000,-20.0,-44.0
25-29,Feminino,Branca,Sudeste,Graduação/Bacharelado,Empregado (CLT),Analista de BI,Pleno,de R$ 8.001/mês a R$ 12.000/mês,de 1 a 2 anos,de 3 a 4 anos,True,10000,-20.0,-44.0
25-29,Masculino,Branca,Sul,Graduação/Bacharelado,Empregado (CLT),Analista de BI,Júnior,de R$ 4.001/mês a R$ 6.000/mês,de 1 a 2 anos,Não tive experiência na área de TI/Engenharia de Software antes de começar a trabalhar na área de dados,True,5000,-27.0,-51.0
25-29,Feminino,Branca,Sudeste,Pós-graduação,Empregado (CLT),Analista de BI,Pleno,de R$ 6.001/mês a R$ 8.000/mês,de 7 a 10 anos,Não tive experiência na área de TI/Engenharia de Software antes de começar a trabalhar na área de dados,True,7000,-20.0,-44.0
25-29,Feminino,Branca,Sudeste,Pós-graduação,Empregado (CLT),Analista de Dados,Pleno,de R$ 8.001/mês a R$ 12.000/mês,de 3 a 4 anos,Menos de 1 ano,True,10000,-20.0,-44.0
25-29,Masculino,Branca,Sudeste,Estudante de Graduação,Empreendedor ou Empregado (CNPJ),Cientista de Dados,Júnior,de R$ 3.001/mês a R$ 4.000/mês,de 1 a 2 anos,Não tive experiência na área de TI/Engenharia de Software antes de começar a trabalhar na área de dados,True,3500,-20.0,-44.0
25-29,Masculino,Branca,Sudeste,Pós-graduação,Empregado (CLT),Engenheiro de Dados,Sênior,de R$ 12.001/mês a R$ 16.000/mês,Mais de 10 anos,de 1 a 2 anos,True,14000,-20.0,-44.0
25-29,Masculino,Branca,Sudeste,Mestrado,Empregado (CLT),Cientista de Dados,Sênior,de R$ 25.001/mês a R$ 30.000/mês,de 5 a 6 anos,Não tive experiência na área de TI/Engenharia de Software antes de começar a trabalhar na área de dados,True,27500,-20.0,-44.0
25-29,Masculino,Branca,Sudeste,Graduação/Bacharelado,Empregado (CLT),Analista de Dados,Sênior,de R$ 16.001/mês a R$ 20.000/mês,de 5 a 6 anos,de 5 a 6 anos,True,18000,-20.0,-44.0
25-29,Masculino,Parda,Sul,Mestrado,Empregado (CLT),Cientista de Dados,Pleno,de R$ 8.001/mês a R$ 12.000/mês,de 3 a 4 anos,Não tive experiência na área de TI/Engenharia de Software antes de começar a trabalhar na área de dados,True,10000,-27.0,-51.0
25-29,Feminino,Branca,Sudeste,Graduação/Bacharelado,Empregado (CLT),Desenvolvedor,Júnior,de R$ 8.001/mês a R$ 12.000/mês,Não tenho experiência na área de dados,de 5 a 6 anos,True,10000,-20.0,-44.0
25-29,Feminino,Branca,Sudeste,Graduação/Bacharelado,Empregado (CLT),Analista de BI,Pleno,de R$ 8.001/mês a R$ 12.000/mês,de 3 a 4 anos,Não tive experiência na área de TI/Engenharia de Software antes de começar a trabalhar na área de dados,True,10000,-20.0,-44.0
25-29,Feminino,Branca,Sudeste,Mestrado,Empregado (CLT),Cientista de Dados,Sênior,de R$ 12.001/mês a R$ 16.000/mês,de 7 a 10 anos,de 1 a 2 anos,True,14000,-20.0,-44.0
25-29,Masculino,Parda,Nordeste,Pós-graduação,Empregado (CLT),Analista de Suporte,Júnior,de R$ 2.001/mês a R$ 3.000/mês,Não tenho experiência na área de dados,Não tive experiência na área de TI/Engenharia de Software antes de começar a trabalhar na área de dados,False,2500,-8.0,-38.0
25-29,Masculino,Parda,Sudeste,Graduação/Bacharelado,Empregado (CLT),Cientista de Dados,Sênior,de R$ 12.001/mês a R$ 16.000/mês,de 1 a 2 anos,de 5 a 6 anos,True,14000,-20.0,-44.0
25-29,Masculino,Branca,Sudeste,Graduação/Bacharelado,Empregado (CLT),Cientista de Dados,Sênior,de R$ 12.001/mês a R$ 16.000/mês,de 5 a 6 anos,de 3 a 4 anos,True,14000,-20.0,-44.0
25-29,Masculino,Parda,Sul,Graduação/Bacharelado,Empregado (CLT),Analista de Dados,Sênior,de R$ 6.001/mês a R$ 8.000/mês,de 3 a 4 anos,Não tive experiência na área de TI/Engenharia de Software antes de começar a trabalhar na área de dados,True,7000,-27.0,-51.0
25-29,Masculino,Branca,Sudeste,Graduação/Bacharelado,Empregado (CLT),Analytics Engineer,Pleno,de R$ 6.001/mês a R$ 8.000/mês,de 3 a 4 anos,Não tive experiência na área de TI/Engenharia de Software antes de começar a trabalhar na área de dados,False,7000,-20.0,-44.0
25-29,Masculino,Preta,Sudeste,Graduação/Bacharelado,Empregado (CLT),Analista de Dados,Pleno,de R$ 8.001/mês a R$ 12.000/mês,de 3 a 4 anos,Não tive experiência na área de TI/Engenharia de Software antes de começar a trabalhar na área de dados,False,10000,-20.0,-44.0
25-29,Masculino,Parda,Centro-oeste,Pós-graduação,Empregado (CLT),Outro,Pleno,de R$ 6.001/mês a R$ 8.000/mês,de 1 a 2 anos,de 1 a 2 anos,True,7000,-15.0,-52.0
25-29,Masculino,Branca,Sudeste,Pós-graduação,Empregado (CLT),Analista de Negócios,Pleno,de R$ 6.001/mês a R$ 8.000/mês,de 3 a 4 anos,Não tive experiência na área de TI/Engenharia de Software antes de começar a trabalhar na área de dados,True,7000,-20.0,-44.0
25-29,Masculino,Branca,Nordeste,Graduação/Bacharelado,Empregado (CLT),Analista de Dados,Sênior,de R$ 16.001/mês a R$ 20.000/mês,de 5 a 6 anos,de 1 a 2 anos,True,18000,-8.0,-38.0
25-29,Feminino,Parda,Sul,Pós-graduação,Empregado (CLT),Analytics Engineer,Pleno,de R$ 8.001/mês a R$ 12.000/mês,de 3 a 4 anos,Menos de 1 ano,True,10000,-27.0,-51.0
25-29,Masculino,Branca,Centro-oeste,Graduação/Bacharelado,Empregado (CLT),Cientista de Dados,Sênior,de R$ 16.001/mês a R$ 20.000/mês,de 5 a 6 anos,Não tive experiência na área de TI/Engenharia de Software antes de começar a trabalhar na área de dados,False,18000,-15.0,-52.0
25-29,Masculino,Branca,Sudeste,Graduação/Bacharelado,Empregado (CLT),Engenheiro de Dados,Pleno,de R$ 12.001/mês a R$ 16.000/mês,de 5 a 6 anos,Não tive experiência na área de TI/Engenharia de Software antes de começar a trabalhar na área de dados,False,14000,-20.0,-44.0
25-29,Feminino,Preta,Sul,Estudante de Graduação,Empregado (CLT),Analista de Suporte,Pleno,de R$ 4.001/mês a R$ 6.000/mês,Não tenho experiência na área de dados,Não tive experiência na área de TI/Engenharia de Software antes de começar a trabalhar na área de dados,False,5000,-27.0,-51.0
25-29,Feminino,Parda,Sudeste,Pós-graduação,Empregado (CLT),Analista de BI,Sênior,de R$ 12.001/mês a R$ 16.000/mês,de 7 a 10 anos,de 7 a 10 anos,True,14000,-20.0,-44.0
25-29,Masculino,Amarela,Sudeste,Graduação/Bacharelado,Empregado (CLT),Cientista de Dados,Sênior,de R$ 12.001/mês a R$ 16.000/mês,de 3 a 4 anos,de 3 a 4 anos,True,14000,-20.0,-44.0
25-29,Masculino,Outra,Sudeste,Não tenho graduação formal,Empregado (CLT),Analista de Dados,Júnior,de R$ 3.001/mês a R$ 4.000/mês,de 1 a 2 anos,Não tive experiência na área de TI/Engenharia de Software antes de começar a trabalhar na área de dados,False,3500,-20.0,-44.0
25-29,Masculino,Branca,Sudeste,Graduação/Bacharelado,Empregado (CLT),Cientista de Dados,Pleno,de R$ 6.001/mês a R$ 8.000/mês,de 3 a 4 anos,Não tive experiência na área de TI/Engenharia de Software antes de começar a trabalhar na área de dados,True,7000,-20.0,-44.0
25-29,Masculino,Parda,Sudeste,Pós-graduação,Empregado (CLT),Analista de Dados,Júnior,de R$ 6.001/mês a R$ 8.000/mês,de 1 a 2 anos,de 7 a 10 anos,True,7000,-20.0,-44.0
25-29,Masculino,Branca,Sudeste,Graduação/Bacharelado,Empreendedor ou Empregado (CNPJ),Cientista de Dados,Sênior,de R$ 8.001/mês a R$ 12.000/mês,de 1 a 2 anos,Não tive experiência na área de TI/Engenharia de Software antes de começar a trabalhar na área de dados,False,10000,-20.0,-44.0
25-29,Masculino,Branca,Sudeste,Graduação/Bacharelado,Empregado (CLT),Analista de Dados,Sênior,de R$ 8.001/mês a R$ 12.000/mês,de 3 a 4 anos,de 1 a 2 anos,True,10000,-20.0,-44.0
25-29,Feminino,Branca,Sudeste,Graduação/Bacharelado,Empregado (CLT),Engenheiro de Dados,Sênior,de R$ 12.001/mês a R$ 16.000/mês,de 5 a 6 anos,de 3 a 4 anos,True,14000,-20.0,-44.0
25-29,Feminino,Parda,Sudeste,Mestrado,Empregado (CLT),Engenheiro de Dados,Pleno,de R$ 8.001/mês a R$ 12.000/mês,Menos de 1 ano,Não tive experiência na área de TI/Engenharia de Software antes de começar a trabalhar na área de dados,True,10000,-20.0,-44.0
25-29,Masculino,Branca,Sudeste,Pós-graduação,Empregado (CLT),Cientista de Dados,Pleno,de R$ 16.001/mês a R$ 20.000/mês,de 5 a 6 anos,Menos de 1 ano,True,18000,-20.0,-44.0
25-29,Masculino,Amarela,Sudeste,Não tenho graduação formal,Vivo no Brasil e trabalho remoto para empresa de fora do Brasil,Engenheiro de Dados,Sênior,de R$ 20.001/mês a R$ 25.000/mês,de 3 a 4 anos,Não tive experiência na área de TI/Engenharia de Software antes de começar a trabalhar na área de dados,True,22500,-20.0,-44.0
25-29,Feminino,Branca,Sul,Pós-graduação,Estagiário,Analista de Dados,Júnior,de R$ 1.001/mês a R$ 2.000/mês,de 1 a 2 anos,Menos de 1 ano,True,1500,-27.0,-51.0
25-29,Masculino,Branca,Sudeste,Doutorado ou Phd,Empregado (CLT),Cientista de Dados,Sênior,de R$ 12.001/mês a R$ 16.000/mês,de 7 a 10 anos,de 5 a 6 anos,True,14000,-20.0,-44.0
25-29,Masculino,Preta,Sudeste,Graduação/Bacharelado,Empregado (CLT),Engenheiro de Dados,Pleno,de R$ 8.001/mês a R$ 12.000/mês,de 1 a 2 anos,Não tive experiência na área de TI/Engenharia de Software antes de começar a trabalhar na área de dados,False,10000,-20.0,-44.0
25-29,Feminino,Parda,Nordeste,Estudante de Graduação,Empregado (CLT),Analista de Dados,Pleno,de R$ 6.001/mês a R$ 8.000/mês,de 5 a 6 anos,Não tive experiência na área de TI/Engenharia de Software antes de começar a trabalhar na área de dados,False,7000,-8.0,-38.0
25-29,Feminino,Branca,Sudeste,Estudante de Graduação,Estagiário,Analista de BI,Júnior,de R$ 1.001/mês a R$ 2.000/mês,Menos de 1 ano,Não tive experiência na área de TI/Engenharia de Software antes de começar a trabalhar na área de dados,False,1500,-20.0,-44.0
25-29,Feminino,Branca,Sudeste,Pós-graduação,Empregado (CLT),Analista de Dados,Sênior,de R$ 8.001/mês a R$ 12.000/mês,de 3 a 4 anos,de 3 a 4 anos,False,10000,-20.0,-44.0
25-29,Masculino,Branca,Sudeste,Mestrado,Empregado (CLT),Cientista de Dados,Sênior,de R$ 16.001/mês a R$ 20.000/mês,de 7 a 10 anos,Não tive experiência na área de TI/Engenharia de Software antes de começar a trabalhar na área de dados,True,18000,-20.0,-44.0
25-29,Masculino,Branca,Sudeste,Mestrado,Empregado (CLT),Arquiteto de Dados,Sênior,de R$ 30.001/mês a R$ 40.000/mês,de 5 a 6 anos,Não tive experiência na área de TI/Engenharia de Software antes de começar a trabalhar na área de dados,True,35000,-20.0,-44.0
25-29,Masculino,Branca,Sudeste,Pós-graduação,Empregado (CLT),Analytics Engineer,Sênior,de R$ 12.001/mês a R$ 16.000/mês,de 7 a 10 anos,Não tive experiência na área de TI/Engenharia de Software antes de começar a trabalhar na área de dados,True,14000,-20.0,-44.0
25-29,Masculino,Branca,Sudeste,Graduação/Bacharelado,Empreendedor ou Empregado (CNPJ),Analista de Dados,Pleno,de R$ 6.001/mês a R$ 8.000/mês,de 1 a 2 anos,Não tive experiência na área de TI/Engenharia de Software antes de começar a trabalhar na área de dados,False,7000,-20.0,-44.0
25-29,Feminino,Branca,Sudeste,Mestrado,Empregado (CLT),Cientista de Dados,Pleno,de R$ 8.001/mês a R$ 12.000/mês,de 3 a 4 anos,Não tive experiência na área de TI/Engenharia de Software antes de começar a trabalhar na área de dados,True,10000,-20.0,-44.0
25-29,Masculino,Branca,Sudeste,Graduação/Bacharelado,Empregado (CLT),Analista de Dados,Pleno,de R$ 8.001/mês a R$ 12.000/mês,de 3 a 4 anos,Não tive experiência na área de TI/Engenharia de Software antes de começar a trabalhar na área de dados,True,10000,-20.0,-44.0
25-29,Masculino,Branca,Sudeste,Graduação/Bacharelado,Empregado (CLT),Desenvolvedor,Sênior,de R$ 12.001/mês a R$ 16.000/mês,de 3 a 4 anos,de 3 a 4 anos,False,14000,-20.0,-44.0
25-29,Masculino,Branca,Sudeste,Pós-graduação,Empregado (CLT),Analista de Dados,Júnior,de R$ 2.001/mês a R$ 3.000/mês,Menos de 1 ano,de 3 a 4 anos,False,2500,-20.0,-44.0
25-29,Masculino,Preta,Sudeste,Graduação/Bacharelado,Empregado (CLT),Analista de Dados,Pleno,de R$ 6.001/mês a R$ 8.000/mês,de 3 a 4 anos,Não tive experiência na área de TI/Engenharia de Software antes de começar a trabalhar na área de dados,True,7000,-20.0,-44.0
25-29,Feminino,Branca,Sul,Mestrado,Empregado (CLT),Analista de Negócios,Júnior,de R$ 3.001/mês a R$ 4.000/mês,de 1 a 2 anos,Não tive experiência na área de TI/Engenharia de Software antes de começar a trabalhar na área de dados,False,3500,-27.0,-51.0
25-29,Masculino,Branca,Sudeste,Estudante de Graduação,Empregado (CLT),Analista de Dados,Sênior,de R$ 6.001/mês a R$ 8.000/mês,de 3 a 4 anos,Não tive experiência na área de TI/Engenharia de Software antes de começar a trabalhar na área de dados,True,7000,-20.0,-44.0
25-29,Feminino,Branca,Sudeste,Graduação/Bacharelado,Empregado (CLT),Desenvolvedor,Pleno,de R$ 8.001/mês a R$ 12.000/mês,Não tenho experiência na área de dados,de 3 a 4 anos,False,10000,-20.0,-44.0
25-29,Feminino,Parda,Sudeste,Pós-graduação,Empregado (CLT),Analista de Dados,Pleno,de R$ 6.001/mês a R$ 8.000/mês,de 3 a 4 anos,Não tive experiência na área de TI/Engenharia de Software antes de começar a trabalhar na área de dados,True,7000,-20.0,-44.0
25-29,Masculino,Branca,Sudeste,Mestrado,Empregado (CLT),Cientista de Dados,Sênior,de R$ 12.001/mês a R$ 16.000/mês,Menos de 1 ano,Não tive experiência na área de TI/Engenharia de Software antes de começar a trabalhar na área de dados,False,14000,-20.0,-44.0
25-29,Masculino,Branca,Sudeste,Graduação/Bacharelado,Empregado (CLT),Analista de Negócios,Pleno,de R$ 12.001/mês a R$ 16.000/mês,de 5 a 6 anos,Não tive experiência na área de TI/Engenharia de Software antes de começar a trabalhar na área de dados,False,14000,-20.0,-44.0
25-29,Masculino,Amarela,Sul,Pós-graduação,Empregado (CLT),Analista de Dados,Pleno,de R$ 8.001/mês a R$ 12.000/mês,de 5 a 6 anos,de 3 a 4 anos,True,10000,-27.0,-51.0
25-29,Masculino,Branca,Sul,Mestrado,Empregado (CLT),Cientista de Dados,Sênior,de R$ 12.001/mês a R$ 16.000/mês,de 3 a 4 anos,de 7 a 10 anos,True,14000,-27.0,-51.0
25-29,Feminino,Parda,Centro-oeste,Graduação/Bacharelado,Empregado (CLT),Analista de Dados,Júnior,de R$ 2.001/mês a R$ 3.000/mês,de 3 a 4 anos,Não tive experiência na área de TI/Engenharia de Software antes de começar a trabalhar na área de dados,True,2500,-15.0,-52.0
25-29,Masculino,Preta,Sudeste,Mestrado,Empregado (CLT),Eng. Machine Learning,Sênior,de R$ 12.001/mês a R$ 16.000/mês,de 5 a 6 anos,Não tive experiência na área de TI/Engenharia de Software antes de começar a trabalhar na área de dados,True,14000,-20.0,-44.0
25-29,Feminino,Parda,Nordeste,Graduação/Bacharelado,Estagiário,Outro,Júnior,de R$ 1.001/mês a R$ 2.000/mês,Menos de 1 ano,Não tive experiência na área de TI/Engenharia de Software antes de começar a trabalhar na área de dados,False,1500,-8.0,-38.0
25-29,Masculino,Branca,Centro-oeste,Estudante de Graduação,Empregado (CLT),Outro,Júnior,de R$ 4.001/mês a R$ 6.000/mês,Não tenho experiência na área de dados,Não tive experiência na área de TI/Engenharia de Software antes de começar a trabalhar na área de dados,False,5000,-15.0,-52.0
25-29,Feminino,Parda,Sudeste,Pós-graduação,Empregado (CLT),Analista de Negócios,Sênior,de R$ 8.001/mês a R$ 12.000/mês,de 3 a 4 anos,Não tive experiência na área de TI/Engenharia de Software antes de começar a trabalhar na área de dados,True,10000,-20.0,-44.0
25-29,Feminino,Parda,Sudeste,Graduação/Bacharelado,Vivo no Brasil e trabalho remoto para empresa de fora do Brasil,Analytics Engineer,Pleno,de R$ 30.001/mês a R$ 40.000/mês,de 7 a 10 anos,de 3 a 4 anos,True,35000,-20.0,-44.0
25-29,Masculino,Parda,Sudeste,Graduação/Bacharelado,Empregado (CLT),Analista de Negócios,Sênior,de R$ 6.001/mês a R$ 8.000/mês,de 3 a 4 anos,Não tive experiência na área de TI/Engenharia de Software antes de começar a trabalhar na área de dados,False,7000,-20.0,-44.0
25-29,Feminino,Parda,Sudeste,Mestrado,Empregado (CLT),Analytics Engineer,Sênior,de R$ 8.001/mês a R$ 12.000/mês,de 3 a 4 anos,Menos de 1 ano,True,10000,-20.0,-44.0
25-29,Masculino,Branca,Sul,Pós-graduação,Empregado (CLT),Engenheiro de Dados,Pleno,de R$ 8.001/mês a R$ 12.000/mês,de 3 a 4 anos,Menos de 1 ano,False,10000,-27.0,-51.0
25-29,Masculino,Amarela,Centro-oeste,Prefiro não informar,Prefiro não informar,Analista de BI,Pleno,Menos de R$ 1.000/mês,Não tenho experiência na área de dados,Não tive experiência na área de TI/Engenharia de Software antes de começar a trabalhar na área de dados,False,500,-15.0,-52.0
25-29,Masculino,Branca,Centro-oeste,Pós-graduação,Empregado (CLT),Analista de Dados,Sênior,de R$ 6.001/mês a R$ 8.000/mês,de 5 a 6 anos,de 3 a 4 anos,True,7000,-15.0,-52.0
25-29,Masculino,Branca,Nordeste,Pós-graduação,Empregado (CLT),Engenheiro de Dados,Pleno,de R$ 6.001/mês a R$ 8.000/mês,de 3 a 4 anos,Não tive experiência na área de TI/Engenharia de Software antes de começar a trabalhar na área de dados,True,7000,-8.0,-38.0
25-29,Masculino,Preta,Nordeste,Mestrado,Empregado (CLT),Cientista de Dados,Pleno,de R$ 4.001/mês a R$ 6.000/mês,de 3 a 4 anos,Não tive experiência na área de TI/Engenharia de Software antes de começar a trabalhar na área de dados,True,5000,-8.0,-38.0
25-29,Masculino,Branca,Sudeste,Pós-graduação,Empregado (CLT),Analytics Engineer,Sênior,de R$ 12.001/mês a R$ 16.000/mês,de 7 a 10 anos,de 5 a 6 anos,True,14000,-20.0,-44.0
25-29,Masculino,Branca,Nordeste,Graduação/Bacharelado,Empreendedor ou Empregado (CNPJ),Cientista de Dados,Júnior,de R$ 3.001/mês a R$ 4.000/mês,de 3 a 4 anos,Menos de 1 ano,True,3500,-8.0,-38.0
25-29,Masculino,Branca,Sul,Graduação/Bacharelado,Empreendedor ou Empregado (CNPJ),Cientista de Dados,Pleno,de R$ 8.001/mês a R$ 12.000/mês,de 3 a 4 anos,de 1 a 2 anos,True,10000,-27.0,-51.0
25-29,Masculino,Branca,Sudeste,Graduação/Bacharelado,Empregado (CLT),Engenheiro de Dados,Pleno,de R$ 8.001/mês a R$ 12.000/mês,de 3 a 4 anos,Não tive experiência na área de TI/Engenharia de Software antes de começar a trabalhar na área de dados,True,10000,-20.0,-44.0
25-29,Masculino,Parda,Nordeste,Pós-graduação,Empregado (CLT),Engenheiro de Dados,Pleno,de R$ 12.001/mês a R$ 16.000/mês,de 3 a 4 anos,de 1 a 2 anos,True,14000,-8.0,-38.0
25-29,Masculino,Parda,Sudeste,Estudante de Graduação,Empregado (CLT),Analista de Dados,Pleno,de R$ 6.001/mês a R$ 8.000/mês,de 3 a 4 anos,Não tive experiência na área de TI/Engenharia de Software antes de começar a trabalhar na área de dados,True,7000,-20.0,-44.0
25-29,Masculino,Preta,Sudeste,Graduação/Bacharelado,Empregado (CLT),Engenheiro de Dados,Sênior,de R$ 16.001/mês a R$ 20.000/mês,de 5 a 6 anos,de 7 a 10 anos,True,18000,-20.0,-44.0
25-29,Masculino,Branca,Sul,Graduação/Bacharelado,Empregado (CLT),Engenheiro de Dados,Sênior,de R$ 20.001/mês a R$ 25.000/mês,Mais de 10 anos,de 1 a 2 anos,True,22500,-27.0,-51.0
25-29,Masculino,Branca,Nordeste,Mestrado,Vivo no Brasil e trabalho remoto para empresa de fora do Brasil,Engenheiro de Dados,Sênior,de R$ 25.001/mês a R$ 30.000/mês,de 3 a 4 anos,Menos de 1 ano,True,27500,-8.0,-38.0
25-29,Feminino,Branca,Sudeste,Graduação/Bacharelado,Empregado (CLT),Product Manager,Sênior,de R$ 8.001/mês a R$ 12.000/mês,de 5 a 6 anos,Não tive experiência na área de TI/Engenharia de Software antes de começar a trabalhar na área de dados,True,10000,-20.0,-44.0
25-29,Masculino,Parda,Sudeste,Pós-graduação,Empregado (CLT),Analista de Negócios,Sênior,de R$ 8.001/mês a R$ 12.000/mês,de 7 a 10 anos,Não tive experiência na área de TI/Engenharia de Software antes de começar a trabalhar na área de dados,False,10000,-20.0,-44.0
25-29,Masculino,Branca,Sudeste,Estudante de Graduação,Empregado (CLT),Analista de Dados,Júnior,de R$ 3.001/mês a R$ 4.000/mês,de 1 a 2 anos,Menos de 1 ano,False,3500,-20.0,-44.0
25-29,Masculino,Parda,Centro-oeste,Graduação/Bacharelado,Empregado (CLT),Analista de Dados,Pleno,de R$ 4.001/mês a R$ 6.000/mês,de 1 a 2 anos,Não tive experiência na área de TI/Engenharia de Software antes de começar a trabalhar na área de dados,True,5000,-15.0,-52.0
25-29,Masculino,Branca,Sudeste,Graduação/Bacharelado,Empregado (CLT),Analista de Dados,Júnior,de R$ 4.001/mês a R$ 6.000/mês,de 1 a 2 anos,de 7 a 10 anos,False,5000,-20.0,-44.0
25-29,Feminino,Branca,Sul,Mestrado,Empregado (CLT),Cientista de Dados,Júnior,de R$ 4.001/mês a R$ 6.000/mês,Menos de 1 ano,Não tive experiência na área de TI/Engenharia de Software antes de começar a trabalhar na área de dados,True,5000,-27.0,-51.0
25-29,Masculino,Branca,Sudeste,Graduação/Bacharelado,Empregado (CLT),Analista de Dados,Júnior,de R$ 3.001/mês a R$ 4.000/mês,de 1 a 2 anos,de 5 a 6 anos,False,3500,-20.0,-44.0
25-29,Masculino,Parda,Sudeste,Pós-graduação,Empregado (CLT),Engenheiro de Dados,Pleno,de R$ 8.001/mês a R$ 12.000/mês,de 3 a 4 anos,Não tive experiência na área de TI/Engenharia de Software antes de começar a trabalhar na área de dados,True,10000,-20.0,-44.0
25-29,Masculino,Parda,Sul,Pós-graduação,Empregado (CLT),Desenvolvedor,Sênior,de R$ 8.001/mês a R$ 12.000/mês,de 7 a 10 anos,de 5 a 6 anos,False,10000,-27.0,-51.0
25-29,Masculino,Parda,Sul,Graduação/Bacharelado,Empregado (CLT),Analista de BI,Pleno,de R$ 3.001/mês a R$ 4.000/mês,de 1 a 2 anos,de 1 a 2 anos,True,3500,-27.0,-51.0
25-29,Masculino,Parda,Sudeste,Pós-graduação,Empregado (CLT),Analista de Dados,Sênior,de R$ 12.001/mês a R$ 16.000/mês,de 5 a 6 anos,Não tive experiência na área de TI/Engenharia de Software antes de começar a trabalhar na área de dados,True,14000,-20.0,-44.0
25-29,Feminino,Parda,Sudeste,Pós-graduação,Empregado (CLT),Cientista de Dados,Pleno,de R$ 8.001/mês a R$ 12.000/mês,de 5 a 6 anos,Não tive experiência na área de TI/Engenharia de Software antes de começar a trabalhar na área de dados,True,10000,-20.0,-44.0
25-29,Masculino,Amarela,Centro-oeste,Graduação/Bacharelado,Empregado (CLT),Analista de BI,Pleno,de R$ 8.001/mês a R$ 12.000/mês,de 3 a 4 anos,Não tive experiência na área de TI/Engenharia de Software antes de começar a trabalhar na área de dados,False,10000,-15.0,-52.0
25-29,Masculino,Branca,Sudeste,Graduação/Bacharelado,Empregado (CLT),Cientista de Dados,Sênior,de R$ 16.001/mês a R$ 20.000/mês,de 5 a 6 anos,Não tive experiência na área de TI/Engenharia de Software antes de começar a trabalhar na área de dados,True,18000,-20.0,-44.0
25-29,Masculino,Branca,Sudeste,Mestrado,Empregado (CLT),Outras Engenharias,Pleno,de R$ 12.001/mês a R$ 16.000/mês,Menos de 1 ano,Não tive experiência na área de TI/Engenharia de Software antes de começar a trabalhar na área de dados,True,14000,-20.0,-44.0
25-29,Masculino,Branca,Sudeste,Mestrado,Empregado (CLT),Outras Engenharias,Pleno,de R$ 12.001/mês a R$ 16.000/mês,Menos de 1 ano,Não tive experiência na área de TI/Engenharia de Software antes de começar a trabalhar na área de dados,True,14000,-20.0,-44.0
25-29,Masculino,Preta,Sul,Estudante de Graduação,Empregado (CLT),Engenheiro de Dados,Pleno,de R$ 4.001/mês a R$ 6.000/mês,de 3 a 4 anos,Não tive experiência na área de TI/Engenharia de Software antes de começar a trabalhar na área de dados,True,5000,-27.0,-51.0
25-29,Masculino,Branca,Sul,Graduação/Bacharelado,Empregado (CLT),Analista de Dados,Júnior,de R$ 2.001/mês a R$ 3.000/mês,Menos de 1 ano,Não tive experiência na área de TI/Engenharia de Software antes de começar a trabalhar na área de dados,True,2500,-27.0,-51.0
25-29,Feminino,Preta,Sudeste,Graduação/Bacharelado,Empregado (CLT),Engenheiro de Dados,Pleno,de R$ 8.001/mês a R$ 12.000/mês,de 3 a 4 anos,Menos de 1 ano,True,10000,-20.0,-44.0
25-29,Masculino,Branca,Sudeste,Graduação/Bacharelado,Empregado (CLT),Analista de Dados,Júnior,de R$ 4.001/mês a R$ 6.000/mês,de 1 a 2 anos,Não tive experiência na área de TI/Engenharia de Software antes de começar a trabalhar na área de dados,False,5000,-20.0,-44.0
25-29,Masculino,Branca,Sul,Graduação/Bacharelado,Empregado (CLT),Analista de Dados,Júnior,de R$ 6.001/mês a R$ 8.000/mês,de 3 a 4 anos,Não tive experiência na área de TI/Engenharia de Software antes de começar a trabalhar na área de dados,True,7000,-27.0,-51.0
25-29,Masculino,Branca,Sudeste,Graduação/Bacharelado,Empregado (CLT),Analista de Dados,Sênior,de R$ 8.001/mês a R$ 12.000/mês,de 5 a 6 anos,Não tive experiência na área de TI/Engenharia de Software antes de começar a trabalhar na área de dados,False,10000,-20.0,-44.0
25-29,Feminino,Parda,Sudeste,Pós-graduação,Empregado (CLT),Analista de Negócios,Sênior,de R$ 16.001/mês a R$ 20.000/mês,de 5 a 6 anos,de 1 a 2 anos,True,18000,-20.0,-44.0
25-29,Masculino,Parda,Sul,Não tenho graduação formal,Empregado (CLT),Cientista de Dados,Júnior,de R$ 2.001/mês a R$ 3.000/mês,Menos de 1 ano,de 1 a 2 anos,True,2500,-27.0,-51.0
25-29,Feminino,Preta,Nordeste,Mestrado,Empregado (CLT),Analista de Dados,Sênior,de R$ 4.001/mês a R$ 6.000/mês,de 3 a 4 anos,Não tive experiência na área de TI/Engenharia de Software antes de começar a trabalhar na área de dados,False,5000,-8.0,-38.0
25-29,Masculino,Branca,Sudeste,Graduação/Bacharelado,Vivo no Brasil e trabalho remoto para empresa de fora do Brasil,Engenheiro de Dados,Pleno,de R$ 8.001/mês a R$ 12.000/mês,de 3 a 4 anos,Não tive experiência na área de TI/Engenharia de Software antes de começar a trabalhar na área de dados,True,10000,-20.0,-44.0
25-29,Feminino,Branca,Sudeste,Pós-graduação,Empregado (CLT),Analytics Engineer,Sênior,de R$ 8.001/mês a R$ 12.000/mês,de 7 a 10 anos,Não tive experiência na área de TI/Engenharia de Software antes de começar a trabalhar na área de dados,True,10000,-20.0,-44.0
25-29,Feminino,Branca,Sudeste,Graduação/Bacharelado,Empregado (CLT),Analista de BI,Júnior,de R$ 3.001/mês a R$ 4.000/mês,de 1 a 2 anos,Não tive experiência na área de TI/Engenharia de Software antes de começar a trabalhar na área de dados,False,3500,-20.0,-44.0
25-29,Feminino,Preta,Sudeste,Graduação/Bacharelado,Empregado (CLT),Analista de Dados,Sênior,de R$ 8.001/mês a R$ 12.000/mês,de 5 a 6 anos,Não tive experiência na área de TI/Engenharia de Software antes de começar a trabalhar na área de dados,True,10000,-20.0,-44.0
25-29,Feminino,Preta,Sudeste,Pós-graduação,Empregado (CLT),Analista de Dados,Pleno,de R$ 6.001/mês a R$ 8.000/mês,de 3 a 4 anos,Não tive experiência na área de TI/Engenharia de Software antes de começar a trabalhar na área de dados,True,7000,-20.0,-44.0
25-29,Masculino,Branca,Sudeste,Graduação/Bacharelado,Freelancer,Analista de Dados,Pleno,de R$ 6.001/mês a R$ 8.000/mês,de 3 a 4 anos,Não tive experiência na área de TI/Engenharia de Software antes de começar a trabalhar na área de dados,True,7000,-20.0,-44.0
25-29,Feminino,Branca,Sudeste,Pós-graduação,Empregado (CLT),Outro,Pleno,de R$ 4.001/mês a R$ 6.000/mês,de 5 a 6 anos,Não tive experiência na área de TI/Engenharia de Software antes de começar a trabalhar na área de dados,False,5000,-20.0,-44.0
25-29,Masculino,Branca,Nordeste,Graduação/Bacharelado,Vivo no Brasil e trabalho remoto para empresa de fora do Brasil,Analista de BI,Júnior,de R$ 4.001/mês a R$ 6.000/mês,Menos de 1 ano,de 3 a 4 anos,True,5000,-8.0,-38.0
25-29,Feminino,Branca,Sul,Graduação/Bacharelado,Empreendedor ou Empregado (CNPJ),Analytics Engineer,Pleno,de R$ 6.001/mês a R$ 8.000/mês,de 5 a 6 anos,Não tive experiência na área de TI/Engenharia de Software antes de começar a trabalhar na área de dados,False,7000,-27.0,-51.0
25-29,Masculino,Branca,Sudeste,Graduação/Bacharelado,Empreendedor ou Empregado (CNPJ),Analista de Dados,Sênior,de R$ 12.001/mês a R$ 16.000/mês,de 5 a 6 anos,Não tive experiência na área de TI/Engenharia de Software antes de começar a trabalhar na área de dados,True,14000,-20.0,-44.0
25-29,Feminino,Branca,Sul,Estudante de Graduação,Empregado (CLT),Analista de Dados,Pleno,de R$ 3.001/mês a R$ 4.000/mês,de 3 a 4 anos,Não tive experiência na área de TI/Engenharia de Software antes de começar a trabalhar na área de dados,False,3500,-27.0,-51.0
25-29,Masculino,Branca,Nordeste,Graduação/Bacharelado,Empregado (CLT),Analista de Dados,Pleno,de R$ 4.001/mês a R$ 6.000/mês,de 1 a 2 anos,Não tive experiência na área de TI/Engenharia de Software antes de começar a trabalhar na área de dados,True,5000,-8.0,-38.0
25-29,Masculino,Parda,Sudeste,Estudante de Graduação,Empregado (CLT),Outro,Júnior,de R$ 3.001/mês a R$ 4.000/mês,Menos de 1 ano,Não tive experiência na área de TI/Engenharia de Software antes de começar a trabalhar na área de dados,False,3500,-20.0,-44.0
25-29,Masculino,Branca,Sul,Doutorado ou Phd,Empregado (CLT),Cientista de Dados,Sênior,de R$ 12.001/mês a R$ 16.000/mês,de 3 a 4 anos,Não tive experiência na área de TI/Engenharia de Software antes de começar a trabalhar na área de dados,True,14000,-27.0,-51.0
25-29,Feminino,Preta,Sul,Pós-graduação,Empregado (CLT),Outro,Sênior,de R$ 12.001/mês a R$ 16.000/mês,Não tenho experiência na área de dados,de 5 a 6 anos,True,14000,-27.0,-51.0
25-29,Masculino,Branca,Sudeste,Graduação/Bacharelado,Empregado (CLT),Analista de Suporte,Pleno,de R$ 3.001/mês a R$ 4.000/mês,Não tenho experiência na área de dados,Não tive experiência na área de TI/Engenharia de Software antes de começar a trabalhar na área de dados,False,3500,-20.0,-44.0
25-29,Feminino,Branca,Sul,Pós-graduação,Empregado (CLT),Outro,Pleno,de R$ 6.001/mês a R$ 8.000/mês,Não tenho experiência na área de dados,Não tive experiência na área de TI/Engenharia de Software antes de começar a trabalhar na área de dados,True,7000,-27.0,-51.0
25-29,Masculino,Parda,Centro-oeste,Mestrado,Empregado (CLT),Cientista de Dados,Sênior,de R$ 12.001/mês a R$ 16.000/mês,de 5 a 6 anos,de 1 a 2 anos,True,14000,-15.0,-52.0
25-29,Masculino,Preta,Norte,Estudante de Graduação,Estagiário,Analista de Dados,Júnior,de R$ 1.001/mês a R$ 2.000/mês,Menos de 1 ano,de 3 a 4 anos,False,1500,-5.0,-60.0
25-29,Masculino,Branca,Sudeste,Graduação/Bacharelado,Empreendedor ou Empregado (CNPJ),Analista de Negócios,Sênior,de R$ 12.001/mês a R$ 16.000/mês,de 3 a 4 anos,Não tive experiência na área de TI/Engenharia de Software antes de começar a trabalhar na área de dados,True,14000,-20.0,-44.0
25-29,Masculino,Branca,Centro-oeste,Graduação/Bacharelado,Empregado (CLT),Engenheiro de Dados,Pleno,de R$ 6.001/mês a R$ 8.000/mês,de 3 a 4 anos,de 3 a 4 anos,True,7000,-15.0,-52.0
25-29,Masculino,Branca,Sudeste,Pós-graduação,Empregado (CLT),Analista de BI,Sênior,de R$ 8.001/mês a R$ 12.000/mês,de 5 a 6 anos,Não tive experiência na área de TI/Engenharia de Software antes de começar a trabalhar na área de dados,True,10000,-20.0,-44.0
25-29,Feminino,Branca,Sul,Graduação/Bacharelado,Empregado (CLT),Desenvolvedor,Pleno,de R$ 6.001/mês a R$ 8.000/mês,Não tenho experiência na área de dados,de 5 a 6 anos,True,7000,-27.0,-51.0
25-29,Masculino,Branca,Sul,Graduação/Bacharelado,Empreendedor ou Empregado (CNPJ),Cientista de Dados,Pleno,de R$ 6.001/mês a R$ 8.000/mês,de 3 a 4 anos,Não tive experiência na área de TI/Engenharia de Software antes de começar a trabalhar na área de dados,True,7000,-27.0,-51.0
25-29,Feminino,Branca,Sul,Graduação/Bacharelado,Empregado (CLT),Analista de Dados,Pleno,de R$ 8.001/mês a R$ 12.000/mês,de 1 a 2 anos,Não tive experiência na área de TI/Engenharia de Software antes de começar a trabalhar na área de dados,True,10000,-27.0,-51.0
25-29,Feminino,Preta,Sul,Pós-graduação,Empregado (CLT),Analista de Dados,Pleno,de R$ 4.001/mês a R$ 6.000/mês,de 1 a 2 anos,Menos de 1 ano,True,5000,-27.0,-51.0
25-29,Masculino,Parda,Sudeste,Graduação/Bacharelado,Empregado (CLT),Cientista de Dados,Sênior,de R$ 12.001/mês a R$ 16.000/mês,de 5 a 6 anos,Não tive experiência na área de TI/Engenharia de Software antes de começar a trabalhar na área de dados,True,14000,-20.0,-44.0
25-29,Masculino,Parda,Sudeste,Graduação/Bacharelado,Empregado (CLT),Cientista de Dados,Sênior,de R$ 12.001/mês a R$ 16.000/mês,de 5 a 6 anos,Não tive experiência na área de TI/Engenharia de Software antes de começar a trabalhar na área de dados,True,14000,-20.0,-44.0
25-29,Masculino,Preta,Sudeste,Graduação/Bacharelado,Empregado (CLT),Engenheiro de Dados,Pleno,de R$ 4.001/mês a R$ 6.000/mês,de 3 a 4 anos,Não tive experiência na área de TI/Engenharia de Software antes de começar a trabalhar na área de dados,True,5000,-20.0,-44.0
25-29,Feminino,Branca,Sul,Pós-graduação,Empregado (CLT),Product Manager,Sênior,de R$ 8.001/mês a R$ 12.000/mês,de 7 a 10 anos,Não tive experiência na área de TI/Engenharia de Software antes de começar a trabalhar na área de dados,True,10000,-27.0,-51.0
25-29,Masculino,Branca,Centro-oeste,Pós-graduação,Empregado (CLT),Cientista de Dados,Sênior,de R$ 16.001/mês a R$ 20.000/mês,de 3 a 4 anos,Não tive experiência na área de TI/Engenharia de Software antes de começar a trabalhar na área de dados,True,18000,-15.0,-52.0
25-29,Masculino,Preta,Sudeste,Graduação/Bacharelado,Empregado (CLT),Analista de Dados,Sênior,de R$ 8.001/mês a R$ 12.000/mês,de 5 a 6 anos,de 1 a 2 anos,False,10000,-20.0,-44.0
25-29,Masculino,Branca,Sudeste,Mestrado,Empregado (CLT),Cientista de Dados,Sênior,de R$ 20.001/mês a R$ 25.000/mês,de 7 a 10 anos,Não tive experiência na área de TI/Engenharia de Software antes de começar a trabalhar na área de dados,True,22500,-20.0,-44.0
25-29,Masculino,Parda,Sudeste,Pós-graduação,Empregado (CLT),Analista de Dados,Sênior,de R$ 8.001/mês a R$ 12.000/mês,de 3 a 4 anos,Não tive experiência na área de TI/Engenharia de Software antes de começar a trabalhar na área de dados,True,10000,-20.0,-44.0
25-29,Masculino,Parda,Nordeste,Pós-graduação,Empregado (CLT),Engenheiro de Dados,Pleno,de R$ 8.001/mês a R$ 12.000/mês,de 3 a 4 anos,de 5 a 6 anos,True,10000,-8.0,-38.0
25-29,Masculino,Branca,Sudeste,Mestrado,Empregado (CLT),Cientista de Dados,Júnior,de R$ 6.001/mês a R$ 8.000/mês,Menos de 1 ano,Não tive experiência na área de TI/Engenharia de Software antes de começar a trabalhar na área de dados,True,7000,-20.0,-44.0
25-29,Masculino,Branca,Nordeste,Pós-graduação,Vivo no Brasil e trabalho remoto para empresa de fora do Brasil,Engenheiro de Dados,Sênior,de R$ 30.001/mês a R$ 40.000/mês,de 5 a 6 anos,Não tive experiência na área de TI/Engenharia de Software antes de começar a trabalhar na área de dados,True,35000,-8.0,-38.0
25-29,Masculino,Branca,Sul,Graduação/Bacharelado,Empregado (CLT),Analista de BI,Sênior,de R$ 6.001/mês a R$ 8.000/mês,de 5 a 6 anos,Menos de 1 ano,True,7000,-27.0,-51.0
25-29,Masculino,Branca,Sul,Graduação/Bacharelado,Empregado (CLT),Desenvolvedor,Júnior,de R$ 4.001/mês a R$ 6.000/mês,Não tenho experiência na área de dados,de 3 a 4 anos,False,5000,-27.0,-51.0
25-29,Masculino,Parda,Sul,Graduação/Bacharelado,Empregado (CLT),Eng. Machine Learning,Sênior,de R$ 12.001/mês a R$ 16.000/mês,de 7 a 10 anos,Não tive experiência na área de TI/Engenharia de Software antes de começar a trabalhar na área de dados,True,14000,-27.0,-51.0
25-29,Masculino,Parda,Sudeste,Pós-graduação,Empregado (CLT),Cientista de Dados,Sênior,de R$ 12.001/mês a R$ 16.000/mês,de 5 a 6 anos,Menos de 1 ano,True,14000,-20.0,-44.0
25-29,Masculino,Branca,Sudeste,Mestrado,Empregado (CLT),Cientista de Dados,Sênior,de R$ 12.001/mês a R$ 16.000/mês,de 3 a 4 anos,Menos de 1 ano,True,14000,-20.0,-44.0
25-29,Masculino,Parda,Centro-oeste,Pós-graduação,Empregado (CLT),Engenheiro de Dados,Sênior,de R$ 16.001/mês a R$ 20.000/mês,de 5 a 6 anos,de 3 a 4 anos,True,18000,-15.0,-52.0
25-29,Feminino,Amarela,Sudeste,Pós-graduação,Empregado (CLT),Cientista de Dados,Sênior,de R$ 12.001/mês a R$ 16.000/mês,de 5 a 6 anos,Não tive experiência na área de TI/Engenharia de Software antes de começar a trabalhar na área de dados,True,14000,-20.0,-44.0
25-29,Masculino,Branca,Sudeste,Graduação/Bacharelado,Empregado (CLT),Engenheiro de Dados,Sênior,de R$ 8.001/mês a R$ 12.000/mês,de 3 a 4 anos,Não tive experiência na área de TI/Engenharia de Software antes de começar a trabalhar na área de dados,False,10000,-20.0,-44.0
25-29,Masculino,Parda,Nordeste,Graduação/Bacharelado,Vivo no Brasil e trabalho remoto para empresa de fora do Brasil,Engenheiro de Dados,Sênior,Acima de R$ 40.001/mês,de 3 a 4 anos,Não tive experiência na área de TI/Engenharia de Software antes de começar a trabalhar na área de dados,True,45000,-8.0,-38.0
25-29,Masculino,Branca,Sudeste,Graduação/Bacharelado,Empreendedor ou Empregado (CNPJ),Analista de BI,Pleno,de R$ 4.001/mês a R$ 6.000/mês,de 3 a 4 anos,Não tive experiência na área de TI/Engenharia de Software antes de começar a trabalhar na área de dados,False,5000,-20.0,-44.0
25-29,Masculino,Branca,Sudeste,Graduação/Bacharelado,Vivo no Brasil e trabalho remoto para empresa de fora do Brasil,Engenheiro de Dados,Sênior,de R$ 25.001/mês a R$ 30.000/mês,de 5 a 6 anos,de 1 a 2 anos,True,27500,-20.0,-44.0
25-29,Masculino,Branca,Sudeste,Graduação/Bacharelado,Empreendedor ou Empregado (CNPJ),Engenheiro de Dados,Pleno,de R$ 8.001/mês a R$ 12.000/mês,de 3 a 4 anos,Não tive experiência na área de TI/Engenharia de Software antes de começar a trabalhar na área de dados,False,10000,-20.0,-44.0
25-29,Masculino,Preta,Sudeste,Pós-graduação,Empregado (CLT),Analista de Dados,Pleno,de R$ 8.001/mês a R$ 12.000/mês,de 3 a 4 anos,de 1 a 2 anos,True,10000,-20.0,-44.0
25-29,Masculino,Branca,Sul,Graduação/Bacharelado,Empregado (CLT),Analista de Negócios,Pleno,de R$ 4.001/mês a R$ 6.000/mês,de 3 a 4 anos,de 1 a 2 anos,False,5000,-27.0,-51.0
25-29,Masculino,Branca,Sul,Mestrado,Empregado (CLT),Analista de Dados,Pleno,de R$ 6.001/mês a R$ 8.000/mês,de 3 a 4 anos,Não tive experiência na área de TI/Engenharia de Software antes de começar a trabalhar na área de dados,True,7000,-27.0,-51.0
25-29,Masculino,Branca,Sudeste,Graduação/Bacharelado,Empregado (CLT),Product Manager,Pleno,de R$ 4.001/mês a R$ 6.000/mês,de 1 a 2 anos,Não tive experiência na área de TI/Engenharia de Software antes de começar a trabalhar na área de dados,True,5000,-20.0,-44.0
25-29,Feminino,Branca,Centro-oeste,Mestrado,Empregado (CLT),Cientista de Dados,Sênior,de R$ 6.001/mês a R$ 8.000/mês,de 3 a 4 anos,Não tive experiência na área de TI/Engenharia de Software antes de começar a trabalhar na área de dados,False,7000,-15.0,-52.0
25-29,Masculino,Preta,Centro-oeste,Pós-graduação,Empregado (CLT),Analista de Dados,Pleno,de R$ 6.001/mês a R$ 8.000/mês,de 3 a 4 anos,de 3 a 4 anos,True,7000,-15.0,-52.0
25-29,Masculino,Branca,Sul,Pós-graduação,Empregado (CLT),Engenheiro de Dados,Pleno,de R$ 8.001/mês a R$ 12.000/mês,de 5 a 6 anos,de 3 a 4 anos,False,10000,-27.0,-51.0
25-29,Feminino,Preta,Sudeste,Pós-graduação,Empregado (CLT),Analista de Dados,Pleno,de R$ 6.001/mês a R$ 8.000/mês,de 3 a 4 anos,Não tive experiência na área de TI/Engenharia de Software antes de começar a trabalhar na área de dados,True,7000,-20.0,-44.0
25-29,Masculino,Parda,Sudeste,Graduação/Bacharelado,Empregado (CLT),Cientista de Dados,Pleno,de R$ 8.001/mês a R$ 12.000/mês,de 1 a 2 anos,Não tive experiência na área de TI/Engenharia de Software antes de começar a trabalhar na área de dados,True,10000,-20.0,-44.0
25-29,Masculino,Branca,Sul,Pós-graduação,Empregado (CLT),Analista de Dados,Sênior,de R$ 8.001/mês a R$ 12.000/mês,de 7 a 10 anos,de 7 a 10 anos,True,10000,-27.0,-51.0
25-29,Masculino,Parda,Sudeste,Graduação/Bacharelado,Empregado (CLT),Engenheiro de Dados,Pleno,de R$ 6.001/mês a R$ 8.000/mês,de 3 a 4 anos,Menos de 1 ano,True,7000,-20.0,-44.0
25-29,Masculino,Preta,Sudeste,Mestrado,Empregado (CLT),Eng. Machine Learning,Sênior,de R$ 12.001/mês a R$ 16.000/mês,de 5 a 6 anos,de 5 a 6 anos,True,14000,-20.0,-44.0
25-29,Feminino,Branca,Sudeste,Estudante de Graduação,Empregado (CLT),Analista de BI,Pleno,de R$ 6.001/mês a R$ 8.000/mês,de 3 a 4 anos,de 1 a 2 anos,True,7000,-20.0,-44.0
25-29,Masculino,Branca,Sudeste,Mestrado,Empregado (CLT),Cientista de Dados,Júnior,de R$ 4.001/mês a R$ 6.000/mês,de 5 a 6 anos,Não tive experiência na área de TI/Engenharia de Software antes de começar a trabalhar na área de dados,False,5000,-20.0,-44.0
25-29,Masculino,Branca,Sudeste,Graduação/Bacharelado,Empregado (CLT),Analytics Engineer,Sênior,de R$ 16.001/mês a R$ 20.000/mês,de 7 a 10 anos,Menos de 1 ano,True,18000,-20.0,-44.0
25-29,Masculino,Branca,Sudeste,Graduação/Bacharelado,Empregado (CLT),Analista de Dados,Sênior,de R$ 16.001/mês a R$ 20.000/mês,de 5 a 6 anos,de 1 a 2 anos,True,18000,-20.0,-44.0
25-29,Masculino,Branca,Sul,Graduação/Bacharelado,Empregado (CLT),Engenheiro de Dados,Sênior,de R$ 12.001/mês a R$ 16.000/mês,de 3 a 4 anos,de 5 a 6 anos,True,14000,-27.0,-51.0
25-29,Masculino,Branca,,Graduação/Bacharelado,Empreendedor ou Empregado (CNPJ),Engenheiro de Dados,Júnior,de R$ 4.001/mês a R$ 6.000/mês,de 3 a 4 anos,Não tive experiência na área de TI/Engenharia de Software antes de começar a trabalhar na área de dados,False,5000,,
25-29,Masculino,Parda,Sudeste,Mestrado,Empregado (CLT),Cientista de Dados,Pleno,de R$ 8.001/mês a R$ 12.000/mês,de 3 a 4 anos,Não tive experiência na área de TI/Engenharia de Software antes de começar a trabalhar na área de dados,True,10000,-20.0,-44.0
25-29,Masculino,Branca,Sudeste,Pós-graduação,Empregado (CLT),Analista de Dados,Pleno,de R$ 4.001/mês a R$ 6.000/mês,de 1 a 2 anos,Não tive experiência na área de TI/Engenharia de Software antes de começar a trabalhar na área de dados,False,5000,-20.0,-44.0
25-29,Masculino,Branca,Sudeste,Pós-graduação,Empregado (CLT),Analista de Dados,Sênior,de R$ 8.001/mês a R$ 12.000/mês,de 5 a 6 anos,Não tive experiência na área de TI/Engenharia de Software antes de começar a trabalhar na área de dados,True,10000,-20.0,-44.0
25-29,Masculino,Branca,Sudeste,Graduação/Bacharelado,Empregado (CLT),Analista de Suporte,Júnior,de R$ 2.001/mês a R$ 3.000/mês,Menos de 1 ano,Menos de 1 ano,True,2500,-20.0,-44.0
25-29,Masculino,Branca,Sul,Pós-graduação,Vivo no Brasil e trabalho remoto para empresa de fora do Brasil,Desenvolvedor,Pleno,de R$ 25.001/mês a R$ 30.000/mês,de 1 a 2 anos,Menos de 1 ano,True,27500,-27.0,-51.0
25-29,Masculino,Branca,Sul,Estudante de Graduação,Empreendedor ou Empregado (CNPJ),Analista de Negócios,Júnior,de R$ 4.001/mês a R$ 6.000/mês,de 1 a 2 anos,Menos de 1 ano,False,5000,-27.0,-51.0
25-29,Masculino,Preta,Sul,Pós-graduação,Empregado (CLT),Outras Engenharias,Pleno,de R$ 6.001/mês a R$ 8.000/mês,de 5 a 6 anos,de 3 a 4 anos,False,7000,-27.0,-51.0
25-29,Masculino,Branca,Sudeste,Graduação/Bacharelado,Empregado (CLT),Analytics Engineer,Pleno,de R$ 6.001/mês a R$ 8.000/mês,de 3 a 4 anos,Não tive experiência na área de TI/Engenharia de Software antes de começar a trabalhar na área de dados,True,7000,-20.0,-44.0
25-29,Masculino,Parda,Centro-oeste,Mestrado,Servidor Público,Cientista de Dados,Sênior,de R$ 30.001/mês a R$ 40.000/mês,de 7 a 10 anos,de 7 a 10 anos,True,35000,-15.0,-52.0
25-29,Masculino,Branca,Sudeste,Pós-graduação,Empregado (CLT),Cientista de Dados,Sênior,de R$ 6.001/mês a R$ 8.000/mês,de 5 a 6 anos,Menos de 1 ano,True,7000,-20.0,-44.0
25-29,Masculino,Amarela,Sudeste,Graduação/Bacharelado,Empregado (CLT),Analytics Engineer,Sênior,de R$ 12.001/mês a R$ 16.000/mês,de 5 a 6 anos,Não tive experiência na área de TI/Engenharia de Software antes de começar a trabalhar na área de dados,False,14000,-20.0,-44.0
25-29,Masculino,Parda,Sudeste,Pós-graduação,Empregado (CLT),Cientista de Dados,Sênior,de R$ 12.001/mês a R$ 16.000/mês,de 5 a 6 anos,Não tive experiência na área de TI/Engenharia de Software antes de começar a trabalhar na área de dados,True,14000,-20.0,-44.0
25-29,Masculino,Branca,Sudeste,Graduação/Bacharelado,Empregado (CLT),Analytics Engineer,Pleno,de R$ 4.001/mês a R$ 6.000/mês,de 1 a 2 anos,Não tive experiência na área de TI/Engenharia de Software antes de começar a trabalhar na área de dados,True,5000,-20.0,-44.0
25-29,Masculino,Branca,Centro-oeste,Graduação/Bacharelado,Empreendedor ou Empregado (CNPJ),Analista de Suporte,Pleno,de R$ 3.001/mês a R$ 4.000/mês,de 7 a 10 anos,de 7 a 10 anos,False,3500,-15.0,-52.0
25-29,Feminino,Branca,Sudeste,Pós-graduação,Empregado (CLT),Analista de Dados,Sênior,de R$ 6.001/mês a R$ 8.000/mês,de 3 a 4 anos,Não tive experiência na área de TI/Engenharia de Software antes de começar a trabalhar na área de dados,True,7000,-20.0,-44.0
25-29,Masculino,Parda,Sudeste,Graduação/Bacharelado,Empregado (CLT),Analista de Suporte,Júnior,de R$ 2.001/mês a R$ 3.000/mês,de 1 a 2 anos,Não tive experiência na área de TI/Engenharia de Software antes de começar a trabalhar na área de dados,True,2500,-20.0,-44.0
25-29,Masculino,Branca,Sudeste,Graduação/Bacharelado,Empregado (CLT),Engenheiro de Dados,Júnior,de R$ 6.001/mês a R$ 8.000/mês,Menos de 1 ano,Menos de 1 ano,True,7000,-20.0,-44.0
25-29,Masculino,Branca,Sudeste,Graduação/Bacharelado,Empregado (CLT),Analista de Dados,Sênior,de R$ 16.001/mês a R$ 20.000/mês,de 1 a 2 anos,Não tive experiência na área de TI/Engenharia de Software antes de começar a trabalhar na área de dados,True,18000,-20.0,-44.0
25-29,Masculino,Parda,Sudeste,Pós-graduação,Empregado (CLT),Analista de Dados,Júnior,de R$ 4.001/mês a R$ 6.000/mês,de 1 a 2 anos,Menos de 1 ano,False,5000,-20.0,-44.0
25-29,Feminino,Parda,,Não tenho graduação formal,Empregado (CLT),Analista de Dados,Pleno,de R$ 12.001/mês a R$ 16.000/mês,de 1 a 2 anos,Menos de 1 ano,True,14000,,
25-29,Masculino,Branca,Sudeste,Graduação/Bacharelado,Empregado (CLT),Analytics Engineer,Sênior,de R$ 16.001/mês a R$ 20.000/mês,de 3 a 4 anos,Não tive experiência na área de TI/Engenharia de Software antes de começar a trabalhar na área de dados,True,18000,-20.0,-44.0
25-29,Masculino,Parda,Sul,Graduação/Bacharelado,Empregado (CLT),Analista de BI,Sênior,de R$ 8.001/mês a R$ 12.000/mês,de 7 a 10 anos,de 3 a 4 anos,True,10000,-27.0,-51.0
25-29,Masculino,Branca,Sul,Mestrado,Empregado (CLT),Cientista de Dados,Pleno,de R$ 6.001/mês a R$ 8.000/mês,de 3 a 4 anos,Não tive experiência na área de TI/Engenharia de Software antes de começar a trabalhar na área de dados,True,7000,-27.0,-51.0
25-29,Feminino,Parda,Sudeste,Graduação/Bacharelado,Empreendedor ou Empregado (CNPJ),Eng. Machine Learning,Pleno,de R$ 4.001/mês a R$ 6.000/mês,de 1 a 2 anos,de 3 a 4 anos,False,5000,-20.0,-44.0
25-29,Masculino,Branca,Sul,Mestrado,Empregado (CLT),Cientista de Dados,Pleno,de R$ 8.001/mês a R$ 12.000/mês,de 3 a 4 anos,Não tive experiência na área de TI/Engenharia de Software antes de começar a trabalhar na área de dados,True,10000,-27.0,-51.0
25-29,Masculino,Branca,Sudeste,Graduação/Bacharelado,Empregado (CLT),Analytics Engineer,Pleno,de R$ 6.001/mês a R$ 8.000/mês,de 3 a 4 anos,Não tive experiência na área de TI/Engenharia de Software antes de começar a trabalhar na área de dados,True,7000,-20.0,-44.0
25-29,Feminino,Branca,Sudeste,Graduação/Bacharelado,Empregado (CLT),Outro,Pleno,de R$ 30.001/mês a R$ 40.000/mês,Não tenho experiência na área de dados,Não tive experiência na área de TI/Engenharia de Software antes de começar a trabalhar na área de dados,True,35000,-20.0,-44.0
25-29,Masculino,Branca,Sudeste,Doutorado ou Phd,Empregado (CLT),Cientista de Dados,Sênior,de R$ 12.001/mês a R$ 16.000/mês,de 3 a 4 anos,de 1 a 2 anos,True,14000,-20.0,-44.0
25-29,Masculino,Parda,Nordeste,Graduação/Bacharelado,Empregado (CLT),Analista de BI,Pleno,de R$ 6.001/mês a R$ 8.000/mês,de 1 a 2 anos,Não tive experiência na área de TI/Engenharia de Software antes de começar a trabalhar na área de dados,True,7000,-8.0,-38.0
25-29,Masculino,Branca,,Doutorado ou Phd,Empregado (CLT),Engenheiro de Dados,Sênior,de R$ 30.001/mês a R$ 40.000/mês,de 5 a 6 anos,de 1 a 2 anos,False,35000,,
25-29,Feminino,Parda,Sudeste,Graduação/Bacharelado,Empregado (CLT),Analista de Negócios,Pleno,de R$ 4.001/mês a R$ 6.000/mês,de 3 a 4 anos,Não tive experiência na área de TI/Engenharia de Software antes de começar a trabalhar na área de dados,False,5000,-20.0,-44.0
25-29,Masculino,Branca,Sul,Mestrado,Empreendedor ou Empregado (CNPJ),Engenheiro de Dados,Sênior,de R$ 12.001/mês a R$ 16.000/mês,de 3 a 4 anos,Não tive experiência na área de TI/Engenharia de Software antes de começar a trabalhar na área de dados,False,14000,-27.0,-51.0
25-29,Masculino,Parda,Sudeste,Graduação/Bacharelado,Empregado (CLT),Analytics Engineer,Pleno,de R$ 6.001/mês a R$ 8.000/mês,de 3 a 4 anos,Não tive experiência na área de TI/Engenharia de Software antes de começar a trabalhar na área de dados,True,7000,-20.0,-44.0
25-29,Masculino,Parda,Sudeste,Estudante de Graduação,Empregado (CLT),Outro,Júnior,de R$ 2.001/mês a R$ 3.000/mês,Não tenho experiência na área de dados,Não tive experiência na área de TI/Engenharia de Software antes de começar a trabalhar na área de dados,False,2500,-20.0,-44.0
25-29,Masculino,Preta,Sul,Graduação/Bacharelado,Empregado (CLT),Engenheiro de Dados,Sênior,de R$ 8.001/mês a R$ 12.000/mês,de 7 a 10 anos,Não tive experiência na área de TI/Engenharia de Software antes de começar a trabalhar na área de dados,False,10000,-27.0,-51.0
25-29,Masculino,Branca,Sudeste,Pós-graduação,Empregado (CLT),Cientista de Dados,Sênior,de R$ 12.001/mês a R$ 16.000/mês,de 5 a 6 anos,Não tive experiência na área de TI/Engenharia de Software antes de começar a trabalhar na área de dados,True,14000,-20.0,-44.0
25-29,Masculino,Parda,Centro-oeste,Graduação/Bacharelado,Empregado (CLT),Engenheiro de Dados,Pleno,de R$ 4.001/mês a R$ 6.000/mês,de 1 a 2 anos,de 1 a 2 anos,True,5000,-15.0,-52.0
25-29,Masculino,Branca,Sudeste,Pós-graduação,Empregado (CLT),Cientista de Dados,Pleno,de R$ 8.001/mês a R$ 12.000/mês,de 3 a 4 anos,Não tive experiência na área de TI/Engenharia de Software antes de começar a trabalhar na área de dados,False,10000,-20.0,-44.0
25-29,Masculino,Branca,Sudeste,Graduação/Bacharelado,Empregado (CLT),Cientista de Dados,Sênior,de R$ 8.001/mês a R$ 12.000/mês,de 3 a 4 anos,Não tive experiência na área de TI/Engenharia de Software antes de começar a trabalhar na área de dados,True,10000,-20.0,-44.0
25-29,Feminino,Branca,Nordeste,Graduação/Bacharelado,Empregado (CLT),Analista de Negócios,Júnior,de R$ 4.001/mês a R$ 6.000/mês,Menos de 1 ano,de 1 a 2 anos,True,5000,-8.0,-38.0
25-29,Masculino,Parda,Sudeste,Estudante de Graduação,Empregado (CLT),Analista de Suporte,Júnior,de R$ 2.001/mês a R$ 3.000/mês,Menos de 1 ano,de 1 a 2 anos,False,2500,-20.0,-44.0
25-29,Masculino,Branca,Sudeste,Pós-graduação,Empregado (CLT),Analista de Dados,Pleno,de R$ 6.001/mês a R$ 8.000/mês,de 3 a 4 anos,de 3 a 4 anos,False,7000,-20.0,-44.0
30-34,Masculino,Preta,Sudeste,Estudante de Graduação,Empregado (CLT),Engenheiro de Dados,Júnior,de R$ 2.001/mês a R$ 3.000/mês,de 1 a 2 anos,de 1 a 2 anos,False,2500,-20.0,-44.0
30-34,Masculino,Parda,Sudeste,Graduação/Bacharelado,Empreendedor ou Empregado (CNPJ),Engenheiro de Dados,Júnior,de R$ 4.001/mês a R$ 6.000/mês,de 3 a 4 anos,Menos de 1 ano,False,5000,-20.0,-44.0
30-34,Masculino,Branca,Sudeste,Mestrado,Empregado (CLT),Analista de Dados,Pleno,de R$ 8.001/mês a R$ 12.000/mês,de 3 a 4 anos,de 3 a 4 anos,True,10000,-20.0,-44.0
30-34,Feminino,Branca,Sudeste,Mestrado,Empregado (CLT),Cientista de Dados,Pleno,de R$ 6.001/mês a R$ 8.000/mês,de 3 a 4 anos,Não tive experiência na área de TI/Engenharia de Software antes de começar a trabalhar na área de dados,True,7000,-20.0,-44.0
30-34,Masculino,Branca,Sudeste,Mestrado,Empregado (CLT),Cientista de Dados,Sênior,de R$ 12.001/mês a R$ 16.000/mês,de 5 a 6 anos,Menos de 1 ano,False,14000,-20.0,-44.0
30-34,Masculino,Branca,Sudeste,Mestrado,Empregado (CLT),Cientista de Dados,Pleno,de R$ 8.001/mês a R$ 12.000/mês,de 5 a 6 anos,Não tive experiência na área de TI/Engenharia de Software antes de começar a trabalhar na área de dados,True,10000,-20.0,-44.0
30-34,Feminino,Branca,Sudeste,Pós-graduação,Empregado (CLT),Cientista de Dados,Sênior,de R$ 8.001/mês a R$ 12.000/mês,de 5 a 6 anos,Não tive experiência na área de TI/Engenharia de Software antes de começar a trabalhar na área de dados,False,10000,-20.0,-44.0
30-34,Masculino,Branca,Sudeste,Mestrado,Vivo no Brasil e trabalho remoto para empresa de fora do Brasil,Analytics Engineer,Sênior,de R$ 20.001/mês a R$ 25.000/mês,de 7 a 10 anos,Não tive experiência na área de TI/Engenharia de Software antes de começar a trabalhar na área de dados,True,22500,-20.0,-44.0
30-34,Masculino,Parda,Sul,Não tenho graduação formal,Vivo no Brasil e trabalho remoto para empresa de fora do Brasil,Analista de Dados,Sênior,de R$ 16.001/mês a R$ 20.000/mês,de 1 a 2 anos,Não tive experiência na área de TI/Engenharia de Software antes de começar a trabalhar na área de dados,True,18000,-27.0,-51.0
30-34,Masculino,Branca,Sudeste,Graduação/Bacharelado,Empreendedor ou Empregado (CNPJ),Analista de Dados,Sênior,de R$ 20.001/mês a R$ 25.000/mês,de 3 a 4 anos,de 1 a 2 anos,True,22500,-20.0,-44.0
30-34,Masculino,Parda,Sudeste,Graduação/Bacharelado,Empregado (CLT),Engenheiro de Dados,Sênior,de R$ 8.001/mês a R$ 12.000/mês,de 7 a 10 anos,Não tive experiência na área de TI/Engenharia de Software antes de começar a trabalhar na área de dados,True,10000,-20.0,-44.0
30-34,Feminino,Parda,Sudeste,Pós-graduação,Empregado (CLT),Analista de Dados,Sênior,de R$ 8.001/mês a R$ 12.000/mês,de 5 a 6 anos,Não tive experiência na área de TI/Engenharia de Software antes de começar a trabalhar na área de dados,False,10000,-20.0,-44.0
30-34,Masculino,Branca,Sul,Pós-graduação,Empregado (CLT),Cientista de Dados,Pleno,de R$ 6.001/mês a R$ 8.000/mês,de 3 a 4 anos,Não tive experiência na área de TI/Engenharia de Software antes de começar a trabalhar na área de dados,True,7000,-27.0,-51.0
30-34,Masculino,Branca,,Graduação/Bacharelado,Empregado (CLT),Product Manager,Sênior,de R$ 30.001/mês a R$ 40.000/mês,de 5 a 6 anos,de 1 a 2 anos,True,35000,,
30-34,Masculino,Branca,Sudeste,Graduação/Bacharelado,Empregado (CLT),Analytics Engineer,Júnior,de R$ 4.001/mês a R$ 6.000/mês,de 1 a 2 anos,Não tive experiência na área de TI/Engenharia de Software antes de começar a trabalhar na área de dados,True,5000,-20.0,-44.0
30-34,Masculino,Parda,Nordeste,Mestrado,Empreendedor ou Empregado (CNPJ),Engenheiro de Dados,Pleno,de R$ 8.001/mês a R$ 12.000/mês,de 3 a 4 anos,Não tive experiência na área de TI/Engenharia de Software antes de começar a trabalhar na área de dados,False,10000,-8.0,-38.0
30-34,Masculino,Branca,Sudeste,Graduação/Bacharelado,Empregado (CLT),Cientista de Dados,Sênior,de R$ 20.001/mês a R$ 25.000/mês,de 5 a 6 anos,Não tive experiência na área de TI/Engenharia de Software antes de começar a trabalhar na área de dados,False,22500,-20.0,-44.0
30-34,Feminino,Branca,Sudeste,Graduação/Bacharelado,Empregado (CLT),Cientista de Dados,Pleno,de R$ 8.001/mês a R$ 12.000/mês,de 3 a 4 anos,Menos de 1 ano,False,10000,-20.0,-44.0
30-34,Masculino,Preta,Sudeste,Mestrado,Empregado (CLT),Engenheiro de Dados,Sênior,de R$ 8.001/mês a R$ 12.000/mês,de 3 a 4 anos,Não tive experiência na área de TI/Engenharia de Software antes de começar a trabalhar na área de dados,True,10000,-20.0,-44.0
30-34,Masculino,Branca,Sudeste,Graduação/Bacharelado,Empregado (CLT),Outro,Sênior,de R$ 8.001/mês a R$ 12.000/mês,de 3 a 4 anos,Não tive experiência na área de TI/Engenharia de Software antes de começar a trabalhar na área de dados,True,10000,-20.0,-44.0
30-34,Masculino,Parda,Sudeste,Graduação/Bacharelado,Empregado (CLT),Engenheiro de Dados,Pleno,de R$ 8.001/mês a R$ 12.000/mês,de 3 a 4 anos,Não tive experiência na área de TI/Engenharia de Software antes de começar a trabalhar na área de dados,True,10000,-20.0,-44.0
30-34,Masculino,Parda,Sudeste,Pós-graduação,Empregado (CLT),Cientista de Dados,Sênior,de R$ 8.001/mês a R$ 12.000/mês,de 3 a 4 anos,Não tive experiência na área de TI/Engenharia de Software antes de começar a trabalhar na área de dados,True,10000,-20.0,-44.0
30-34,Feminino,Branca,Sudeste,Pós-graduação,Empregado (CLT),Analista de Dados,Pleno,de R$ 6.001/mês a R$ 8.000/mês,de 1 a 2 anos,Não tive experiência na área de TI/Engenharia de Software antes de começar a trabalhar na área de dados,True,7000,-20.0,-44.0
30-34,Feminino,Branca,,Graduação/Bacharelado,Vivo fora do Brasil e trabalho para empresa de fora do Brasil,Analista de Dados,Sênior,de R$ 12.001/mês a R$ 16.000/mês,de 7 a 10 anos,de 1 a 2 anos,False,14000,,
30-34,Masculino,Branca,Nordeste,Pós-graduação,Empregado (CLT),Cientista de Dados,Pleno,de R$ 6.001/mês a R$ 8.000/mês,de 3 a 4 anos,Não tive experiência na área de TI/Engenharia de Software antes de começar a trabalhar na área de dados,True,7000,-8.0,-38.0
30-34,Masculino,Branca,Sul,Pós-graduação,Empregado (CLT),Analista de BI,Pleno,de R$ 4.001/mês a R$ 6.000/mês,de 1 a 2 anos,Não tive experiência na área de TI/Engenharia de Software antes de começar a trabalhar na área de dados,False,5000,-27.0,-51.0
30-34,Masculino,Amarela,Sul,Mestrado,Empregado (CLT),Analista de Dados,Sênior,de R$ 12.001/mês a R$ 16.000/mês,de 5 a 6 anos,de 1 a 2 anos,True,14000,-27.0,-51.0
30-34,Feminino,Branca,Centro-oeste,Pós-graduação,Servidor Público,Outro,Pleno,de R$ 4.001/mês a R$ 6.000/mês,Não tenho experiência na área de dados,Mais de 10 anos,False,5000,-15.0,-52.0
30-34,Masculino,Branca,Sudeste,Pós-graduação,Empregado (CLT),Analista de Dados,Sênior,de R$ 8.001/mês a R$ 12.000/mês,de 3 a 4 anos,Não tive experiência na área de TI/Engenharia de Software antes de começar a trabalhar na área de dados,False,10000,-20.0,-44.0
30-34,Masculino,Parda,Sudeste,Estudante de Graduação,Empregado (CLT),Analista de BI,Pleno,de R$ 4.001/mês a R$ 6.000/mês,de 1 a 2 anos,Não tive experiência na área de TI/Engenharia de Software antes de começar a trabalhar na área de dados,False,5000,-20.0,-44.0
30-34,Masculino,Branca,,Pós-graduação,Vivo fora do Brasil e trabalho para empresa de fora do Brasil,Analytics Engineer,Sênior,de R$ 25.001/mês a R$ 30.000/mês,de 5 a 6 anos,Menos de 1 ano,True,27500,,
30-34,Masculino,Parda,Sudeste,Graduação/Bacharelado,Empregado (CLT),Product Manager,Pleno,de R$ 6.001/mês a R$ 8.000/mês,de 1 a 2 anos,Não tive experiência na área de TI/Engenharia de Software antes de começar a trabalhar na área de dados,True,7000,-20.0,-44.0
30-34,Masculino,Parda,Sudeste,Mestrado,Empregado (CLT),Cientista de Dados,Sênior,de R$ 16.001/mês a R$ 20.000/mês,de 7 a 10 anos,de 3 a 4 anos,True,18000,-20.0,-44.0
30-34,Masculino,Branca,Sudeste,Pós-graduação,Empregado (CLT),Analista de Dados,Pleno,de R$ 6.001/mês a R$ 8.000/mês,de 1 a 2 anos,Não tive experiência na área de TI/Engenharia de Software antes de começar a trabalhar na área de dados,True,7000,-20.0,-44.0
30-34,Feminino,Branca,Sudeste,Pós-graduação,Empregado (CLT),Analista de Dados,Sênior,de R$ 12.001/mês a R$ 16.000/mês,de 7 a 10 anos,Não tive experiência na área de TI/Engenharia de Software antes de começar a trabalhar na área de dados,True,14000,-20.0,-44.0
30-34,Feminino,Branca,Sudeste,Pós-graduação,Empregado (CLT),Analista de Dados,Sênior,de R$ 8.001/mês a R$ 12.000/mês,de 7 a 10 anos,Não tive experiência na área de TI/Engenharia de Software antes de começar a trabalhar na área de dados,True,10000,-20.0,-44.0
30-34,Feminino,Branca,Sul,Graduação/Bacharelado,Empregado (CLT),Analista de Negócios,Sênior,de R$ 8.001/mês a R$ 12.000/mês,de 3 a 4 anos,Não tive experiência na área de TI/Engenharia de Software antes de começar a trabalhar na área de dados,True,10000,-27.0,-51.0
30-34,Masculino,Parda,Sudeste,Graduação/Bacharelado,Empregado (CLT),Analista de Suporte,Pleno,de R$ 1.001/mês a R$ 2.000/mês,de 1 a 2 anos,Não tive experiência na área de TI/Engenharia de Software antes de começar a trabalhar na área de dados,False,1500,-20.0,-44.0
30-34,Feminino,Parda,Sul,Mestrado,Empregado (CLT),Analista de Dados,Pleno,de R$ 6.001/mês a R$ 8.000/mês,de 5 a 6 anos,Não tive experiência na área de TI/Engenharia de Software antes de começar a trabalhar na área de dados,False,7000,-27.0,-51.0
30-34,Masculino,Branca,Nordeste,Pós-graduação,Empregado (CLT),Analista de Dados,Sênior,de R$ 8.001/mês a R$ 12.000/mês,de 5 a 6 anos,Não tive experiência na área de TI/Engenharia de Software antes de começar a trabalhar na área de dados,True,10000,-8.0,-38.0
30-34,Feminino,Branca,Sudeste,Graduação/Bacharelado,Empregado (CLT),Outro,Pleno,de R$ 8.001/mês a R$ 12.000/mês,Não tenho experiência na área de dados,de 3 a 4 anos,True,10000,-20.0,-44.0
30-34,Masculino,Parda,Sudeste,Pós-graduação,Empregado (CLT),Analista de BI,Sênior,de R$ 8.001/mês a R$ 12.000/mês,de 3 a 4 anos,Não tive experiência na área de TI/Engenharia de Software antes de começar a trabalhar na área de dados,True,10000,-20.0,-44.0
30-34,Masculino,Branca,Sudeste,Graduação/Bacharelado,Empregado (CLT),Engenheiro de Dados,Pleno,de R$ 12.001/mês a R$ 16.000/mês,de 7 a 10 anos,de 3 a 4 anos,True,14000,-20.0,-44.0
30-34,Masculino,Branca,Sul,Pós-graduação,Empregado (CLT),Cientista de Dados,Sênior,de R$ 16.001/mês a R$ 20.000/mês,de 7 a 10 anos,de 1 a 2 anos,True,18000,-27.0,-51.0
30-34,Masculino,Parda,Sudeste,Pós-graduação,Empregado (CLT),Analista de Dados,Sênior,de R$ 12.001/mês a R$ 16.000/mês,de 3 a 4 anos,Não tive experiência na área de TI/Engenharia de Software antes de começar a trabalhar na área de dados,True,14000,-20.0,-44.0
30-34,Masculino,Parda,Sudeste,Graduação/Bacharelado,Empregado (CLT),Analista de Negócios,Pleno,de R$ 6.001/mês a R$ 8.000/mês,de 3 a 4 anos,Não tive experiência na área de TI/Engenharia de Software antes de começar a trabalhar na área de dados,False,7000,-20.0,-44.0
30-34,Masculino,Parda,Nordeste,Estudante de Graduação,Empregado (CLT),Analista de Dados,Júnior,de R$ 2.001/mês a R$ 3.000/mês,Menos de 1 ano,Menos de 1 ano,True,2500,-8.0,-38.0
30-34,Masculino,Branca,Sudeste,Mestrado,Empregado (CLT),Product Manager,Sênior,de R$ 16.001/mês a R$ 20.000/mês,de 5 a 6 anos,de 3 a 4 anos,True,18000,-20.0,-44.0
30-34,Masculino,Branca,Sul,Pós-graduação,Empregado (CLT),Engenheiro de Dados,Sênior,de R$ 8.001/mês a R$ 12.000/mês,de 3 a 4 anos,de 1 a 2 anos,True,10000,-27.0,-51.0
30-34,Masculino,Branca,Sudeste,Pós-graduação,Empregado (CLT),Professor/Pesquisador,Pleno,de R$ 6.001/mês a R$ 8.000/mês,de 5 a 6 anos,de 1 a 2 anos,False,7000,-20.0,-44.0
30-34,Feminino,Parda,Nordeste,Graduação/Bacharelado,Empregado (CLT),Engenheiro de Dados,Pleno,de R$ 6.001/mês a R$ 8.000/mês,de 1 a 2 anos,Menos de 1 ano,True,7000,-8.0,-38.0
30-34,Masculino,Branca,Sudeste,Graduação/Bacharelado,Empregado (CLT),Analista de Dados,Júnior,de R$ 4.001/mês a R$ 6.000/mês,de 1 a 2 anos,Não tive experiência na área de TI/Engenharia de Software antes de começar a trabalhar na área de dados,False,5000,-20.0,-44.0
30-34,Feminino,Parda,Sul,Mestrado,Empregado (CLT),Cientista de Dados,Pleno,de R$ 8.001/mês a R$ 12.000/mês,de 3 a 4 anos,de 1 a 2 anos,True,10000,-27.0,-51.0
30-34,Masculino,Branca,Sudeste,Mestrado,Empreendedor ou Empregado (CNPJ),Eng. Machine Learning,Sênior,de R$ 25.001/mês a R$ 30.000/mês,de 7 a 10 anos,Não tive experiência na área de TI/Engenharia de Software antes de começar a trabalhar na área de dados,True,27500,-20.0,-44.0
30-34,Masculino,Branca,Sul,Doutorado ou Phd,Empregado (CLT),Cientista de Dados,Sênior,de R$ 16.001/mês a R$ 20.000/mês,de 5 a 6 anos,Mais de 10 anos,True,18000,-27.0,-51.0
30-34,Masculino,Branca,Sudeste,Graduação/Bacharelado,Empregado (CLT),Outro,Pleno,de R$ 4.001/mês a R$ 6.000/mês,de 3 a 4 anos,Não tive experiência na área de TI/Engenharia de Software antes de começar a trabalhar na área de dados,False,5000,-20.0,-44.0
30-34,Masculino,Parda,Sudeste,Pós-graduação,Empregado (CLT),Engenheiro de Dados,Sênior,de R$ 8.001/mês a R$ 12.000/mês,de 7 a 10 anos,de 3 a 4 anos,True,10000,-20.0,-44.0
30-34,Masculino,Preta,Sul,Graduação/Bacharelado,Empregado (CLT),Analista de Suporte,Sênior,de R$ 6.001/mês a R$ 8.000/mês,Não tenho experiência na área de dados,Menos de 1 ano,False,7000,-27.0,-51.0
30-34,Masculino,Branca,Sul,Graduação/Bacharelado,Empregado (CLT),Cientista de Dados,Sênior,de R$ 8.001/mês a R$ 12.000/mês,de 5 a 6 anos,Não tive experiência na área de TI/Engenharia de Software antes de começar a trabalhar na área de dados,False,10000,-27.0,-51.0
30-34,Feminino,Branca,Sul,Pós-graduação,Empregado (CLT),Engenheiro de Dados,Pleno,de R$ 4.001/mês a R$ 6.000/mês,de 1 a 2 anos,Não tive experiência na área de TI/Engenharia de Software antes de começar a trabalhar na área de dados,True,5000,-27.0,-51.0
30-34,Masculino,Amarela,Sul,Pós-graduação,Empregado (CLT),Analista de Dados,Júnior,de R$ 2.001/mês a R$ 3.000/mês,Menos de 1 ano,de 5 a 6 anos,True,2500,-27.0,-51.0
30-34,Masculino,Parda,Nordeste,Pós-graduação,Empregado (CLT),Engenheiro de Dados,Pleno,de R$ 4.001/mês a R$ 6.000/mês,de 3 a 4 anos,Menos de 1 ano,True,5000,-8.0,-38.0
30-34,Masculino,Branca,Nordeste,Graduação/Bacharelado,Empregado (CLT),Analytics Engineer,Júnior,de R$ 2.001/mês a R$ 3.000/mês,de 1 a 2 anos,Não tive experiência na área de TI/Engenharia de Software antes de começar a trabalhar na área de dados,False,2500,-8.0,-38.0
30-34,Feminino,Branca,Sul,Pós-graduação,Empregado (CLT),Analista de Dados,Júnior,de R$ 4.001/mês a R$ 6.000/mês,de 3 a 4 anos,Não tive experiência na área de TI/Engenharia de Software antes de começar a trabalhar na área de dados,False,5000,-27.0,-51.0
30-34,Masculino,Parda,Sudeste,Graduação/Bacharelado,Empregado (CLT),Analista de Dados,Júnior,de R$ 4.001/mês a R$ 6.000/mês,de 1 a 2 anos,Não tive experiência na área de TI/Engenharia de Software antes de começar a trabalhar na área de dados,True,5000,-20.0,-44.0
30-34,Masculino,Branca,Sul,Pós-graduação,Empregado (CLT),Analista de Dados,Sênior,de R$ 6.001/mês a R$ 8.000/mês,de 3 a 4 anos,Não tive experiência na área de TI/Engenharia de Software antes de começar a trabalhar na área de dados,False,7000,-27.0,-51.0
30-34,Masculino,Branca,Sul,Pós-graduação,Empregado (CLT),Analista de Dados,Júnior,de R$ 3.001/mês a R$ 4.000/mês,Menos de 1 ano,Não tive experiência na área de TI/Engenharia de Software antes de começar a trabalhar na área de dados,True,3500,-27.0,-51.0
30-34,Masculino,Branca,Sudeste,Pós-graduação,Empreendedor ou Empregado (CNPJ),Desenvolvedor,Pleno,de R$ 8.001/mês a R$ 12.000/mês,de 3 a 4 anos,de 7 a 10 anos,True,10000,-20.0,-44.0
30-34,Masculino,Parda,Nordeste,Graduação/Bacharelado,Empregado (CLT),Analista de BI,Sênior,de R$ 4.001/mês a R$ 6.000/mês,de 7 a 10 anos,Não tive experiência na área de TI/Engenharia de Software antes de começar a trabalhar na área de dados,True,5000,-8.0,-38.0
30-34,Masculino,Branca,Sudeste,Graduação/Bacharelado,Empreendedor ou Empregado (CNPJ),Analytics Engineer,Júnior,de R$ 3.001/mês a R$ 4.000/mês,de 1 a 2 anos,Não tive experiência na área de TI/Engenharia de Software antes de começar a trabalhar na área de dados,False,3500,-20.0,-44.0
30-34,Masculino,Preta,Nordeste,Estudante de Graduação,Empregado (CLT),Analista de BI,Pleno,de R$ 3.001/mês a R$ 4.000/mês,de 1 a 2 anos,Menos de 1 ano,True,3500,-8.0,-38.0
30-34,Masculino,Branca,Centro-oeste,Pós-graduação,Empregado (CLT),Analista de Dados,Sênior,de R$ 8.001/mês a R$ 12.000/mês,de 7 a 10 anos,Não tive experiência na área de TI/Engenharia de Software antes de começar a trabalhar na área de dados,True,10000,-15.0,-52.0
30-34,Masculino,Branca,Sul,Estudante de Graduação,Empregado (CLT),Outro,Pleno,de R$ 2.001/mês a R$ 3.000/mês,de 1 a 2 anos,de 3 a 4 anos,False,2500,-27.0,-51.0
30-34,Feminino,Branca,Sudeste,Pós-graduação,Empregado (CLT),Analista de BI,Sênior,de R$ 6.001/mês a R$ 8.000/mês,de 7 a 10 anos,de 3 a 4 anos,True,7000,-20.0,-44.0
30-34,Masculino,Branca,Sul,Pós-graduação,Empregado (CLT),Analista de Dados,Pleno,de R$ 4.001/mês a R$ 6.000/mês,Mais de 10 anos,Não tive experiência na área de TI/Engenharia de Software antes de começar a trabalhar na área de dados,True,5000,-27.0,-51.0
30-34,Feminino,Branca,Sudeste,Estudante de Graduação,Empregado (CLT),Outro,Pleno,de R$ 8.001/mês a R$ 12.000/mês,Não tenho experiência na área de dados,Não tive experiência na área de TI/Engenharia de Software antes de começar a trabalhar na área de dados,False,10000,-20.0,-44.0
30-34,Feminino,Parda,Sudeste,Mestrado,Empregado (CLT),Cientista de Dados,Sênior,de R$ 12.001/mês a R$ 16.000/mês,de 7 a 10 anos,Não tive experiência na área de TI/Engenharia de Software antes de começar a trabalhar na área de dados,False,14000,-20.0,-44.0
30-34,Masculino,Branca,Sudeste,Graduação/Bacharelado,Empregado (CLT),Cientista de Dados,Pleno,de R$ 6.001/mês a R$ 8.000/mês,de 3 a 4 anos,Menos de 1 ano,False,7000,-20.0,-44.0
30-34,Masculino,Parda,Sudeste,Pós-graduação,Empregado (CLT),Desenvolvedor,Sênior,de R$ 6.001/mês a R$ 8.000/mês,Menos de 1 ano,de 7 a 10 anos,True,7000,-20.0,-44.0
30-34,Masculino,Branca,Sudeste,Pós-graduação,Empregado (CLT),Analista de Dados,Sênior,de R$ 6.001/mês a R$ 8.000/mês,de 3 a 4 anos,Não tive experiência na área de TI/Engenharia de Software antes de começar a trabalhar na área de dados,True,7000,-20.0,-44.0
30-34,Masculino,Branca,Sudeste,Graduação/Bacharelado,Empreendedor ou Empregado (CNPJ),Engenheiro de Dados,Pleno,de R$ 6.001/mês a R$ 8.000/mês,de 1 a 2 anos,Não tive experiência na área de TI/Engenharia de Software antes de começar a trabalhar na área de dados,True,7000,-20.0,-44.0
30-34,Feminino,Branca,Sudeste,Graduação/Bacharelado,Empregado (CLT),Analista de Dados,Júnior,de R$ 4.001/mês a R$ 6.000/mês,Menos de 1 ano,Não tive experiência na área de TI/Engenharia de Software antes de começar a trabalhar na área de dados,True,5000,-20.0,-44.0
30-34,Masculino,Parda,Sudeste,Pós-graduação,Empregado (CLT),Analytics Engineer,Sênior,de R$ 12.001/mês a R$ 16.000/mês,Mais de 10 anos,de 1 a 2 anos,True,14000,-20.0,-44.0
30-34,Masculino,Parda,Centro-oeste,Pós-graduação,Empregado (CLT),Eng. Machine Learning,Pleno,de R$ 6.001/mês a R$ 8.000/mês,de 1 a 2 anos,de 3 a 4 anos,False,7000,-15.0,-52.0
30-34,Masculino,Branca,Sudeste,Graduação/Bacharelado,Empregado (CLT),Engenheiro de Dados,Pleno,de R$ 8.001/mês a R$ 12.000/mês,de 3 a 4 anos,Não tive experiência na área de TI/Engenharia de Software antes de começar a trabalhar na área de dados,False,10000,-20.0,-44.0
30-34,Masculino,Branca,Sudeste,Mestrado,Empregado (CLT),Cientista de Dados,Júnior,de R$ 4.001/mês a R$ 6.000/mês,Menos de 1 ano,Não tive experiência na área de TI/Engenharia de Software antes de começar a trabalhar na área de dados,False,5000,-20.0,-44.0
30-34,Masculino,Preta,Sudeste,Pós-graduação,Empregado (CLT),Analista de Negócios,Sênior,de R$ 8.001/mês a R$ 12.000/mês,de 3 a 4 anos,Não tive experiência na área de TI/Engenharia de Software antes de começar a trabalhar na área de dados,True,10000,-20.0,-44.0
30-34,Masculino,Branca,Sudeste,Mestrado,Empregado (CLT),Analista de Dados,Sênior,de R$ 8.001/mês a R$ 12.000/mês,de 3 a 4 anos,Não tive experiência na área de TI/Engenharia de Software antes de começar a trabalhar na área de dados,True,10000,-20.0,-44.0
30-34,Masculino,Branca,Sudeste,Pós-graduação,Empregado (CLT),Analista de Dados,Sênior,de R$ 12.001/mês a R$ 16.000/mês,de 1 a 2 anos,de 1 a 2 anos,True,14000,-20.0,-44.0
30-34,Masculino,Parda,Sudeste,Graduação/Bacharelado,Empregado (CLT),Analista de Negócios,Sênior,de R$ 8.001/mês a R$ 12.000/mês,de 7 a 10 anos,de 7 a 10 anos,True,10000,-20.0,-44.0
30-34,Masculino,Branca,Sudeste,Pós-graduação,Empregado (CLT),Engenheiro de Dados,Sênior,de R$ 8.001/mês a R$ 12.000/mês,Mais de 10 anos,de 5 a 6 anos,True,10000,-20.0,-44.0
30-34,Masculino,Branca,Sul,Pós-graduação,Vivo no Brasil e trabalho remoto para empresa de fora do Brasil,Engenheiro de Dados,Sênior,Acima de R$ 40.001/mês,de 7 a 10 anos,Não tive experiência na área de TI/Engenharia de Software antes de começar a trabalhar na área de dados,True,45000,-27.0,-51.0
30-34,Masculino,Branca,Sudeste,Graduação/Bacharelado,Empregado (CLT),Analista de Dados,Sênior,de R$ 8.001/mês a R$ 12.000/mês,de 3 a 4 anos,Não tive experiência na área de TI/Engenharia de Software antes de começar a trabalhar na área de dados,False,10000,-20.0,-44.0
30-34,Masculino,Preta,Sudeste,Pós-graduação,Empregado (CLT),Analista de Dados,Pleno,de R$ 8.001/mês a R$ 12.000/mês,de 3 a 4 anos,de 3 a 4 anos,True,10000,-20.0,-44.0
30-34,Masculino,Prefiro não informar,Norte,Graduação/Bacharelado,Empregado (CLT),Cientista de Dados,Sênior,de R$ 12.001/mês a R$ 16.000/mês,de 5 a 6 anos,de 1 a 2 anos,True,14000,-5.0,-60.0
30-34,Feminino,Parda,Nordeste,Doutorado ou Phd,Estagiário,Analista de Dados,Júnior,de R$ 2.001/mês a R$ 3.000/mês,Menos de 1 ano,Não tive experiência na área de TI/Engenharia de Software antes de começar a trabalhar na área de dados,True,2500,-8.0,-38.0
30-34,Masculino,Branca,Sudeste,Graduação/Bacharelado,Empregado (CLT),Analista de BI,Sênior,de R$ 4.001/mês a R$ 6.000/mês,de 5 a 6 anos,Não tive experiência na área de TI/Engenharia de Software antes de começar a trabalhar na área de dados,True,5000,-20.0,-44.0
30-34,Masculino,Branca,Sudeste,Mestrado,Empregado (CLT),Cientista de Dados,Sênior,de R$ 16.001/mês a R$ 20.000/mês,de 5 a 6 anos,de 3 a 4 anos,True,18000,-20.0,-44.0
30-34,Masculino,Parda,Nordeste,Graduação/Bacharelado,Empregado (CLT),Analista de Dados,Júnior,de R$ 6.001/mês a R$ 8.000/mês,de 1 a 2 anos,Não tive experiência na área de TI/Engenharia de Software antes de começar a trabalhar na área de dados,True,7000,-8.0,-38.0
30-34,Masculino,Branca,Sudeste,Graduação/Bacharelado,Empregado (CLT),Desenvolvedor,Pleno,de R$ 8.001/mês a R$ 12.000/mês,Menos de 1 ano,de 3 a 4 anos,True,10000,-20.0,-44.0
30-34,Feminino,Parda,Sudeste,Pós-graduação,Empregado (CLT),Analista de Dados,Pleno,de R$ 6.001/mês a R$ 8.000/mês,de 3 a 4 anos,Não tive experiência na área de TI/Engenharia de Software antes de começar a trabalhar na área de dados,True,7000,-20.0,-44.0
30-34,Masculino,Parda,Sudeste,Graduação/Bacharelado,Empregado (CLT),Outro,Sênior,de R$ 3.001/mês a R$ 4.000/mês,Não tenho experiência na área de dados,Não tive experiência na área de TI/Engenharia de Software antes de começar a trabalhar na área de dados,False,3500,-20.0,-44.0
30-34,Feminino,Branca,Sudeste,Graduação/Bacharelado,Empregado (CLT),Analista de Negócios,Pleno,de R$ 4.001/mês a R$ 6.000/mês,de 5 a 6 anos,Não tive experiência na área de TI/Engenharia de Software antes de começar a trabalhar na área de dados,True,5000,-20.0,-44.0
30-34,Masculino,Branca,Sudeste,Graduação/Bacharelado,Empregado (CLT),Analista de Negócios,Pleno,de R$ 8.001/mês a R$ 12.000/mês,Menos de 1 ano,Não tive experiência na área de TI/Engenharia de Software antes de começar a trabalhar na área de dados,True,10000,-20.0,-44.0
30-34,Masculino,Branca,Sudeste,Mestrado,Empreendedor ou Empregado (CNPJ),Analista de Dados,Pleno,de R$ 8.001/mês a R$ 12.000/mês,de 3 a 4 anos,Menos de 1 ano,True,10000,-20.0,-44.0
30-34,Masculino,Branca,Sudeste,Graduação/Bacharelado,Vivo no Brasil e trabalho remoto para empresa de fora do Brasil,Engenheiro de Dados,Sênior,de R$ 16.001/mês a R$ 20.000/mês,de 5 a 6 anos,de 3 a 4 anos,True,18000,-20.0,-44.0
30-34,Feminino,Preta,Nordeste,Graduação/Bacharelado,Empregado (CLT),Engenheiro de Dados,Júnior,de R$ 4.001/mês a R$ 6.000/mês,de 1 a 2 anos,Não tive experiência na área de TI/Engenharia de Software antes de começar a trabalhar na área de dados,True,5000,-8.0,-38.0
30-34,Masculino,Branca,Sudeste,Graduação/Bacharelado,Empregado (CLT),Analytics Engineer,Pleno,de R$ 6.001/mês a R$ 8.000/mês,de 1 a 2 anos,de 3 a 4 anos,True,7000,-20.0,-44.0
30-34,Masculino,Branca,Sudeste,Mestrado,Empreendedor ou Empregado (CNPJ),Cientista de Dados,Júnior,de R$ 8.001/mês a R$ 12.000/mês,de 1 a 2 anos,Não tive experiência na área de TI/Engenharia de Software antes de começar a trabalhar na área de dados,True,10000,-20.0,-44.0
30-34,Feminino,Branca,Sudeste,Graduação/Bacharelado,Empregado (CLT),Outro,Pleno,de R$ 12.001/mês a R$ 16.000/mês,de 3 a 4 anos,Não tive experiência na área de TI/Engenharia de Software antes de começar a trabalhar na área de dados,True,14000,-20.0,-44.0
30-34,Feminino,Branca,Sudeste,Mestrado,Estagiário,Analista de Suporte,Júnior,de R$ 1.001/mês a R$ 2.000/mês,Menos de 1 ano,de 1 a 2 anos,False,1500,-20.0,-44.0
30-34,Masculino,Branca,Sudeste,Graduação/Bacharelado,Empregado (CLT),Analista de BI,Pleno,de R$ 8.001/mês a R$ 12.000/mês,de 3 a 4 anos,de 1 a 2 anos,False,10000,-20.0,-44.0
30-34,Masculino,Preta,Sudeste,Pós-graduação,Empregado (CLT),Outro,Sênior,de R$ 8.001/mês a R$ 12.000/mês,de 3 a 4 anos,Não tive experiência na área de TI/Engenharia de Software antes de começar a trabalhar na área de dados,True,10000,-20.0,-44.0
30-34,Feminino,Branca,Sudeste,Mestrado,Estagiário,Outro,Júnior,de R$ 1.001/mês a R$ 2.000/mês,Menos de 1 ano,de 1 a 2 anos,False,1500,-20.0,-44.0
30-34,Feminino,Branca,Sudeste,Pós-graduação,Empregado (CLT),Analista de Negócios,Sênior,de R$ 8.001/mês a R$ 12.000/mês,de 5 a 6 anos,Não tive experiência na área de TI/Engenharia de Software antes de começar a trabalhar na área de dados,False,10000,-20.0,-44.0
30-34,Masculino,Parda,Sul,Pós-graduação,Empregado (CLT),Engenheiro de Dados,Sênior,de R$ 8.001/mês a R$ 12.000/mês,de 5 a 6 anos,Menos de 1 ano,False,10000,-27.0,-51.0
30-34,Masculino,Branca,Sudeste,Mestrado,Empregado (CLT),Desenvolvedor,Pleno,de R$ 12.001/mês a R$ 16.000/mês,de 3 a 4 anos,de 3 a 4 anos,True,14000,-20.0,-44.0
30-34,Masculino,Parda,Sul,Graduação/Bacharelado,Empregado (CLT),Engenheiro de Dados,Pleno,de R$ 12.001/mês a R$ 16.000/mês,de 3 a 4 anos,de 5 a 6 anos,False,14000,-27.0,-51.0
30-34,Masculino,Parda,Sudeste,Graduação/Bacharelado,Empregado (CLT),Analista de Dados,Pleno,de R$ 8.001/mês a R$ 12.000/mês,de 5 a 6 anos,de 1 a 2 anos,True,10000,-20.0,-44.0
30-34,Feminino,Parda,Sudeste,Pós-graduação,Empregado (CLT),Analytics Engineer,Sênior,de R$ 8.001/mês a R$ 12.000/mês,de 5 a 6 anos,Não tive experiência na área de TI/Engenharia de Software antes de começar a trabalhar na área de dados,True,10000,-20.0,-44.0
30-34,Masculino,Branca,,Graduação/Bacharelado,Vivo fora do Brasil e trabalho para empresa de fora do Brasil,Analista de Dados,Sênior,de R$ 20.001/mês a R$ 25.000/mês,de 5 a 6 anos,Não tive experiência na área de TI/Engenharia de Software antes de começar a trabalhar na área de dados,True,22500,,
30-34,Masculino,Branca,Sudeste,Graduação/Bacharelado,Vivo no Brasil e trabalho remoto para empresa de fora do Brasil,Product Manager,Sênior,de R$ 20.001/mês a R$ 25.000/mês,de 3 a 4 anos,Não tive experiência na área de TI/Engenharia de Software antes de começar a trabalhar na área de dados,True,22500,-20.0,-44.0
30-34,Feminino,Branca,Sul,Pós-graduação,Empregado (CLT),Cientista de Dados,Sênior,de R$ 12.001/mês a R$ 16.000/mês,de 3 a 4 anos,de 5 a 6 anos,True,14000,-27.0,-51.0
30-34,Masculino,Branca,Sul,Pós-graduação,Empregado (CLT),Engenheiro de Dados,Sênior,de R$ 12.001/mês a R$ 16.000/mês,de 5 a 6 anos,Não tive experiência na área de TI/Engenharia de Software antes de começar a trabalhar na área de dados,True,14000,-27.0,-51.0
30-34,Masculino,Parda,Centro-oeste,Graduação/Bacharelado,Empregado (CLT),Eng. Machine Learning,Júnior,de R$ 8.001/mês a R$ 12.000/mês,de 1 a 2 anos,Não tive experiência na área de TI/Engenharia de Software antes de começar a trabalhar na área de dados,True,10000,-15.0,-52.0
30-34,Feminino,Branca,Sudeste,Pós-graduação,Empregado (CLT),Analytics Engineer,Sênior,de R$ 16.001/mês a R$ 20.000/mês,de 5 a 6 anos,Não tive experiência na área de TI/Engenharia de Software antes de começar a trabalhar na área de dados,True,18000,-20.0,-44.0
30-34,Masculino,Parda,Sudeste,Mestrado,Empregado (CLT),Analista de Dados,Sênior,de R$ 12.001/mês a R$ 16.000/mês,de 5 a 6 anos,Não tive experiência na área de TI/Engenharia de Software antes de começar a trabalhar na área de dados,True,14000,-20.0,-44.0
30-34,Feminino,Branca,Sul,Graduação/Bacharelado,Empreendedor ou Empregado (CNPJ),Analista de Dados,Júnior,de R$ 3.001/mês a R$ 4.000/mês,Menos de 1 ano,Não tive experiência na área de TI/Engenharia de Software antes de começar a trabalhar na área de dados,True,3500,-27.0,-51.0
30-34,Masculino,Branca,Sudeste,Graduação/Bacharelado,Empregado (CLT),Cientista de Dados,Pleno,de R$ 6.001/mês a R$ 8.000/mês,de 3 a 4 anos,de 1 a 2 anos,False,7000,-20.0,-44.0
30-34,Masculino,Branca,Centro-oeste,Pós-graduação,Empregado (CLT),Analista de Dados,Sênior,de R$ 8.001/mês a R$ 12.000/mês,de 7 a 10 anos,Não tive experiência na área de TI/Engenharia de Software antes de começar a trabalhar na área de dados,True,10000,-15.0,-52.0
30-34,Masculino,Branca,Sul,Graduação/Bacharelado,Empregado (CLT),Analista de Negócios,Sênior,de R$ 8.001/mês a R$ 12.000/mês,de 3 a 4 anos,Não tive experiência na área de TI/Engenharia de Software antes de começar a trabalhar na área de dados,True,10000,-27.0,-51.0
30-34,Feminino,Parda,Sudeste,Graduação/Bacharelado,Empregado (CLT),Analista de Dados,Sênior,de R$ 12.001/mês a R$ 16.000/mês,de 3 a 4 anos,Menos de 1 ano,True,14000,-20.0,-44.0
30-34,Feminino,Branca,Centro-oeste,Graduação/Bacharelado,Prefiro não informar,Cientista de Dados,Pleno,de R$ 8.001/mês a R$ 12.000/mês,de 3 a 4 anos,de 1 a 2 anos,True,10000,-15.0,-52.0
30-34,Masculino,Parda,Sudeste,Pós-graduação,Empregado (CLT),Analista de Dados,Sênior,de R$ 12.001/mês a R$ 16.000/mês,de 1 a 2 anos,Não tive experiência na área de TI/Engenharia de Software antes de começar a trabalhar na área de dados,True,14000,-20.0,-44.0
30-34,Masculino,Branca,Sudeste,Estudante de Graduação,Empregado (CLT),Outro,Pleno,de R$ 3.001/mês a R$ 4.000/mês,Não tenho experiência na área de dados,Não tive experiência na área de TI/Engenharia de Software antes de começar a trabalhar na área de dados,True,3500,-20.0,-44.0
30-34,Masculino,Branca,Sudeste,Pós-graduação,Empregado (CLT),Analista de Dados,Sênior,de R$ 12.001/mês a R$ 16.000/mês,de 5 a 6 anos,Não tive experiência na área de TI/Engenharia de Software antes de começar a trabalhar na área de dados,True,14000,-20.0,-44.0
30-34,Feminino,Amarela,Sudeste,Pós-graduação,Empregado (CLT),Analista de Dados,Júnior,de R$ 4.001/mês a R$ 6.000/mês,de 1 a 2 anos,Não tive experiência na área de TI/Engenharia de Software antes de começar a trabalhar na área de dados,True,5000,-20.0,-44.0
30-34,Masculino,Branca,Sudeste,Pós-graduação,Empregado (CLT),Outro,Júnior,de R$ 6.001/mês a R$ 8.000/mês,de 1 a 2 anos,Não tive experiência na área de TI/Engenharia de Software antes de começar a trabalhar na área de dados,False,7000,-20.0,-44.0
30-34,Masculino,Preta,Nordeste,Não tenho graduação formal,Empreendedor ou Empregado (CNPJ),Cientista de Dados,Sênior,de R$ 12.001/mês a R$ 16.000/mês,de 5 a 6 anos,Menos de 1 ano,False,14000,-8.0,-38.0
30-34,Feminino,Parda,Sudeste,Graduação/Bacharelado,Empregado (CLT),Product Manager,Pleno,de R$ 8.001/mês a R$ 12.000/mês,Menos de 1 ano,de 3 a 4 anos,True,10000,-20.0,-44.0
30-34,Masculino,Parda,Sudeste,Não tenho graduação formal,Empregado (CLT),Engenheiro de Dados,Sênior,de R$ 8.001/mês a R$ 12.000/mês,de 5 a 6 anos,Não tive experiência na área de TI/Engenharia de Software antes de começar a trabalhar na área de dados,True,10000,-20.0,-44.0
30-34,Masculino,Branca,Centro-oeste,Pós-graduação,Empregado (CLT),Engenheiro de Dados,Pleno,de R$ 12.001/mês a R$ 16.000/mês,de 3 a 4 anos,Não tive experiência na área de TI/Engenharia de Software antes de começar a trabalhar na área de dados,True,14000,-15.0,-52.0
30-34,Masculino,Branca,Centro-oeste,Pós-graduação,Empregado (CLT),Desenvolvedor,Pleno,de R$ 4.001/mês a R$ 6.000/mês,de 5 a 6 anos,de 3 a 4 anos,False,5000,-15.0,-52.0
30-34,Feminino,Branca,Sudeste,Pós-graduação,Empregado (CLT),Analista de Dados,Sênior,de R$ 12.001/mês a R$ 16.000/mês,Mais de 10 anos,Não tive experiência na área de TI/Engenharia de Software antes de começar a trabalhar na área de dados,True,14000,-20.0,-44.0
30-34,Masculino,Branca,Nordeste,Pós-graduação,Empregado (CLT),Arquiteto de Dados,Sênior,de R$ 12.001/mês a R$ 16.000/mês,de 5 a 6 anos,de 5 a 6 anos,True,14000,-8.0,-38.0
30-34,Masculino,Branca,Sudeste,Estudante de Graduação,Empregado (CLT),Desenvolvedor,Sênior,de R$ 8.001/mês a R$ 12.000/mês,de 3 a 4 anos,Mais de 10 anos,False,10000,-20.0,-44.0
30-34,Masculino,Branca,Sudeste,Graduação/Bacharelado,Empregado (CLT),Engenheiro de Dados,Pleno,de R$ 8.001/mês a R$ 12.000/mês,de 3 a 4 anos,Não tive experiência na área de TI/Engenharia de Software antes de começar a trabalhar na área de dados,True,10000,-20.0,-44.0
30-34,Feminino,Branca,Nordeste,Pós-graduação,Empregado (CLT),Analytics Engineer,Sênior,de R$ 12.001/mês a R$ 16.000/mês,de 7 a 10 anos,Não tive experiência na área de TI/Engenharia de Software antes de começar a trabalhar na área de dados,False,14000,-8.0,-38.0
30-34,Masculino,Amarela,Sudeste,Pós-graduação,Empregado (CLT),Cientista de Dados,Pleno,de R$ 8.001/mês a R$ 12.000/mês,de 5 a 6 anos,Não tive experiência na área de TI/Engenharia de Software antes de começar a trabalhar na área de dados,False,10000,-20.0,-44.0
30-34,Masculino,Parda,Sul,Graduação/Bacharelado,Empreendedor ou Empregado (CNPJ),Engenheiro de Dados,Sênior,de R$ 30.001/mês a R$ 40.000/mês,de 5 a 6 anos,de 1 a 2 anos,True,35000,-27.0,-51.0
30-34,Masculino,Parda,Sudeste,Mestrado,Empregado (CLT),Product Manager,Sênior,de R$ 16.001/mês a R$ 20.000/mês,de 7 a 10 anos,Não tive experiência na área de TI/Engenharia de Software antes de começar a trabalhar na área de dados,False,18000,-20.0,-44.0
30-34,Masculino,Branca,Nordeste,Graduação/Bacharelado,Empregado (CLT),Engenheiro de Dados,Pleno,de R$ 8.001/mês a R$ 12.000/mês,de 3 a 4 anos,de 1 a 2 anos,False,10000,-8.0,-38.0
30-34,Feminino,Preta,Sudeste,Mestrado,Empregado (CLT),Engenheiro de Dados,Sênior,de R$ 12.001/mês a R$ 16.000/mês,de 3 a 4 anos,Não tive experiência na área de TI/Engenharia de Software antes de começar a trabalhar na área de dados,True,14000,-20.0,-44.0
30-34,Masculino,Parda,Centro-oeste,Graduação/Bacharelado,Empreendedor ou Empregado (CNPJ),Engenheiro de Dados,Sênior,de R$ 8.001/mês a R$ 12.000/mês,de 5 a 6 anos,Não tive experiência na área de TI/Engenharia de Software antes de começar a trabalhar na área de dados,True,10000,-15.0,-52.0
30-34,Feminino,Branca,Sudeste,Graduação/Bacharelado,Empregado (CLT),Product Manager,Sênior,de R$ 8.001/mês a R$ 12.000/mês,de 3 a 4 anos,de 3 a 4 anos,True,10000,-20.0,-44.0
30-34,Masculino,Preta,Sul,Graduação/Bacharelado,Empregado (CLT),Eng. Machine Learning,Pleno,de R$ 8.001/mês a R$ 12.000/mês,de 1 a 2 anos,Não tive experiência na área de TI/Engenharia de Software antes de começar a trabalhar na área de dados,True,10000,-27.0,-51.0
30-34,Feminino,Preta,Sudeste,Mestrado,Empregado (CLT),Engenheiro de Dados,Sênior,de R$ 12.001/mês a R$ 16.000/mês,de 3 a 4 anos,Não tive experiência na área de TI/Engenharia de Software antes de começar a trabalhar na área de dados,True,14000,-20.0,-44.0
30-34,Masculino,Branca,Sudeste,Mestrado,Empregado (CLT),Cientista de Dados,Sênior,de R$ 12.001/mês a R$ 16.000/mês,de 5 a 6 anos,de 1 a 2 anos,True,14000,-20.0,-44.0
30-34,Masculino,Branca,Sul,Doutorado ou Phd,Empregado (CLT),Cientista de Dados,Pleno,de R$ 6.001/mês a R$ 8.000/mês,de 1 a 2 anos,Não tive experiência na área de TI/Engenharia de Software antes de começar a trabalhar na área de dados,True,7000,-27.0,-51.0
30-34,Masculino,Branca,Sudeste,Pós-graduação,Empregado (CLT),Engenheiro de Dados,Júnior,de R$ 6.001/mês a R$ 8.000/mês,de 5 a 6 anos,Não tive experiência na área de TI/Engenharia de Software antes de começar a trabalhar na área de dados,True,7000,-20.0,-44.0
30-34,Feminino,Parda,Sudeste,Pós-graduação,Empregado (CLT),Analista de Dados,Sênior,de R$ 6.001/mês a R$ 8.000/mês,de 3 a 4 anos,de 1 a 2 anos,False,7000,-20.0,-44.0
30-34,Masculino,Branca,Sudeste,Pós-graduação,Empregado (CLT),Cientista de Dados,Pleno,de R$ 8.001/mês a R$ 12.000/mês,de 1 a 2 anos,Não tive experiência na área de TI/Engenharia de Software antes de começar a trabalhar na área de dados,False,10000,-20.0,-44.0
30-34,Feminino,Amarela,Sudeste,Pós-graduação,Empregado (CLT),Analista de Negócios,Pleno,de R$ 8.001/mês a R$ 12.000/mês,de 3 a 4 anos,Não tive experiência na área de TI/Engenharia de Software antes de começar a trabalhar na área de dados,False,10000,-20.0,-44.0
30-34,Masculino,Preta,Sudeste,Pós-graduação,Empregado (CLT),Analytics Engineer,Sênior,de R$ 12.001/mês a R$ 16.000/mês,Mais de 10 anos,de 1 a 2 anos,False,14000,-20.0,-44.0
30-34,Masculino,Parda,Nordeste,Graduação/Bacharelado,Empregado (CLT),Engenheiro de Dados,Pleno,de R$ 8.001/mês a R$ 12.000/mês,de 3 a 4 anos,Não tive experiência na área de TI/Engenharia de Software antes de começar a trabalhar na área de dados,False,10000,-8.0,-38.0
30-34,Masculino,Branca,Sudeste,Graduação/Bacharelado,Empregado (CLT),Cientista de Dados,Sênior,de R$ 12.001/mês a R$ 16.000/mês,de 3 a 4 anos,Não tive experiência na área de TI/Engenharia de Software antes de começar a trabalhar na área de dados,True,14000,-20.0,-44.0
30-34,Masculino,Branca,Sudeste,Mestrado,Empregado (CLT),Cientista de Dados,Sênior,de R$ 25.001/mês a R$ 30.000/mês,de 7 a 10 anos,Não tive experiência na área de TI/Engenharia de Software antes de começar a trabalhar na área de dados,True,27500,-20.0,-44.0
30-34,Masculino,Branca,Sudeste,Mestrado,Empreendedor ou Empregado (CNPJ),Desenvolvedor,Júnior,de R$ 2.001/mês a R$ 3.000/mês,de 1 a 2 anos,Não tive experiência na área de TI/Engenharia de Software antes de começar a trabalhar na área de dados,False,2500,-20.0,-44.0
30-34,Masculino,Parda,Sudeste,Graduação/Bacharelado,Empregado (CLT),Analytics Engineer,Pleno,de R$ 4.001/mês a R$ 6.000/mês,de 3 a 4 anos,Não tive experiência na área de TI/Engenharia de Software antes de começar a trabalhar na área de dados,True,5000,-20.0,-44.0
30-34,Feminino,Preta,Sudeste,Mestrado,Empregado (CLT),Cientista de Dados,Sênior,de R$ 12.001/mês a R$ 16.000/mês,de 5 a 6 anos,de 1 a 2 anos,True,14000,-20.0,-44.0
30-34,Masculino,Branca,Sudeste,Mestrado,Empregado (CLT),Analista de Dados,Pleno,de R$ 8.001/mês a R$ 12.000/mês,de 1 a 2 anos,Não tive experiência na área de TI/Engenharia de Software antes de começar a trabalhar na área de dados,False,10000,-20.0,-44.0
30-34,Masculino,Branca,Sudeste,Graduação/Bacharelado,Vivo no Brasil e trabalho remoto para empresa de fora do Brasil,Analista de BI,Sênior,de R$ 20.001/mês a R$ 25.000/mês,de 5 a 6 anos,Não tive experiência na área de TI/Engenharia de Software antes de começar a trabalhar na área de dados,True,22500,-20.0,-44.0
30-34,Masculino,Parda,Nordeste,Mestrado,Empregado (CLT),Analytics Engineer,Júnior,de R$ 4.001/mês a R$ 6.000/mês,de 1 a 2 anos,Não tive experiência na área de TI/Engenharia de Software antes de começar a trabalhar na área de dados,True,5000,-8.0,-38.0
30-34,Masculino,Branca,Sul,Graduação/Bacharelado,Empregado (CLT),Analista de Dados,Pleno,de R$ 6.001/mês a R$ 8.000/mês,de 1 a 2 anos,Não tive experiência na área de TI/Engenharia de Software antes de começar a trabalhar na área de dados,True,7000,-27.0,-51.0
30-34,Masculino,Branca,Sudeste,Mestrado,Empregado (CLT),Analista de Dados,Sênior,de R$ 6.001/mês a R$ 8.000/mês,de 1 a 2 anos,Menos de 1 ano,True,7000,-20.0,-44.0
30-34,Masculino,Branca,Sudeste,Pós-graduação,Empregado (CLT),Analista de Dados,Pleno,de R$ 6.001/mês a R$ 8.000/mês,de 3 a 4 anos,Menos de 1 ano,False,7000,-20.0,-44.0
30-34,Masculino,Parda,Centro-oeste,Pós-graduação,Empregado (CLT),Analista de BI,Júnior,de R$ 6.001/mês a R$ 8.000/mês,de 1 a 2 anos,Não tive experiência na área de TI/Engenharia de Software antes de começar a trabalhar na área de dados,False,7000,-15.0,-52.0
30-34,Masculino,Branca,Nordeste,Graduação/Bacharelado,Empregado (CLT),Analista de Dados,Sênior,de R$ 8.001/mês a R$ 12.000/mês,de 3 a 4 anos,de 3 a 4 anos,True,10000,-8.0,-38.0
30-34,Masculino,Branca,Sudeste,Graduação/Bacharelado,Empregado (CLT),Analista de BI,Sênior,de R$ 4.001/mês a R$ 6.000/mês,de 5 a 6 anos,Não tive experiência na área de TI/Engenharia de Software antes de começar a trabalhar na área de dados,True,5000,-20.0,-44.0
30-34,Masculino,Branca,Sudeste,Mestrado,Empregado (CLT),Cientista de Dados,Sênior,de R$ 12.001/mês a R$ 16.000/mês,de 5 a 6 anos,Não tive experiência na área de TI/Engenharia de Software antes de começar a trabalhar na área de dados,True,14000,-20.0,-44.0
30-34,Masculino,Branca,Sul,Mestrado,Empregado (CLT),Cientista de Dados,Sênior,de R$ 16.001/mês a R$ 20.000/mês,de 5 a 6 anos,de 5 a 6 anos,False,18000,-27.0,-51.0
30-34,Feminino,Branca,Sudeste,Pós-graduação,Empregado (CLT),Eng. Machine Learning,Pleno,de R$ 8.001/mês a R$ 12.000/mês,Menos de 1 ano,de 5 a 6 anos,False,10000,-20.0,-44.0
30-34,Feminino,Branca,Sudeste,Graduação/Bacharelado,Empregado (CLT),Analista de Dados,Sênior,de R$ 8.001/mês a R$ 12.000/mês,de 5 a 6 anos,Não tive experiência na área de TI/Engenharia de Software antes de começar a trabalhar na área de dados,True,10000,-20.0,-44.0
30-34,Masculino,Branca,Sudeste,Doutorado ou Phd,Empregado (CLT),Cientista de Dados,Júnior,de R$ 4.001/mês a R$ 6.000/mês,de 1 a 2 anos,Não tive experiência na área de TI/Engenharia de Software antes de começar a trabalhar na área de dados,True,5000,-20.0,-44.0
30-34,Masculino,Parda,Sudeste,Pós-graduação,Empregado (CLT),Product Manager,Sênior,de R$ 6.001/mês a R$ 8.000/mês,de 3 a 4 anos,de 3 a 4 anos,False,7000,-20.0,-44.0
30-34,Feminino,Branca,Centro-oeste,Graduação/Bacharelado,Servidor Público,Outro,Júnior,de R$ 12.001/mês a R$ 16.000/mês,Não tenho experiência na área de dados,Não tive experiência na área de TI/Engenharia de Software antes de começar a trabalhar na área de dados,True,14000,-15.0,-52.0
30-34,Masculino,Branca,Sudeste,Graduação/Bacharelado,Empregado (CLT),Cientista de Dados,Pleno,de R$ 6.001/mês a R$ 8.000/mês,de 3 a 4 anos,Não tive experiência na área de TI/Engenharia de Software antes de começar a trabalhar na área de dados,False,7000,-20.0,-44.0
30-34,Masculino,Parda,,Graduação/Bacharelado,Empregado (CLT),Analista de BI,Pleno,de R$ 6.001/mês a R$ 8.000/mês,de 1 a 2 anos,Não tive experiência na área de TI/Engenharia de Software antes de começar a trabalhar na área de dados,False,7000,,
30-34,Masculino,Parda,Centro-oeste,Graduação/Bacharelado,Empregado (CLT),Cientista de Dados,Pleno,de R$ 12.001/mês a R$ 16.000/mês,de 5 a 6 anos,Não tive experiência na área de TI/Engenharia de Software antes de começar a trabalhar na área de dados,False,14000,-15.0,-52.0
30-34,Masculino,Branca,Sudeste,Graduação/Bacharelado,Empregado (CLT),Cientista de Dados,Sênior,de R$ 12.001/mês a R$ 16.000/mês,de 3 a 4 anos,Não tive experiência na área de TI/Engenharia de Software antes de começar a trabalhar na área de dados,True,14000,-20.0,-44.0
30-34,Feminino,Branca,Sul,Pós-graduação,Empregado (CLT),Analista de Dados,Sênior,de R$ 3.001/mês a R$ 4.000/mês,de 1 a 2 anos,de 7 a 10 anos,True,3500,-27.0,-51.0
30-34,Masculino,Branca,Sudeste,Pós-graduação,Empregado (CLT),Analista de Negócios,Sênior,de R$ 12.001/mês a R$ 16.000/mês,de 7 a 10 anos,Não tive experiência na área de TI/Engenharia de Software antes de começar a trabalhar na área de dados,True,14000,-20.0,-44.0
30-34,Masculino,Parda,Sul,Pós-graduação,Empregado (CLT),Product Manager,Sênior,de R$ 16.001/mês a R$ 20.000/mês,de 3 a 4 anos,Não tive experiência na área de TI/Engenharia de Software antes de começar a trabalhar na área de dados,True,18000,-27.0,-51.0
30-34,Masculino,Parda,Sudeste,Graduação/Bacharelado,Empregado (CLT),Engenheiro de Dados,Sênior,de R$ 12.001/mês a R$ 16.000/mês,de 5 a 6 anos,de 3 a 4 anos,True,14000,-20.0,-44.0
30-34,Masculino,Preta,Nordeste,Pós-graduação,Empregado (CLT),Analytics Engineer,Sênior,de R$ 12.001/mês a R$ 16.000/mês,Mais de 10 anos,Mais de 10 anos,True,14000,-8.0,-38.0
30-34,Masculino,Branca,Sul,Graduação/Bacharelado,Empregado (CLT),Analista de Dados,Pleno,de R$ 4.001/mês a R$ 6.000/mês,de 7 a 10 anos,Não tive experiência na área de TI/Engenharia de Software antes de começar a trabalhar na área de dados,True,5000,-27.0,-51.0
30-34,Feminino,Branca,Centro-oeste,Pós-graduação,Empregado (CLT),Analista de Dados,Júnior,de R$ 4.001/mês a R$ 6.000/mês,Menos de 1 ano,Não tive experiência na área de TI/Engenharia de Software antes de começar a trabalhar na área de dados,False,5000,-15.0,-52.0
30-34,Feminino,Branca,Sul,Pós-graduação,Empregado (CLT),Analista de BI,Pleno,de R$ 12.001/mês a R$ 16.000/mês,de 1 a 2 anos,Não tive experiência na área de TI/Engenharia de Software antes de começar a trabalhar na área de dados,True,14000,-27.0,-51.0
30-34,Feminino,Parda,Nordeste,Graduação/Bacharelado,Empregado (CLT),Analista de Dados,Júnior,de R$ 1.001/mês a R$ 2.000/mês,Menos de 1 ano,Não tive experiência na área de TI/Engenharia de Software antes de começar a trabalhar na área de dados,True,1500,-8.0,-38.0
30-34,Masculino,Parda,Sudeste,Graduação/Bacharelado,Empregado (CLT),Analytics Engineer,Sênior,de R$ 8.001/mês a R$ 12.000/mês,de 5 a 6 anos,Não tive experiência na área de TI/Engenharia de Software antes de começar a trabalhar na área de dados,True,10000,-20.0,-44.0
30-34,Masculino,Amarela,Sudeste,Graduação/Bacharelado,Empreendedor ou Empregado (CNPJ),Analista de Dados,Sênior,de R$ 8.001/mês a R$ 12.000/mês,de 5 a 6 anos,de 5 a 6 anos,False,10000,-20.0,-44.0
30-34,Feminino,Branca,Sudeste,Graduação/Bacharelado,Empregado (CLT),Analista de Dados,Sênior,de R$ 6.001/mês a R$ 8.000/mês,de 5 a 6 anos,Menos de 1 ano,False,7000,-20.0,-44.0
30-34,Feminino,Parda,Nordeste,Mestrado,Empregado (CLT),Cientista de Dados,Sênior,de R$ 8.001/mês a R$ 12.000/mês,de 5 a 6 anos,Não tive experiência na área de TI/Engenharia de Software antes de começar a trabalhar na área de dados,True,10000,-8.0,-38.0
30-34,Feminino,Branca,Sudeste,Pós-graduação,Empregado (CLT),Cientista de Dados,Júnior,de R$ 6.001/mês a R$ 8.000/mês,de 1 a 2 anos,Não tive experiência na área de TI/Engenharia de Software antes de começar a trabalhar na área de dados,True,7000,-20.0,-44.0
30-34,Masculino,Branca,Sudeste,Graduação/Bacharelado,Empregado (CLT),Engenheiro de Dados,Sênior,de R$ 8.001/mês a R$ 12.000/mês,de 3 a 4 anos,Não tive experiência na área de TI/Engenharia de Software antes de começar a trabalhar na área de dados,False,10000,-20.0,-44.0
30-34,Masculino,Parda,Sudeste,Doutorado ou Phd,Empregado (CLT),Eng. Machine Learning,Pleno,de R$ 8.001/mês a R$ 12.000/mês,de 3 a 4 anos,Não tive experiência na área de TI/Engenharia de Software antes de começar a trabalhar na área de dados,True,10000,-20.0,-44.0
30-34,Feminino,Amarela,Sudeste,Pós-graduação,Empregado (CLT),Analista de Dados,Sênior,de R$ 12.001/mês a R$ 16.000/mês,de 5 a 6 anos,Não tive experiência na área de TI/Engenharia de Software antes de começar a trabalhar na área de dados,True,14000,-20.0,-44.0
30-34,Masculino,Branca,Sudeste,Mestrado,Servidor Público,Professor/Pesquisador,Sênior,de R$ 8.001/mês a R$ 12.000/mês,de 3 a 4 anos,de 5 a 6 anos,True,10000,-20.0,-44.0
30-34,Feminino,Branca,Sul,Pós-graduação,Empregado (CLT),Outro,Sênior,de R$ 6.001/mês a R$ 8.000/mês,Não tenho experiência na área de dados,Não tive experiência na área de TI/Engenharia de Software antes de começar a trabalhar na área de dados,True,7000,-27.0,-51.0
30-34,Feminino,Branca,Sudeste,Mestrado,Empregado (CLT),Cientista de Dados,Sênior,de R$ 12.001/mês a R$ 16.000/mês,de 5 a 6 anos,Não tive experiência na área de TI/Engenharia de Software antes de começar a trabalhar na área de dados,True,14000,-20.0,-44.0
30-34,Feminino,Branca,Sudeste,Graduação/Bacharelado,Empregado (CLT),Analista de Dados,Júnior,de R$ 4.001/mês a R$ 6.000/mês,de 1 a 2 anos,Não tive experiência na área de TI/Engenharia de Software antes de começar a trabalhar na área de dados,False,5000,-20.0,-44.0
30-34,Masculino,Branca,Sudeste,Graduação/Bacharelado,Empregado (CLT),Cientista de Dados,Sênior,de R$ 20.001/mês a R$ 25.000/mês,de 5 a 6 anos,Não tive experiência na área de TI/Engenharia de Software antes de começar a trabalhar na área de dados,False,22500,-20.0,-44.0
30-34,Masculino,Branca,Sudeste,Pós-graduação,Empregado (CLT),Outras Engenharias,Sênior,de R$ 8.001/mês a R$ 12.000/mês,Não tenho experiência na área de dados,Não tive experiência na área de TI/Engenharia de Software antes de começar a trabalhar na área de dados,True,10000,-20.0,-44.0
30-34,Feminino,Branca,Sul,Mestrado,Empregado (CLT),Cientista de Dados,Pleno,de R$ 6.001/mês a R$ 8.000/mês,de 7 a 10 anos,Não tive experiência na área de TI/Engenharia de Software antes de começar a trabalhar na área de dados,True,7000,-27.0,-51.0
30-34,Masculino,Parda,Sudeste,Pós-graduação,Empregado (CLT),Analytics Engineer,Pleno,de R$ 6.001/mês a R$ 8.000/mês,de 3 a 4 anos,Não tive experiência na área de TI/Engenharia de Software antes de começar a trabalhar na área de dados,False,7000,-20.0,-44.0
30-34,Masculino,Branca,Sul,Estudante de Graduação,Empregado (CLT),Outro,Pleno,de R$ 2.001/mês a R$ 3.000/mês,de 7 a 10 anos,de 1 a 2 anos,False,2500,-27.0,-51.0
30-34,Masculino,Parda,Sudeste,Graduação/Bacharelado,Empregado (CLT),Cientista de Dados,Sênior,de R$ 12.001/mês a R$ 16.000/mês,de 1 a 2 anos,Não tive experiência na área de TI/Engenharia de Software antes de começar a trabalhar na área de dados,True,14000,-20.0,-44.0
30-34,Masculino,Preta,Sudeste,Pós-graduação,Empregado (CLT),Analista de Dados,Júnior,de R$ 3.001/mês a R$ 4.000/mês,de 1 a 2 anos,Não tive experiência na área de TI/Engenharia de Software antes de começar a trabalhar na área de dados,True,3500,-20.0,-44.0
30-34,Masculino,Branca,Sudeste,Graduação/Bacharelado,Empregado (CLT),Engenheiro de Dados,Pleno,de R$ 6.001/mês a R$ 8.000/mês,de 3 a 4 anos,Menos de 1 ano,True,7000,-20.0,-44.0
30-34,Masculino,Branca,Sul,Graduação/Bacharelado,Empregado (CLT),Engenheiro de Dados,Pleno,de R$ 8.001/mês a R$ 12.000/mês,de 3 a 4 anos,Menos de 1 ano,True,10000,-27.0,-51.0
30-34,Feminino,Preta,Sul,Estudante de Graduação,Empregado (CLT),Analista de Suporte,Pleno,de R$ 3.001/mês a R$ 4.000/mês,Menos de 1 ano,Não tive experiência na área de TI/Engenharia de Software antes de começar a trabalhar na área de dados,True,3500,-27.0,-51.0
30-34,Feminino,Branca,Sudeste,Graduação/Bacharelado,Vivo no Brasil e trabalho remoto para empresa de fora do Brasil,Analista de Dados,Sênior,de R$ 30.001/mês a R$ 40.000/mês,de 7 a 10 anos,Não tive experiência na área de TI/Engenharia de Software antes de começar a trabalhar na área de dados,True,35000,-20.0,-44.0
30-34,Masculino,Branca,Nordeste,Graduação/Bacharelado,Desempregado e não estou buscando recolocação,Cientista de Dados,Pleno,de R$ 12.001/mês a R$ 16.000/mês,de 3 a 4 anos,Menos de 1 ano,False,14000,-8.0,-38.0
30-34,Masculino,Branca,Centro-oeste,Pós-graduação,Empregado (CLT),Analista de Dados,Pleno,de R$ 6.001/mês a R$ 8.000/mês,de 3 a 4 anos,de 5 a 6 anos,True,7000,-15.0,-52.0
30-34,Feminino,Parda,Nordeste,Graduação/Bacharelado,Empregado (CLT),Engenheiro de Dados,Pleno,de R$ 8.001/mês a R$ 12.000/mês,de 3 a 4 anos,Não tive experiência na área de TI/Engenharia de Software antes de começar a trabalhar na área de dados,True,10000,-8.0,-38.0
30-34,Masculino,Preta,Sudeste,Estudante de Graduação,Empregado (CLT),Analista de Dados,Pleno,de R$ 2.001/mês a R$ 3.000/mês,de 1 a 2 anos,Não tive experiência na área de TI/Engenharia de Software antes de começar a trabalhar na área de dados,False,2500,-20.0,-44.0
30-34,Masculino,Parda,Sudeste,Graduação/Bacharelado,Empregado (CLT),Analista de BI,Pleno,de R$ 6.001/mês a R$ 8.000/mês,de 3 a 4 anos,Não tive experiência na área de TI/Engenharia de Software antes de começar a trabalhar na área de dados,True,7000,-20.0,-44.0
30-34,Masculino,Amarela,Sul,Pós-graduação,Vivo no Brasil e trabalho remoto para empresa de fora do Brasil,Analista de Dados,Sênior,de R$ 30.001/mês a R$ 40.000/mês,de 5 a 6 anos,Não tive experiência na área de TI/Engenharia de Software antes de começar a trabalhar na área de dados,True,35000,-27.0,-51.0
30-34,Feminino,Branca,Sul,Mestrado,Empregado (CLT),Analista de Dados,Pleno,de R$ 8.001/mês a R$ 12.000/mês,de 3 a 4 anos,Não tive experiência na área de TI/Engenharia de Software antes de começar a trabalhar na área de dados,True,10000,-27.0,-51.0
30-34,Masculino,Amarela,Sudeste,Mestrado,Empregado (CLT),Cientista de Dados,Sênior,de R$ 12.001/mês a R$ 16.000/mês,de 5 a 6 anos,Não tive experiência na área de TI/Engenharia de Software antes de começar a trabalhar na área de dados,True,14000,-20.0,-44.0
30-34,Feminino,Preta,Sudeste,Graduação/Bacharelado,Empregado (CLT),Analista de Negócios,Pleno,de R$ 4.001/mês a R$ 6.000/mês,de 3 a 4 anos,Não tive experiência na área de TI/Engenharia de Software antes de começar a trabalhar na área de dados,True,5000,-20.0,-44.0
30-34,Masculino,Branca,Sudeste,Pós-graduação,Vivo no Brasil e trabalho remoto para empresa de fora do Brasil,Analytics Engineer,Sênior,de R$ 25.001/mês a R$ 30.000/mês,de 3 a 4 anos,de 1 a 2 anos,True,27500,-20.0,-44.0
30-34,Masculino,Preta,Sudeste,Pós-graduação,Empregado (CLT),Desenvolvedor,Pleno,de R$ 6.001/mês a R$ 8.000/mês,de 1 a 2 anos,Não tive experiência na área de TI/Engenharia de Software antes de começar a trabalhar na área de dados,False,7000,-20.0,-44.0
30-34,Masculino,Amarela,Sudeste,Graduação/Bacharelado,Empreendedor ou Empregado (CNPJ),Analista de Dados,Pleno,de R$ 4.001/mês a R$ 6.000/mês,de 5 a 6 anos,Não tive experiência na área de TI/Engenharia de Software antes de começar a trabalhar na área de dados,True,5000,-20.0,-44.0
30-34,Masculino,Preta,Sudeste,Mestrado,Empregado (CLT),Analista de Dados,Sênior,de R$ 8.001/mês a R$ 12.000/mês,de 5 a 6 anos,Não tive experiência na área de TI/Engenharia de Software antes de começar a trabalhar na área de dados,True,10000,-20.0,-44.0
30-34,Masculino,Branca,,Graduação/Bacharelado,Vivo fora do Brasil e trabalho para empresa de fora do Brasil,Engenheiro de Dados,Sênior,de R$ 20.001/mês a R$ 25.000/mês,de 5 a 6 anos,Não tive experiência na área de TI/Engenharia de Software antes de começar a trabalhar na área de dados,True,22500,,
30-34,Masculino,Branca,Sul,Pós-graduação,Empregado (CLT),Cientista de Dados,Sênior,de R$ 6.001/mês a R$ 8.000/mês,de 3 a 4 anos,Não tive experiência na área de TI/Engenharia de Software antes de começar a trabalhar na área de dados,True,7000,-27.0,-51.0
30-34,Masculino,Branca,,Graduação/Bacharelado,Vivo fora do Brasil e trabalho para empresa de fora do Brasil,Cientista de Dados,Pleno,de R$ 25.001/mês a R$ 30.000/mês,de 5 a 6 anos,Não tive experiência na área de TI/Engenharia de Software antes de começar a trabalhar na área de dados,True,27500,,
30-34,Masculino,Preta,,Graduação/Bacharelado,Empregado (CLT),Analista de Dados,Sênior,de R$ 8.001/mês a R$ 12.000/mês,de 3 a 4 anos,de 7 a 10 anos,True,10000,,
30-34,Masculino,Parda,Nordeste,Mestrado,Empreendedor ou Empregado (CNPJ),Engenheiro de Dados,Pleno,de R$ 8.001/mês a R$ 12.000/mês,de 3 a 4 anos,Menos de 1 ano,False,10000,-8.0,-38.0
30-34,Masculino,Branca,Sul,Mestrado,Empregado (CLT),Engenheiro de Dados,Sênior,de R$ 20.001/mês a R$ 25.000/mês,de 5 a 6 anos,de 5 a 6 anos,False,22500,-27.0,-51.0
30-34,Masculino,Parda,Sul,Não tenho graduação formal,Empregado (CLT),Engenheiro de Dados,Pleno,de R$ 12.001/mês a R$ 16.000/mês,de 5 a 6 anos,Menos de 1 ano,True,14000,-27.0,-51.0
30-34,Masculino,Branca,Sul,Graduação/Bacharelado,Empregado (CLT),Analista de BI,Pleno,de R$ 3.001/mês a R$ 4.000/mês,de 3 a 4 anos,de 5 a 6 anos,False,3500,-27.0,-51.0
30-34,Feminino,Branca,Sudeste,Graduação/Bacharelado,Empreendedor ou Empregado (CNPJ),Analista de Dados,Sênior,de R$ 12.001/mês a R$ 16.000/mês,de 5 a 6 anos,Não tive experiência na área de TI/Engenharia de Software antes de começar a trabalhar na área de dados,False,14000,-20.0,-44.0
30-34,Feminino,Parda,Sudeste,Pós-graduação,Empregado (CLT),Analista de Dados,Pleno,de R$ 8.001/mês a R$ 12.000/mês,de 3 a 4 anos,Não tive experiência na área de TI/Engenharia de Software antes de começar a trabalhar na área de dados,False,10000,-20.0,-44.0
30-34,Masculino,Branca,Sul,Graduação/Bacharelado,Empregado (CLT),Cientista de Dados,Pleno,de R$ 8.001/mês a R$ 12.000/mês,de 3 a 4 anos,Não tive experiência na área de TI/Engenharia de Software antes de começar a trabalhar na área de dados,True,10000,-27.0,-51.0
30-34,Masculino,Branca,Sudeste,Pós-graduação,Empregado (CLT),Engenheiro de Dados,Pleno,de R$ 4.001/mês a R$ 6.000/mês,de 3 a 4 anos,Não tive experiência na área de TI/Engenharia de Software antes de começar a trabalhar na área de dados,False,5000,-20.0,-44.0
30-34,Masculino,Parda,Nordeste,Graduação/Bacharelado,Empregado (CLT),Analista de Dados,Pleno,de R$ 4.001/mês a R$ 6.000/mês,de 3 a 4 anos,de 1 a 2 anos,False,5000,-8.0,-38.0
30-34,Masculino,Branca,Sudeste,Pós-graduação,Vivo no Brasil e trabalho remoto para empresa de fora do Brasil,Engenheiro de Dados,Sênior,de R$ 25.001/mês a R$ 30.000/mês,de 7 a 10 anos,Não tive experiência na área de TI/Engenharia de Software antes de começar a trabalhar na área de dados,True,27500,-20.0,-44.0
30-34,Masculino,Parda,Sudeste,Graduação/Bacharelado,Empregado (CLT),Engenheiro de Dados,Sênior,de R$ 12.001/mês a R$ 16.000/mês,de 5 a 6 anos,Menos de 1 ano,True,14000,-20.0,-44.0
30-34,Masculino,Parda,Sudeste,Graduação/Bacharelado,Empregado (CLT),Engenheiro de Dados,Sênior,de R$ 12.001/mês a R$ 16.000/mês,de 7 a 10 anos,Não tive experiência na área de TI/Engenharia de Software antes de começar a trabalhar na área de dados,True,14000,-20.0,-44.0
30-34,Masculino,Branca,Sudeste,Graduação/Bacharelado,Estagiário,Analista de Dados,Júnior,de R$ 2.001/mês a R$ 3.000/mês,de 1 a 2 anos,Não tive experiência na área de TI/Engenharia de Software antes de começar a trabalhar na área de dados,False,2500,-20.0,-44.0
30-34,Prefiro não informar,Prefiro não informar,,Prefiro não informar,Estagiário,Analista de Suporte,Júnior,Acima de R$ 40.001/mês,Menos de 1 ano,Menos de 1 ano,False,45000,,
30-34,Feminino,Parda,Centro-oeste,Graduação/Bacharelado,Servidor Público,Outras Engenharias,Júnior,de R$ 4.001/mês a R$ 6.000/mês,Não tenho experiência na área de dados,Não tive experiência na área de TI/Engenharia de Software antes de começar a trabalhar na área de dados,False,5000,-15.0,-52.0
30-34,Masculino,Branca,Sudeste,Pós-graduação,Empregado (CLT),Analista de Negócios,Sênior,de R$ 4.001/mês a R$ 6.000/mês,de 3 a 4 anos,Não tive experiência na área de TI/Engenharia de Software antes de começar a trabalhar na área de dados,False,5000,-20.0,-44.0
30-34,Feminino,Branca,Sul,Mestrado,Empregado (CLT),Analytics Engineer,Pleno,de R$ 4.001/mês a R$ 6.000/mês,de 3 a 4 anos,Não tive experiência na área de TI/Engenharia de Software antes de começar a trabalhar na área de dados,True,5000,-27.0,-51.0
30-34,Feminino,Branca,Centro-oeste,Estudante de Graduação,Estagiário,Analista de BI,Júnior,de R$ 2.001/mês a R$ 3.000/mês,Menos de 1 ano,Menos de 1 ano,True,2500,-15.0,-52.0
30-34,Masculino,Branca,Sudeste,Pós-graduação,Empregado (CLT),Analytics Engineer,Pleno,de R$ 12.001/mês a R$ 16.000/mês,de 5 a 6 anos,de 5 a 6 anos,True,14000,-20.0,-44.0
30-34,Masculino,Branca,Sudeste,Pós-graduação,Empregado (CLT),Engenheiro de Dados,Pleno,de R$ 8.001/mês a R$ 12.000/mês,de 5 a 6 anos,Não tive experiência na área de TI/Engenharia de Software antes de começar a trabalhar na área de dados,True,10000,-20.0,-44.0
30-34,Masculino,Branca,Sudeste,Estudante de Graduação,Empregado (CLT),Analista de Dados,Júnior,de R$ 4.001/mês a R$ 6.000/mês,de 1 a 2 anos,Não tive experiência na área de TI/Engenharia de Software antes de começar a trabalhar na área de dados,True,5000,-20.0,-44.0
30-34,Masculino,Branca,Sul,Pós-graduação,Empregado (CLT),Analista de Dados,Pleno,de R$ 6.001/mês a R$ 8.000/mês,de 1 a 2 anos,Menos de 1 ano,False,7000,-27.0,-51.0
30-34,Masculino,Parda,Sul,Pós-graduação,Empregado (CLT),Engenheiro de Dados,Sênior,de R$ 12.001/mês a R$ 16.000/mês,de 5 a 6 anos,Menos de 1 ano,True,14000,-27.0,-51.0
30-34,Masculino,Branca,Sudeste,Pós-graduação,Empregado (CLT),Engenheiro de Dados,Sênior,de R$ 8.001/mês a R$ 12.000/mês,Mais de 10 anos,de 1 a 2 anos,True,10000,-20.0,-44.0
30-34,Masculino,Parda,Sudeste,Graduação/Bacharelado,Empregado (CLT),Cientista de Dados,Sênior,de R$ 12.001/mês a R$ 16.000/mês,de 7 a 10 anos,Não tive experiência na área de TI/Engenharia de Software antes de começar a trabalhar na área de dados,False,14000,-20.0,-44.0
30-34,Masculino,Branca,Sudeste,Pós-graduação,Empregado (CLT),Analista de Dados,Júnior,de R$ 3.001/mês a R$ 4.000/mês,de 3 a 4 anos,Não tive experiência na área de TI/Engenharia de Software antes de começar a trabalhar na área de dados,False,3500,-20.0,-44.0
30-34,Feminino,Branca,Sudeste,Graduação/Bacharelado,Empregado (CLT),Product Manager,Sênior,de R$ 8.001/mês a R$ 12.000/mês,de 3 a 4 anos,de 3 a 4 anos,True,10000,-20.0,-44.0
30-34,Masculino,Branca,Sudeste,Mestrado,Empreendedor ou Empregado (CNPJ),Engenheiro de Dados,Pleno,de R$ 8.001/mês a R$ 12.000/mês,de 3 a 4 anos,de 3 a 4 anos,True,10000,-20.0,-44.0
30-34,Masculino,Branca,Sudeste,Graduação/Bacharelado,Empregado (CLT),Analytics Engineer,Sênior,de R$ 20.001/mês a R$ 25.000/mês,de 7 a 10 anos,Não tive experiência na área de TI/Engenharia de Software antes de começar a trabalhar na área de dados,True,22500,-20.0,-44.0
30-34,Feminino,Branca,Sudeste,Pós-graduação,Empregado (CLT),Analista de Dados,Pleno,de R$ 3.001/mês a R$ 4.000/mês,de 1 a 2 anos,Não tive experiência na área de TI/Engenharia de Software antes de começar a trabalhar na área de dados,True,3500,-20.0,-44.0
30-34,Masculino,Branca,Sudeste,Pós-graduação,Vivo no Brasil e trabalho remoto para empresa de fora do Brasil,Eng. Machine Learning,Sênior,de R$ 20.001/mês a R$ 25.000/mês,de 7 a 10 anos,de 3 a 4 anos,False,22500,-20.0,-44.0
30-34,Masculino,Branca,Sudeste,Mestrado,Empregado (CLT),Eng. Machine Learning,Pleno,de R$ 8.001/mês a R$ 12.000/mês,de 3 a 4 anos,Não tive experiência na área de TI/Engenharia de Software antes de começar a trabalhar na área de dados,True,10000,-20.0,-44.0
30-34,Masculino,Branca,Sudeste,Pós-graduação,Empregado (CLT),Engenheiro de Dados,Sênior,de R$ 8.001/mês a R$ 12.000/mês,de 5 a 6 anos,Não tive experiência na área de TI/Engenharia de Software antes de começar a trabalhar na área de dados,True,10000,-20.0,-44.0
30-34,Masculino,Parda,Centro-oeste,Pós-graduação,Empregado (CLT),Analytics Engineer,Sênior,de R$ 16.001/mês a R$ 20.000/mês,de 7 a 10 anos,Não tive experiência na área de TI/Engenharia de Software antes de começar a trabalhar na área de dados,False,18000,-15.0,-52.0
30-34,Masculino,Branca,Sudeste,Graduação/Bacharelado,Empregado (CLT),Analista de Dados,Sênior,de R$ 8.001/mês a R$ 12.000/mês,de 3 a 4 anos,Não tive experiência na área de TI/Engenharia de Software antes de começar a trabalhar na área de dados,True,10000,-20.0,-44.0
30-34,Masculino,Branca,Sudeste,Pós-graduação,Vivo no Brasil e trabalho remoto para empresa de fora do Brasil,Engenheiro de Dados,Sênior,de R$ 16.001/mês a R$ 20.000/mês,de 7 a 10 anos,de 5 a 6 anos,True,18000,-20.0,-44.0
30-34,Masculino,Parda,Sudeste,Mestrado,Empregado (CLT),Cientista de Dados,Pleno,de R$ 8.001/mês a R$ 12.000/mês,de 3 a 4 anos,de 3 a 4 anos,True,10000,-20.0,-44.0
30-34,Masculino,Branca,Sudeste,Graduação/Bacharelado,Empregado (CLT),Cientista de Dados,Pleno,de R$ 4.001/mês a R$ 6.000/mês,de 1 a 2 anos,Não tive experiência na área de TI/Engenharia de Software antes de começar a trabalhar na área de dados,True,5000,-20.0,-44.0
30-34,Feminino,Branca,Sudeste,Graduação/Bacharelado,Vivo no Brasil e trabalho remoto para empresa de fora do Brasil,Analista de BI,Sênior,de R$ 12.001/mês a R$ 16.000/mês,Mais de 10 anos,Não tive experiência na área de TI/Engenharia de Software antes de começar a trabalhar na área de dados,True,14000,-20.0,-44.0
30-34,Feminino,Branca,Sudeste,Graduação/Bacharelado,Empregado (CLT),Analista de Dados,Sênior,de R$ 8.001/mês a R$ 12.000/mês,de 5 a 6 anos,Não tive experiência na área de TI/Engenharia de Software antes de começar a trabalhar na área de dados,True,10000,-20.0,-44.0
30-34,Masculino,Branca,Sul,Graduação/Bacharelado,Empregado (CLT),Cientista de Dados,Sênior,de R$ 12.001/mês a R$ 16.000/mês,de 3 a 4 anos,Não tive experiência na área de TI/Engenharia de Software antes de começar a trabalhar na área de dados,False,14000,-27.0,-51.0
30-34,Masculino,Branca,Centro-oeste,Mestrado,Empreendedor ou Empregado (CNPJ),Cientista de Dados,Sênior,de R$ 20.001/mês a R$ 25.000/mês,de 5 a 6 anos,Não tive experiência na área de TI/Engenharia de Software antes de começar a trabalhar na área de dados,True,22500,-15.0,-52.0
30-34,Masculino,Parda,Sudeste,Pós-graduação,Empregado (CLT),Analista de Dados,Sênior,de R$ 8.001/mês a R$ 12.000/mês,de 5 a 6 anos,Menos de 1 ano,True,10000,-20.0,-44.0
30-34,Feminino,Branca,Sul,Mestrado,Empregado (CLT),Cientista de Dados,Pleno,de R$ 8.001/mês a R$ 12.000/mês,de 5 a 6 anos,Não tive experiência na área de TI/Engenharia de Software antes de começar a trabalhar na área de dados,True,10000,-27.0,-51.0
30-34,Masculino,Branca,Sudeste,Pós-graduação,Empregado (CLT),Arquiteto de Dados,Sênior,de R$ 12.001/mês a R$ 16.000/mês,Mais de 10 anos,de 1 a 2 anos,True,14000,-20.0,-44.0
30-34,Masculino,Branca,Sudeste,Pós-graduação,Vivo no Brasil e trabalho remoto para empresa de fora do Brasil,Analista de Dados,Pleno,de R$ 20.001/mês a R$ 25.000/mês,de 3 a 4 anos,Não tive experiência na área de TI/Engenharia de Software antes de começar a trabalhar na área de dados,True,22500,-20.0,-44.0
30-34,Masculino,Branca,Sudeste,Pós-graduação,Servidor Público,Outro,Júnior,de R$ 2.001/mês a R$ 3.000/mês,Não tenho experiência na área de dados,Não tive experiência na área de TI/Engenharia de Software antes de começar a trabalhar na área de dados,False,2500,-20.0,-44.0
30-34,Masculino,Branca,Sul,Mestrado,Empregado (CLT),Cientista de Dados,Sênior,de R$ 16.001/mês a R$ 20.000/mês,de 5 a 6 anos,de 1 a 2 anos,True,18000,-27.0,-51.0
30-34,Masculino,Parda,Sudeste,Pós-graduação,Empregado (CLT),Engenheiro de Dados,Sênior,de R$ 8.001/mês a R$ 12.000/mês,de 3 a 4 anos,de 3 a 4 anos,True,10000,-20.0,-44.0
30-34,Masculino,Preta,Sudeste,Graduação/Bacharelado,Empregado (CLT),Analytics Engineer,Sênior,de R$ 25.001/mês a R$ 30.000/mês,de 7 a 10 anos,Não tive experiência na área de TI/Engenharia de Software antes de começar a trabalhar na área de dados,True,27500,-20.0,-44.0
30-34,Feminino,Branca,Sudeste,Mestrado,Empregado (CLT),Cientista de Dados,Pleno,de R$ 8.001/mês a R$ 12.000/mês,de 1 a 2 anos,Não tive experiência na área de TI/Engenharia de Software antes de começar a trabalhar na área de dados,True,10000,-20.0,-44.0
30-34,Masculino,Branca,Sudeste,Pós-graduação,Empregado (CLT),Cientista de Dados,Pleno,de R$ 8.001/mês a R$ 12.000/mês,de 3 a 4 anos,Não tive experiência na área de TI/Engenharia de Software antes de começar a trabalhar na área de dados,True,10000,-20.0,-44.0
30-34,Masculino,Branca,Sudeste,Graduação/Bacharelado,Empregado (CLT),Analytics Engineer,Sênior,de R$ 8.001/mês a R$ 12.000/mês,de 5 a 6 anos,Não tive experiência na área de TI/Engenharia de Software antes de começar a trabalhar na área de dados,False,10000,-20.0,-44.0
30-34,Masculino,Parda,Sudeste,Doutorado ou Phd,Empregado (CLT),Cientista de Dados,Sênior,de R$ 16.001/mês a R$ 20.000/mês,de 3 a 4 anos,Menos de 1 ano,False,18000,-20.0,-44.0
30-34,Masculino,Amarela,Sudeste,Estudante de Graduação,Empreendedor ou Empregado (CNPJ),Engenheiro de Dados,Júnior,de R$ 4.001/mês a R$ 6.000/mês,de 1 a 2 anos,Menos de 1 ano,True,5000,-20.0,-44.0
30-34,Masculino,Branca,Sul,Graduação/Bacharelado,Empregado (CLT),Analista de Negócios,Pleno,de R$ 6.001/mês a R$ 8.000/mês,de 1 a 2 anos,Não tive experiência na área de TI/Engenharia de Software antes de começar a trabalhar na área de dados,True,7000,-27.0,-51.0
30-34,Masculino,Branca,Centro-oeste,Não tenho graduação formal,Empregado (CLT),Analista de BI,Pleno,de R$ 4.001/mês a R$ 6.000/mês,de 1 a 2 anos,Não tive experiência na área de TI/Engenharia de Software antes de começar a trabalhar na área de dados,True,5000,-15.0,-52.0
30-34,Masculino,Branca,Sudeste,Mestrado,Empreendedor ou Empregado (CNPJ),Cientista de Dados,Sênior,de R$ 25.001/mês a R$ 30.000/mês,de 3 a 4 anos,de 3 a 4 anos,True,27500,-20.0,-44.0
30-34,Masculino,Parda,Sudeste,Graduação/Bacharelado,Empregado (CLT),Analista de Dados,Sênior,de R$ 6.001/mês a R$ 8.000/mês,de 7 a 10 anos,Não tive experiência na área de TI/Engenharia de Software antes de começar a trabalhar na área de dados,True,7000,-20.0,-44.0
30-34,Masculino,Preta,Sudeste,Graduação/Bacharelado,Empregado (CLT),Estatístico,Pleno,de R$ 4.001/mês a R$ 6.000/mês,de 3 a 4 anos,Não tive experiência na área de TI/Engenharia de Software antes de começar a trabalhar na área de dados,True,5000,-20.0,-44.0
30-34,Masculino,Branca,Sudeste,Mestrado,Empregado (CLT),Analytics Engineer,Pleno,de R$ 6.001/mês a R$ 8.000/mês,de 3 a 4 anos,Não tive experiência na área de TI/Engenharia de Software antes de começar a trabalhar na área de dados,True,7000,-20.0,-44.0
30-34,Masculino,Branca,Sul,Pós-graduação,Empregado (CLT),Analista de BI,Júnior,de R$ 2.001/mês a R$ 3.000/mês,Menos de 1 ano,Menos de 1 ano,False,2500,-27.0,-51.0
30-34,Masculino,Parda,Sudeste,Graduação/Bacharelado,Empregado (CLT),Outro,Júnior,de R$ 2.001/mês a R$ 3.000/mês,Não tenho experiência na área de dados,Não tive experiência na área de TI/Engenharia de Software antes de começar a trabalhar na área de dados,False,2500,-20.0,-44.0
30-34,Masculino,Branca,Sudeste,Graduação/Bacharelado,Empregado (CLT),Desenvolvedor,Pleno,de R$ 4.001/mês a R$ 6.000/mês,Menos de 1 ano,de 1 a 2 anos,True,5000,-20.0,-44.0
30-34,Masculino,Branca,Sudeste,Estudante de Graduação,Empregado (CLT),Analista de Negócios,Júnior,de R$ 4.001/mês a R$ 6.000/mês,de 1 a 2 anos,Não tive experiência na área de TI/Engenharia de Software antes de começar a trabalhar na área de dados,True,5000,-20.0,-44.0
30-34,Masculino,Branca,Sudeste,Estudante de Graduação,Empregado (CLT),Analista de Negócios,Júnior,de R$ 4.001/mês a R$ 6.000/mês,de 1 a 2 anos,Não tive experiência na área de TI/Engenharia de Software antes de começar a trabalhar na área de dados,True,5000,-20.0,-44.0
30-34,Feminino,Parda,Sudeste,Pós-graduação,Empregado (CLT),Cientista de Dados,Sênior,de R$ 12.001/mês a R$ 16.000/mês,de 5 a 6 anos,Não tive experiência na área de TI/Engenharia de Software antes de começar a trabalhar na área de dados,True,14000,-20.0,-44.0
30-34,Feminino,Branca,Sul,Graduação/Bacharelado,Empregado (CLT),Analista de Dados,Pleno,de R$ 6.001/mês a R$ 8.000/mês,de 3 a 4 anos,Menos de 1 ano,True,7000,-27.0,-51.0
30-34,Feminino,Branca,Sul,Pós-graduação,Empregado (CLT),Eng. Machine Learning,Sênior,de R$ 12.001/mês a R$ 16.000/mês,Mais de 10 anos,de 1 a 2 anos,True,14000,-27.0,-51.0
30-34,Feminino,Parda,Centro-oeste,Pós-graduação,Empregado (CLT),Analista de Dados,Júnior,de R$ 4.001/mês a R$ 6.000/mês,de 3 a 4 anos,Não tive experiência na área de TI/Engenharia de Software antes de começar a trabalhar na área de dados,True,5000,-15.0,-52.0
30-34,Feminino,Preta,Sudeste,Mestrado,Empregado (CLT),Analytics Engineer,Sênior,de R$ 12.001/mês a R$ 16.000/mês,de 5 a 6 anos,Não tive experiência na área de TI/Engenharia de Software antes de começar a trabalhar na área de dados,True,14000,-20.0,-44.0
30-34,Feminino,Preta,Sudeste,Mestrado,Empregado (CLT),Cientista de Dados,Sênior,de R$ 12.001/mês a R$ 16.000/mês,de 5 a 6 anos,de 3 a 4 anos,True,14000,-20.0,-44.0
30-34,Masculino,Parda,Sudeste,Pós-graduação,Empregado (CLT),Analista de Dados,Pleno,de R$ 4.001/mês a R$ 6.000/mês,de 1 a 2 anos,Não tive experiência na área de TI/Engenharia de Software antes de começar a trabalhar na área de dados,False,5000,-20.0,-44.0
30-34,Feminino,Branca,Sudeste,Graduação/Bacharelado,Empregado (CLT),Analista de Dados,Sênior,de R$ 6.001/mês a R$ 8.000/mês,de 3 a 4 anos,Não tive experiência na área de TI/Engenharia de Software antes de começar a trabalhar na área de dados,True,7000,-20.0,-44.0
30-34,Masculino,Branca,Sudeste,Mestrado,Vivo no Brasil e trabalho remoto para empresa de fora do Brasil,Eng. Machine Learning,Sênior,de R$ 30.001/mês a R$ 40.000/mês,de 7 a 10 anos,Não tive experiência na área de TI/Engenharia de Software antes de começar a trabalhar na área de dados,True,35000,-20.0,-44.0
30-34,Masculino,Amarela,Sudeste,Graduação/Bacharelado,Empregado (CLT),Analista de Dados,Sênior,de R$ 20.001/mês a R$ 25.000/mês,de 3 a 4 anos,Não tive experiência na área de TI/Engenharia de Software antes de começar a trabalhar na área de dados,False,22500,-20.0,-44.0
30-34,Masculino,Preta,Sul,Mestrado,Empregado (CLT),Engenheiro de Dados,Sênior,de R$ 8.001/mês a R$ 12.000/mês,de 5 a 6 anos,Não tive experiência na área de TI/Engenharia de Software antes de começar a trabalhar na área de dados,True,10000,-27.0,-51.0
30-34,Masculino,Parda,,Mestrado,Empregado (CLT),Analista de Suporte,Sênior,de R$ 8.001/mês a R$ 12.000/mês,de 1 a 2 anos,de 1 a 2 anos,False,10000,,
30-34,Masculino,Branca,Sudeste,Pós-graduação,Empregado (CLT),Cientista de Dados,Sênior,de R$ 8.001/mês a R$ 12.000/mês,de 5 a 6 anos,Não tive experiência na área de TI/Engenharia de Software antes de começar a trabalhar na área de dados,True,10000,-20.0,-44.0
30-34,Feminino,Branca,Sul,Pós-graduação,Empregado (CLT),Analista de Dados,Pleno,de R$ 6.001/mês a R$ 8.000/mês,de 3 a 4 anos,Menos de 1 ano,False,7000,-27.0,-51.0
30-34,Masculino,Preta,Norte,Mestrado,Empregado (CLT),Eng. Machine Learning,Sênior,de R$ 16.001/mês a R$ 20.000/mês,de 3 a 4 anos,de 5 a 6 anos,False,18000,-5.0,-60.0
30-34,Feminino,Branca,Sudeste,Mestrado,Empregado (CLT),Cientista de Dados,Pleno,de R$ 16.001/mês a R$ 20.000/mês,de 1 a 2 anos,Não tive experiência na área de TI/Engenharia de Software antes de começar a trabalhar na área de dados,False,18000,-20.0,-44.0
30-34,Masculino,Branca,Sudeste,Graduação/Bacharelado,Empregado (CLT),Desenvolvedor,Pleno,de R$ 3.001/mês a R$ 4.000/mês,de 1 a 2 anos,de 5 a 6 anos,False,3500,-20.0,-44.0
30-34,Masculino,Branca,Sudeste,Graduação/Bacharelado,Empregado (CLT),Analista de Dados,Sênior,de R$ 12.001/mês a R$ 16.000/mês,de 5 a 6 anos,Não tive experiência na área de TI/Engenharia de Software antes de começar a trabalhar na área de dados,False,14000,-20.0,-44.0
30-34,Feminino,Branca,Sudeste,Pós-graduação,Empregado (CLT),Analista de Dados,Pleno,de R$ 4.001/mês a R$ 6.000/mês,de 3 a 4 anos,de 1 a 2 anos,False,5000,-20.0,-44.0
30-34,Feminino,Branca,Sudeste,Doutorado ou Phd,Empreendedor ou Empregado (CNPJ),Analista de Dados,Pleno,de R$ 6.001/mês a R$ 8.000/mês,Menos de 1 ano,Não tive experiência na área de TI/Engenharia de Software antes de começar a trabalhar na área de dados,False,7000,-20.0,-44.0
30-34,Masculino,Branca,Sudeste,Pós-graduação,Empregado (CLT),Cientista de Dados,Sênior,de R$ 8.001/mês a R$ 12.000/mês,de 3 a 4 anos,Não tive experiência na área de TI/Engenharia de Software antes de começar a trabalhar na área de dados,True,10000,-20.0,-44.0
30-34,Masculino,Branca,Nordeste,Pós-graduação,Empregado (CLT),Analista de Dados,Sênior,de R$ 8.001/mês a R$ 12.000/mês,de 3 a 4 anos,Não tive experiência na área de TI/Engenharia de Software antes de começar a trabalhar na área de dados,True,10000,-8.0,-38.0
30-34,Masculino,Branca,Sudeste,Mestrado,Empregado (CLT),Cientista de Dados,Júnior,de R$ 6.001/mês a R$ 8.000/mês,de 3 a 4 anos,Não tive experiência na área de TI/Engenharia de Software antes de começar a trabalhar na área de dados,True,7000,-20.0,-44.0
30-34,Masculino,Branca,Sudeste,Graduação/Bacharelado,Empregado (CLT),Cientista de Dados,Sênior,de R$ 8.001/mês a R$ 12.000/mês,de 3 a 4 anos,de 1 a 2 anos,True,10000,-20.0,-44.0
30-34,Feminino,Parda,Sudeste,Graduação/Bacharelado,Empregado (CLT),Analista de Dados,Pleno,de R$ 6.001/mês a R$ 8.000/mês,de 3 a 4 anos,Não tive experiência na área de TI/Engenharia de Software antes de começar a trabalhar na área de dados,True,7000,-20.0,-44.0
30-34,Masculino,Branca,Sudeste,Graduação/Bacharelado,Empregado (CLT),Analytics Engineer,Sênior,de R$ 16.001/mês a R$ 20.000/mês,de 5 a 6 anos,de 1 a 2 anos,True,18000,-20.0,-44.0
30-34,Masculino,Branca,Sudeste,Pós-graduação,Empregado (CLT),Analista de Dados,Pleno,de R$ 4.001/mês a R$ 6.000/mês,de 3 a 4 anos,Não tive experiência na área de TI/Engenharia de Software antes de começar a trabalhar na área de dados,True,5000,-20.0,-44.0
30-34,Masculino,Branca,Sudeste,Pós-graduação,Empregado (CLT),Engenheiro de Dados,Sênior,de R$ 12.001/mês a R$ 16.000/mês,de 3 a 4 anos,de 1 a 2 anos,False,14000,-20.0,-44.0
30-34,Masculino,Branca,Sudeste,Graduação/Bacharelado,Empreendedor ou Empregado (CNPJ),Eng. Machine Learning,Pleno,de R$ 6.001/mês a R$ 8.000/mês,de 3 a 4 anos,Não tive experiência na área de TI/Engenharia de Software antes de começar a trabalhar na área de dados,False,7000,-20.0,-44.0
30-34,Masculino,Branca,Sudeste,Mestrado,Empregado (CLT),Analista de BI,Pleno,de R$ 4.001/mês a R$ 6.000/mês,de 3 a 4 anos,Não tive experiência na área de TI/Engenharia de Software antes de começar a trabalhar na área de dados,False,5000,-20.0,-44.0
30-34,Masculino,Branca,Sul,Pós-graduação,Empregado (CLT),Analista de BI,Sênior,de R$ 6.001/mês a R$ 8.000/mês,de 5 a 6 anos,de 3 a 4 anos,True,7000,-27.0,-51.0
30-34,Masculino,Branca,Nordeste,Estudante de Graduação,Empregado (CLT),Analista de Dados,Pleno,de R$ 4.001/mês a R$ 6.000/mês,de 3 a 4 anos,Não tive experiência na área de TI/Engenharia de Software antes de começar a trabalhar na área de dados,False,5000,-8.0,-38.0
30-34,Masculino,Branca,Sul,Pós-graduação,Empregado (CLT),Analista de Dados,Sênior,de R$ 8.001/mês a R$ 12.000/mês,de 7 a 10 anos,Não tive experiência na área de TI/Engenharia de Software antes de começar a trabalhar na área de dados,True,10000,-27.0,-51.0
30-34,Masculino,Branca,Sudeste,Graduação/Bacharelado,Empregado (CLT),Cientista de Dados,Pleno,de R$ 6.001/mês a R$ 8.000/mês,de 3 a 4 anos,Não tive experiência na área de TI/Engenharia de Software antes de começar a trabalhar na área de dados,True,7000,-20.0,-44.0
30-34,Feminino,Parda,Sudeste,Pós-graduação,Empregado (CLT),Analista de BI,Pleno,de R$ 8.001/mês a R$ 12.000/mês,de 5 a 6 anos,de 5 a 6 anos,False,10000,-20.0,-44.0
30-34,Prefiro não informar,Preta,Sudeste,Mestrado,Empregado (CLT),Engenheiro de Dados,Pleno,de R$ 8.001/mês a R$ 12.000/mês,de 1 a 2 anos,Não tive experiência na área de TI/Engenharia de Software antes de começar a trabalhar na área de dados,True,10000,-20.0,-44.0
30-34,Masculino,Branca,Sudeste,Pós-graduação,Empregado (CLT),Analista de Dados,Sênior,de R$ 12.001/mês a R$ 16.000/mês,de 5 a 6 anos,Não tive experiência na área de TI/Engenharia de Software antes de começar a trabalhar na área de dados,True,14000,-20.0,-44.0
30-34,Feminino,Branca,Sudeste,Graduação/Bacharelado,Empreendedor ou Empregado (CNPJ),Engenheiro de Dados,Pleno,de R$ 4.001/mês a R$ 6.000/mês,de 3 a 4 anos,Não tive experiência na área de TI/Engenharia de Software antes de começar a trabalhar na área de dados,False,5000,-20.0,-44.0
30-34,Masculino,Parda,Nordeste,Pós-graduação,Empregado (CLT),Engenheiro de Dados,Sênior,de R$ 16.001/mês a R$ 20.000/mês,de 3 a 4 anos,de 1 a 2 anos,True,18000,-8.0,-38.0
30-34,Feminino,Branca,Sudeste,Pós-graduação,Empregado (CLT),Analytics Engineer,Júnior,de R$ 4.001/mês a R$ 6.000/mês,de 1 a 2 anos,Não tive experiência na área de TI/Engenharia de Software antes de começar a trabalhar na área de dados,True,5000,-20.0,-44.0
30-34,Feminino,Parda,Centro-oeste,Graduação/Bacharelado,Empregado (CLT),Analista de Dados,Sênior,de R$ 6.001/mês a R$ 8.000/mês,de 1 a 2 anos,Não tive experiência na área de TI/Engenharia de Software antes de começar a trabalhar na área de dados,True,7000,-15.0,-52.0
30-34,Masculino,Preta,Sudeste,Pós-graduação,Empregado (CLT),Analytics Engineer,Pleno,de R$ 6.001/mês a R$ 8.000/mês,de 3 a 4 anos,de 7 a 10 anos,False,7000,-20.0,-44.0
30-34,Masculino,Branca,Sudeste,Pós-graduação,Empregado (CLT),Outro,Sênior,de R$ 8.001/mês a R$ 12.000/mês,de 3 a 4 anos,de 3 a 4 anos,True,10000,-20.0,-44.0
30-34,Masculino,Parda,Sudeste,Graduação/Bacharelado,Empreendedor ou Empregado (CNPJ),Engenheiro de Dados,Sênior,de R$ 8.001/mês a R$ 12.000/mês,de 5 a 6 anos,Não tive experiência na área de TI/Engenharia de Software antes de começar a trabalhar na área de dados,False,10000,-20.0,-44.0
30-34,Feminino,Branca,Sudeste,Mestrado,Empregado (CLT),Cientista de Dados,Sênior,de R$ 16.001/mês a R$ 20.000/mês,de 3 a 4 anos,Não tive experiência na área de TI/Engenharia de Software antes de começar a trabalhar na área de dados,True,18000,-20.0,-44.0
30-34,Masculino,Preta,Sudeste,Graduação/Bacharelado,Empregado (CLT),Analista de Dados,Sênior,de R$ 12.001/mês a R$ 16.000/mês,Mais de 10 anos,Mais de 10 anos,True,14000,-20.0,-44.0
30-34,Masculino,Branca,Sudeste,Pós-graduação,Empregado (CLT),Arquiteto de Dados,Sênior,de R$ 12.001/mês a R$ 16.000/mês,de 7 a 10 anos,Menos de 1 ano,True,14000,-20.0,-44.0
30-34,Masculino,Amarela,Sudeste,Pós-graduação,Empregado (CLT),Analista de Dados,Sênior,de R$ 16.001/mês a R$ 20.000/mês,de 5 a 6 anos,Não tive experiência na área de TI/Engenharia de Software antes de começar a trabalhar na área de dados,True,18000,-20.0,-44.0
30-34,Masculino,Parda,Sudeste,Pós-graduação,Empregado (CLT),Analista de Dados,Sênior,de R$ 12.001/mês a R$ 16.000/mês,de 3 a 4 anos,Não tive experiência na área de TI/Engenharia de Software antes de começar a trabalhar na área de dados,True,14000,-20.0,-44.0
30-34,Masculino,Branca,Sudeste,Graduação/Bacharelado,Empregado (CLT),Analista de Dados,Sênior,de R$ 12.001/mês a R$ 16.000/mês,de 3 a 4 anos,Não tive experiência na área de TI/Engenharia de Software antes de começar a trabalhar na área de dados,True,14000,-20.0,-44.0
30-34,Feminino,Amarela,Sudeste,Mestrado,Empregado (CLT),Eng. Machine Learning,Pleno,de R$ 8.001/mês a R$ 12.000/mês,de 3 a 4 anos,Não tive experiência na área de TI/Engenharia de Software antes de começar a trabalhar na área de dados,True,10000,-20.0,-44.0
30-34,Masculino,Branca,Sudeste,Graduação/Bacharelado,Empregado (CLT),Engenheiro de Dados,Sênior,de R$ 30.001/mês a R$ 40.000/mês,de 7 a 10 anos,Menos de 1 ano,True,35000,-20.0,-44.0
30-34,Masculino,Amarela,Sudeste,Mestrado,Empregado (CLT),Engenheiro de Dados,Sênior,de R$ 16.001/mês a R$ 20.000/mês,de 5 a 6 anos,de 1 a 2 anos,True,18000,-20.0,-44.0
30-34,Masculino,Branca,Sudeste,Pós-graduação,Empregado (CLT),Analista de Dados,Sênior,de R$ 16.001/mês a R$ 20.000/mês,de 5 a 6 anos,Não tive experiência na área de TI/Engenharia de Software antes de começar a trabalhar na área de dados,True,18000,-20.0,-44.0
30-34,Feminino,Branca,Sudeste,Graduação/Bacharelado,Empregado (CLT),Analytics Engineer,Sênior,de R$ 16.001/mês a R$ 20.000/mês,Mais de 10 anos,Menos de 1 ano,True,18000,-20.0,-44.0
30-34,Masculino,Branca,Norte,Mestrado,Empregado (CLT),Eng. Machine Learning,Sênior,de R$ 16.001/mês a R$ 20.000/mês,de 5 a 6 anos,Não tive experiência na área de TI/Engenharia de Software antes de começar a trabalhar na área de dados,True,18000,-5.0,-60.0
30-34,Masculino,Branca,Sudeste,Não tenho graduação formal,Empregado (CLT),Analista de Dados,Sênior,de R$ 6.001/mês a R$ 8.000/mês,de 1 a 2 anos,de 1 a 2 anos,True,7000,-20.0,-44.0
30-34,Masculino,Branca,Sudeste,Pós-graduação,Empregado (CLT),Engenheiro de Dados,Sênior,de R$ 8.001/mês a R$ 12.000/mês,de 5 a 6 anos,Não tive experiência na área de TI/Engenharia de Software antes de começar a trabalhar na área de dados,False,10000,-20.0,-44.0
30-34,Masculino,Parda,Sudeste,Mestrado,Empregado (CLT),Cientista de Dados,Pleno,de R$ 12.001/mês a R$ 16.000/mês,de 3 a 4 anos,Não tive experiência na área de TI/Engenharia de Software antes de começar a trabalhar na área de dados,False,14000,-20.0,-44.0
30-34,Feminino,Amarela,Sul,Doutorado ou Phd,Empregado (CLT),Cientista de Dados,Júnior,de R$ 8.001/mês a R$ 12.000/mês,de 1 a 2 anos,Não tive experiência na área de TI/Engenharia de Software antes de começar a trabalhar na área de dados,True,10000,-27.0,-51.0
30-34,Feminino,Parda,Sudeste,Mestrado,Empregado (CLT),Analista de Dados,Sênior,de R$ 8.001/mês a R$ 12.000/mês,de 7 a 10 anos,Não tive experiência na área de TI/Engenharia de Software antes de começar a trabalhar na área de dados,False,10000,-20.0,-44.0
30-34,Masculino,Branca,Sudeste,Graduação/Bacharelado,Empregado (CLT),Cientista de Dados,Sênior,de R$ 8.001/mês a R$ 12.000/mês,de 7 a 10 anos,Não tive experiência na área de TI/Engenharia de Software antes de começar a trabalhar na área de dados,True,10000,-20.0,-44.0
30-34,Feminino,Branca,Sul,Estudante de Graduação,Empregado (CLT),Arquiteto de Dados,Sênior,de R$ 12.001/mês a R$ 16.000/mês,Mais de 10 anos,Mais de 10 anos,True,14000,-27.0,-51.0
30-34,Feminino,Branca,Sudeste,Pós-graduação,Empregado (CLT),Analista de Dados,Sênior,de R$ 8.001/mês a R$ 12.000/mês,de 3 a 4 anos,Não tive experiência na área de TI/Engenharia de Software antes de começar a trabalhar na área de dados,True,10000,-20.0,-44.0
30-34,Masculino,Branca,Sudeste,Graduação/Bacharelado,Empregado (CLT),Analista de Dados,Pleno,de R$ 4.001/mês a R$ 6.000/mês,de 3 a 4 anos,Não tive experiência na área de TI/Engenharia de Software antes de começar a trabalhar na área de dados,False,5000,-20.0,-44.0
30-34,Feminino,Branca,Centro-oeste,Graduação/Bacharelado,Empreendedor ou Empregado (CNPJ),Outro,Júnior,de R$ 2.001/mês a R$ 3.000/mês,Menos de 1 ano,Menos de 1 ano,False,2500,-15.0,-52.0
30-34,Masculino,Branca,Sudeste,Pós-graduação,Empregado (CLT),Analytics Engineer,Pleno,de R$ 8.001/mês a R$ 12.000/mês,de 3 a 4 anos,de 1 a 2 anos,False,10000,-20.0,-44.0
30-34,Masculino,Branca,Centro-oeste,Pós-graduação,Empregado (CLT),Outras Engenharias,Pleno,de R$ 8.001/mês a R$ 12.000/mês,Não tenho experiência na área de dados,Não tive experiência na área de TI/Engenharia de Software antes de começar a trabalhar na área de dados,False,10000,-15.0,-52.0
30-34,Masculino,Preta,Sudeste,Graduação/Bacharelado,Empregado (CLT),Eng. Machine Learning,Júnior,de R$ 4.001/mês a R$ 6.000/mês,de 1 a 2 anos,Não tive experiência na área de TI/Engenharia de Software antes de começar a trabalhar na área de dados,True,5000,-20.0,-44.0
30-34,Feminino,Branca,Sudeste,Pós-graduação,Empregado (CLT),Engenheiro de Dados,Sênior,de R$ 12.001/mês a R$ 16.000/mês,de 7 a 10 anos,de 5 a 6 anos,True,14000,-20.0,-44.0
30-34,Outro,Parda,Nordeste,Graduação/Bacharelado,Empregado (CLT),Analytics Engineer,Sênior,de R$ 6.001/mês a R$ 8.000/mês,de 7 a 10 anos,Não tive experiência na área de TI/Engenharia de Software antes de começar a trabalhar na área de dados,True,7000,-8.0,-38.0
30-34,Masculino,Branca,Sudeste,Pós-graduação,Empregado (CLT),Cientista de Dados,Sênior,de R$ 16.001/mês a R$ 20.000/mês,de 5 a 6 anos,Não tive experiência na área de TI/Engenharia de Software antes de começar a trabalhar na área de dados,False,18000,-20.0,-44.0
30-34,Feminino,Branca,Sudeste,Pós-graduação,Empregado (CLT),Product Manager,Sênior,de R$ 8.001/mês a R$ 12.000/mês,de 3 a 4 anos,de 3 a 4 anos,True,10000,-20.0,-44.0
30-34,Masculino,Branca,Sudeste,Pós-graduação,Empregado (CLT),Analytics Engineer,Sênior,de R$ 16.001/mês a R$ 20.000/mês,de 3 a 4 anos,de 7 a 10 anos,True,18000,-20.0,-44.0
30-34,Masculino,Branca,Sudeste,Mestrado,Empreendedor ou Empregado (CNPJ),Analytics Engineer,Pleno,de R$ 6.001/mês a R$ 8.000/mês,de 1 a 2 anos,Não tive experiência na área de TI/Engenharia de Software antes de começar a trabalhar na área de dados,True,7000,-20.0,-44.0
30-34,Masculino,Branca,Nordeste,Pós-graduação,Empregado (CLT),Analista de Suporte,Júnior,de R$ 3.001/mês a R$ 4.000/mês,Menos de 1 ano,Não tive experiência na área de TI/Engenharia de Software antes de começar a trabalhar na área de dados,True,3500,-8.0,-38.0
30-34,Feminino,Parda,Sul,Mestrado,Empregado (CLT),Analista de Negócios,Sênior,de R$ 6.001/mês a R$ 8.000/mês,de 5 a 6 anos,Não tive experiência na área de TI/Engenharia de Software antes de começar a trabalhar na área de dados,True,7000,-27.0,-51.0
30-34,Masculino,Branca,Sudeste,Pós-graduação,Empregado (CLT),Analista de Dados,Sênior,de R$ 8.001/mês a R$ 12.000/mês,de 3 a 4 anos,Não tive experiência na área de TI/Engenharia de Software antes de começar a trabalhar na área de dados,True,10000,-20.0,-44.0
30-34,Feminino,Branca,Sudeste,Pós-graduação,Empregado (CLT),Analista de Suporte,Júnior,de R$ 4.001/mês a R$ 6.000/mês,Não tenho experiência na área de dados,Não tive experiência na área de TI/Engenharia de Software antes de começar a trabalhar na área de dados,True,5000,-20.0,-44.0
30-34,Masculino,Branca,Sul,Pós-graduação,Empregado (CLT),Product Manager,Sênior,de R$ 8.001/mês a R$ 12.000/mês,Mais de 10 anos,de 1 a 2 anos,True,10000,-27.0,-51.0
30-34,Masculino,Parda,Nordeste,Pós-graduação,Empregado (CLT),Analista de Dados,Sênior,de R$ 8.001/mês a R$ 12.000/mês,de 5 a 6 anos,Não tive experiência na área de TI/Engenharia de Software antes de começar a trabalhar na área de dados,True,10000,-8.0,-38.0
30-34,Masculino,Amarela,Sudeste,Pós-graduação,Empregado (CLT),Analista de Negócios,Sênior,de R$ 12.001/mês a R$ 16.000/mês,de 7 a 10 anos,Não tive experiência na área de TI/Engenharia de Software antes de começar a trabalhar na área de dados,False,14000,-20.0,-44.0
30-34,Masculino,Branca,Sudeste,Mestrado,Empregado (CLT),Cientista de Dados,Pleno,de R$ 8.001/mês a R$ 12.000/mês,de 3 a 4 anos,de 3 a 4 anos,True,10000,-20.0,-44.0
30-34,Masculino,Branca,Sudeste,Graduação/Bacharelado,Empregado (CLT),Analista de Dados,Pleno,de R$ 4.001/mês a R$ 6.000/mês,de 7 a 10 anos,Não tive experiência na área de TI/Engenharia de Software antes de começar a trabalhar na área de dados,False,5000,-20.0,-44.0
30-34,Masculino,Branca,Sudeste,Graduação/Bacharelado,Empregado (CLT),Cientista de Dados,Pleno,de R$ 4.001/mês a R$ 6.000/mês,de 1 a 2 anos,Não tive experiência na área de TI/Engenharia de Software antes de começar a trabalhar na área de dados,False,5000,-20.0,-44.0
30-34,Masculino,Branca,Sul,Pós-graduação,Empregado (CLT),Engenheiro de Dados,Sênior,de R$ 6.001/mês a R$ 8.000/mês,de 3 a 4 anos,de 7 a 10 anos,True,7000,-27.0,-51.0
30-34,Masculino,Branca,Sul,Graduação/Bacharelado,Empregado (CLT),Analista de Dados,Sênior,de R$ 6.001/mês a R$ 8.000/mês,de 1 a 2 anos,Não tive experiência na área de TI/Engenharia de Software antes de começar a trabalhar na área de dados,True,7000,-27.0,-51.0
30-34,Masculino,Parda,Sudeste,Graduação/Bacharelado,Empreendedor ou Empregado (CNPJ),Outro,Pleno,de R$ 4.001/mês a R$ 6.000/mês,Menos de 1 ano,Não tive experiência na área de TI/Engenharia de Software antes de começar a trabalhar na área de dados,False,5000,-20.0,-44.0
30-34,Masculino,Branca,Sudeste,Graduação/Bacharelado,Empregado (CLT),Analista de Dados,Pleno,de R$ 8.001/mês a R$ 12.000/mês,de 3 a 4 anos,Menos de 1 ano,True,10000,-20.0,-44.0
30-34,Feminino,Parda,Sudeste,Pós-graduação,Empregado (CLT),Cientista de Dados,Sênior,de R$ 16.001/mês a R$ 20.000/mês,de 5 a 6 anos,Não tive experiência na área de TI/Engenharia de Software antes de começar a trabalhar na área de dados,True,18000,-20.0,-44.0
30-34,Masculino,Parda,Sudeste,Graduação/Bacharelado,Empregado (CLT),Eng. Machine Learning,Sênior,de R$ 8.001/mês a R$ 12.000/mês,de 3 a 4 anos,de 1 a 2 anos,True,10000,-20.0,-44.0
30-34,Masculino,Branca,Sul,Estudante de Graduação,Empregado (CLT),Outras Engenharias,Júnior,de R$ 2.001/mês a R$ 3.000/mês,de 1 a 2 anos,Não tive experiência na área de TI/Engenharia de Software antes de começar a trabalhar na área de dados,False,2500,-27.0,-51.0
30-34,Masculino,Preta,Sudeste,Doutorado ou Phd,Empregado (CLT),Cientista de Dados,Sênior,de R$ 12.001/mês a R$ 16.000/mês,de 1 a 2 anos,de 1 a 2 anos,False,14000,-20.0,-44.0
30-34,Masculino,Preta,Sudeste,Graduação/Bacharelado,Empregado (CLT),Analista de Dados,Pleno,de R$ 8.001/mês a R$ 12.000/mês,de 3 a 4 anos,Não tive experiência na área de TI/Engenharia de Software antes de começar a trabalhar na área de dados,True,10000,-20.0,-44.0
30-34,Feminino,Parda,Nordeste,Pós-graduação,Empregado (CLT),Eng. Machine Learning,Pleno,de R$ 8.001/mês a R$ 12.000/mês,de 3 a 4 anos,Não tive experiência na área de TI/Engenharia de Software antes de começar a trabalhar na área de dados,True,10000,-8.0,-38.0
30-34,Masculino,Branca,Nordeste,Graduação/Bacharelado,Empregado (CLT),Engenheiro de Dados,Pleno,de R$ 8.001/mês a R$ 12.000/mês,de 1 a 2 anos,de 1 a 2 anos,True,10000,-8.0,-38.0
30-34,Masculino,Branca,Sudeste,Doutorado ou Phd,Empregado (CLT),Engenheiro de Dados,Pleno,de R$ 8.001/mês a R$ 12.000/mês,de 3 a 4 anos,Não tive experiência na área de TI/Engenharia de Software antes de começar a trabalhar na área de dados,True,10000,-20.0,-44.0
30-34,Masculino,Parda,Nordeste,Mestrado,Empregado (CLT),Cientista de Dados,Pleno,de R$ 8.001/mês a R$ 12.000/mês,de 1 a 2 anos,Não tive experiência na área de TI/Engenharia de Software antes de começar a trabalhar na área de dados,True,10000,-8.0,-38.0
30-34,Feminino,Branca,Nordeste,Estudante de Graduação,Estagiário,Analista de BI,Júnior,Menos de R$ 1.000/mês,Menos de 1 ano,Não tive experiência na área de TI/Engenharia de Software antes de começar a trabalhar na área de dados,False,500,-8.0,-38.0
30-34,Masculino,Branca,Sul,Graduação/Bacharelado,Empregado (CLT),Analista de Suporte,Pleno,de R$ 2.001/mês a R$ 3.000/mês,Menos de 1 ano,Não tive experiência na área de TI/Engenharia de Software antes de começar a trabalhar na área de dados,True,2500,-27.0,-51.0
30-34,Feminino,Parda,Sudeste,Graduação/Bacharelado,Estagiário,Analista de Dados,Júnior,de R$ 1.001/mês a R$ 2.000/mês,de 1 a 2 anos,Não tive experiência na área de TI/Engenharia de Software antes de começar a trabalhar na área de dados,False,1500,-20.0,-44.0
30-34,Masculino,Parda,Sudeste,Graduação/Bacharelado,Empregado (CLT),Cientista de Dados,Pleno,de R$ 16.001/mês a R$ 20.000/mês,de 3 a 4 anos,Não tive experiência na área de TI/Engenharia de Software antes de começar a trabalhar na área de dados,True,18000,-20.0,-44.0
30-34,Feminino,Branca,Sudeste,Pós-graduação,Empreendedor ou Empregado (CNPJ),Analista de BI,Sênior,de R$ 6.001/mês a R$ 8.000/mês,de 1 a 2 anos,Não tive experiência na área de TI/Engenharia de Software antes de começar a trabalhar na área de dados,True,7000,-20.0,-44.0
30-34,Feminino,Branca,Centro-oeste,Graduação/Bacharelado,Vivo no Brasil e trabalho remoto para empresa de fora do Brasil,Engenheiro de Dados,Sênior,de R$ 30.001/mês a R$ 40.000/mês,de 3 a 4 anos,de 1 a 2 anos,True,35000,-15.0,-52.0
30-34,Masculino,Branca,Sul,Mestrado,Empregado (CLT),Cientista de Dados,Sênior,de R$ 16.001/mês a R$ 20.000/mês,de 7 a 10 anos,Não tive experiência na área de TI/Engenharia de Software antes de começar a trabalhar na área de dados,True,18000,-27.0,-51.0
30-34,Masculino,Branca,,Pós-graduação,Vivo fora do Brasil e trabalho para empresa de fora do Brasil,Analista de Dados,Sênior,de R$ 20.001/mês a R$ 25.000/mês,de 1 a 2 anos,Não tive experiência na área de TI/Engenharia de Software antes de começar a trabalhar na área de dados,True,22500,,
30-34,Masculino,Preta,Sudeste,Mestrado,Empregado (CLT),Cientista de Dados,Sênior,de R$ 12.001/mês a R$ 16.000/mês,de 7 a 10 anos,de 3 a 4 anos,False,14000,-20.0,-44.0
30-34,Masculino,Branca,Sudeste,Graduação/Bacharelado,Empregado (CLT),Analista de BI,Sênior,de R$ 6.001/mês a R$ 8.000/mês,de 3 a 4 anos,Não tive experiência na área de TI/Engenharia de Software antes de começar a trabalhar na área de dados,False,7000,-20.0,-44.0
30-34,Feminino,Branca,Sudeste,Mestrado,Empregado (CLT),Cientista de Dados,Pleno,de R$ 8.001/mês a R$ 12.000/mês,de 5 a 6 anos,Não tive experiência na área de TI/Engenharia de Software antes de começar a trabalhar na área de dados,False,10000,-20.0,-44.0
30-34,Masculino,Branca,Sudeste,Graduação/Bacharelado,Empregado (CLT),Analista de BI,Sênior,de R$ 16.001/mês a R$ 20.000/mês,de 7 a 10 anos,Não tive experiência na área de TI/Engenharia de Software antes de começar a trabalhar na área de dados,True,18000,-20.0,-44.0
30-34,Masculino,Branca,Norte,Pós-graduação,Servidor Público,Engenheiro de Dados,Pleno,de R$ 8.001/mês a R$ 12.000/mês,de 3 a 4 anos,Menos de 1 ano,True,10000,-5.0,-60.0
30-34,Masculino,Parda,Nordeste,Pós-graduação,Empreendedor ou Empregado (CNPJ),Analista de Dados,Pleno,de R$ 6.001/mês a R$ 8.000/mês,de 1 a 2 anos,Não tive experiência na área de TI/Engenharia de Software antes de começar a trabalhar na área de dados,True,7000,-8.0,-38.0
30-34,Masculino,Branca,Nordeste,Graduação/Bacharelado,Vivo no Brasil e trabalho remoto para empresa de fora do Brasil,Engenheiro de Dados,Sênior,Acima de R$ 40.001/mês,de 1 a 2 anos,Não tive experiência na área de TI/Engenharia de Software antes de começar a trabalhar na área de dados,True,45000,-8.0,-38.0
30-34,Feminino,Branca,Sudeste,Pós-graduação,Empregado (CLT),Analista de BI,Sênior,de R$ 8.001/mês a R$ 12.000/mês,de 7 a 10 anos,Não tive experiência na área de TI/Engenharia de Software antes de começar a trabalhar na área de dados,False,10000,-20.0,-44.0
30-34,Masculino,Branca,Sudeste,Graduação/Bacharelado,Empregado (CLT),Analytics Engineer,Pleno,de R$ 6.001/mês a R$ 8.000/mês,de 5 a 6 anos,Não tive experiência na área de TI/Engenharia de Software antes de começar a trabalhar na área de dados,True,7000,-20.0,-44.0
30-34,Masculino,Branca,Sudeste,Pós-graduação,Empregado (CLT),Outro,Sênior,de R$ 16.001/mês a R$ 20.000/mês,de 5 a 6 anos,Menos de 1 ano,True,18000,-20.0,-44.0
30-34,Masculino,Branca,Sudeste,Não tenho graduação formal,Empregado (CLT),Engenheiro de Dados,Sênior,de R$ 6.001/mês a R$ 8.000/mês,de 7 a 10 anos,de 3 a 4 anos,True,7000,-20.0,-44.0
30-34,Masculino,Parda,Sudeste,Pós-graduação,Empregado (CLT),Analista de Dados,Pleno,de R$ 8.001/mês a R$ 12.000/mês,de 5 a 6 anos,Menos de 1 ano,True,10000,-20.0,-44.0
30-34,Masculino,Parda,Sul,Graduação/Bacharelado,Empregado (CLT),Cientista de Dados,Sênior,de R$ 12.001/mês a R$ 16.000/mês,de 7 a 10 anos,de 7 a 10 anos,False,14000,-27.0,-51.0
30-34,Masculino,Parda,Nordeste,Mestrado,Empregado (CLT),Analista de Dados,Pleno,de R$ 4.001/mês a R$ 6.000/mês,de 3 a 4 anos,Menos de 1 ano,True,5000,-8.0,-38.0
30-34,Masculino,Parda,Centro-oeste,Graduação/Bacharelado,Empregado (CLT),Outro,Pleno,de R$ 6.001/mês a R$ 8.000/mês,Não tenho experiência na área de dados,Não tive experiência na área de TI/Engenharia de Software antes de começar a trabalhar na área de dados,False,7000,-15.0,-52.0
30-34,Feminino,Branca,Sudeste,Graduação/Bacharelado,Empregado (CLT),Engenheiro de Dados,Júnior,de R$ 6.001/mês a R$ 8.000/mês,de 1 a 2 anos,de 1 a 2 anos,True,7000,-20.0,-44.0
30-34,Masculino,Branca,Sudeste,Pós-graduação,Empregado (CLT),Analytics Engineer,Pleno,de R$ 8.001/mês a R$ 12.000/mês,de 3 a 4 anos,Não tive experiência na área de TI/Engenharia de Software antes de começar a trabalhar na área de dados,True,10000,-20.0,-44.0
30-34,Masculino,Preta,Sudeste,Graduação/Bacharelado,Empregado (CLT),Engenheiro de Dados,Pleno,de R$ 8.001/mês a R$ 12.000/mês,de 3 a 4 anos,Não tive experiência na área de TI/Engenharia de Software antes de começar a trabalhar na área de dados,True,10000,-20.0,-44.0
30-34,Feminino,Parda,Sudeste,Graduação/Bacharelado,Empregado (CLT),Engenheiro de Dados,Pleno,de R$ 8.001/mês a R$ 12.000/mês,de 3 a 4 anos,de 1 a 2 anos,True,10000,-20.0,-44.0
30-34,Masculino,Branca,Sul,Graduação/Bacharelado,Empregado (CLT),Engenheiro de Dados,Pleno,de R$ 6.001/mês a R$ 8.000/mês,de 3 a 4 anos,Não tive experiência na área de TI/Engenharia de Software antes de começar a trabalhar na área de dados,True,7000,-27.0,-51.0
30-34,Masculino,Branca,Sul,Graduação/Bacharelado,Empregado (CLT),Product Manager,Sênior,de R$ 12.001/mês a R$ 16.000/mês,de 5 a 6 anos,de 7 a 10 anos,False,14000,-27.0,-51.0
30-34,Masculino,Branca,Sul,Pós-graduação,Empregado (CLT),Analista de Dados,Pleno,de R$ 6.001/mês a R$ 8.000/mês,de 3 a 4 anos,Não tive experiência na área de TI/Engenharia de Software antes de começar a trabalhar na área de dados,True,7000,-27.0,-51.0
30-34,Feminino,Branca,Sul,Doutorado ou Phd,Empregado (CLT),Cientista de Dados,Sênior,de R$ 8.001/mês a R$ 12.000/mês,de 5 a 6 anos,Não tive experiência na área de TI/Engenharia de Software antes de começar a trabalhar na área de dados,True,10000,-27.0,-51.0
30-34,Feminino,Parda,Sudeste,Pós-graduação,Empregado (CLT),Outro,Sênior,de R$ 8.001/mês a R$ 12.000/mês,de 7 a 10 anos,Não tive experiência na área de TI/Engenharia de Software antes de começar a trabalhar na área de dados,True,10000,-20.0,-44.0
30-34,Feminino,Branca,Sudeste,Graduação/Bacharelado,Empregado (CLT),Analista de Negócios,Sênior,de R$ 12.001/mês a R$ 16.000/mês,de 3 a 4 anos,Não tive experiência na área de TI/Engenharia de Software antes de começar a trabalhar na área de dados,True,14000,-20.0,-44.0
30-34,Masculino,Prefiro não informar,Sul,Graduação/Bacharelado,Empregado (CLT),Engenheiro de Dados,Júnior,de R$ 6.001/mês a R$ 8.000/mês,de 1 a 2 anos,Não tive experiência na área de TI/Engenharia de Software antes de começar a trabalhar na área de dados,True,7000,-27.0,-51.0
30-34,Feminino,Parda,Centro-oeste,Doutorado ou Phd,Empregado (CLT),Cientista de Dados,Sênior,de R$ 12.001/mês a R$ 16.000/mês,Mais de 10 anos,Não tive experiência na área de TI/Engenharia de Software antes de começar a trabalhar na área de dados,True,14000,-15.0,-52.0
30-34,Masculino,Branca,Sul,Graduação/Bacharelado,Empregado (CLT),Engenheiro de Dados,Pleno,de R$ 12.001/mês a R$ 16.000/mês,de 5 a 6 anos,de 1 a 2 anos,True,14000,-27.0,-51.0
30-34,Feminino,Amarela,Sudeste,Graduação/Bacharelado,Empregado (CLT),Eng. Machine Learning,Pleno,de R$ 8.001/mês a R$ 12.000/mês,de 3 a 4 anos,Não tive experiência na área de TI/Engenharia de Software antes de começar a trabalhar na área de dados,True,10000,-20.0,-44.0
30-34,Masculino,Parda,Sudeste,Pós-graduação,Empregado (CLT),Analista de Negócios,Pleno,de R$ 6.001/mês a R$ 8.000/mês,de 1 a 2 anos,Não tive experiência na área de TI/Engenharia de Software antes de começar a trabalhar na área de dados,True,7000,-20.0,-44.0
30-34,Feminino,Branca,Sudeste,Graduação/Bacharelado,Empregado (CLT),Analista de Dados,Pleno,de R$ 2.001/mês a R$ 3.000/mês,de 1 a 2 anos,Não tive experiência na área de TI/Engenharia de Software antes de começar a trabalhar na área de dados,False,2500,-20.0,-44.0
30-34,Masculino,Branca,Sudeste,Não tenho graduação formal,Empregado (CLT),Engenheiro de Dados,Pleno,de R$ 8.001/mês a R$ 12.000/mês,de 1 a 2 anos,Menos de 1 ano,True,10000,-20.0,-44.0
30-34,Masculino,Preta,Nordeste,Pós-graduação,Empregado (CLT),Outro,Pleno,de R$ 4.001/mês a R$ 6.000/mês,de 3 a 4 anos,de 1 a 2 anos,False,5000,-8.0,-38.0
30-34,Masculino,Branca,Sudeste,Graduação/Bacharelado,Vivo no Brasil e trabalho remoto para empresa de fora do Brasil,Analista de Dados,Sênior,de R$ 30.001/mês a R$ 40.000/mês,de 5 a 6 anos,Não tive experiência na área de TI/Engenharia de Software antes de começar a trabalhar na área de dados,False,35000,-20.0,-44.0
30-34,Masculino,Branca,Sul,Graduação/Bacharelado,Empregado (CLT),Professor/Pesquisador,Júnior,de R$ 3.001/mês a R$ 4.000/mês,de 1 a 2 anos,Não tive experiência na área de TI/Engenharia de Software antes de começar a trabalhar na área de dados,False,3500,-27.0,-51.0
30-34,Feminino,Branca,Sul,Mestrado,Empregado (CLT),Cientista de Dados,Pleno,de R$ 6.001/mês a R$ 8.000/mês,de 3 a 4 anos,Não tive experiência na área de TI/Engenharia de Software antes de começar a trabalhar na área de dados,False,7000,-27.0,-51.0
30-34,Masculino,Branca,Nordeste,Doutorado ou Phd,Empregado (CLT),Engenheiro de Dados,Pleno,de R$ 12.001/mês a R$ 16.000/mês,de 1 a 2 anos,Não tive experiência na área de TI/Engenharia de Software antes de começar a trabalhar na área de dados,True,14000,-8.0,-38.0
30-34,Feminino,Parda,Sudeste,Pós-graduação,Empregado (CLT),Analista de Dados,Júnior,de R$ 3.001/mês a R$ 4.000/mês,de 5 a 6 anos,Menos de 1 ano,False,3500,-20.0,-44.0
30-34,Masculino,Prefiro não informar,Sudeste,Pós-graduação,Empregado (CLT),Analista de Dados,Sênior,de R$ 8.001/mês a R$ 12.000/mês,de 7 a 10 anos,Não tive experiência na área de TI/Engenharia de Software antes de começar a trabalhar na área de dados,True,10000,-20.0,-44.0
30-34,Masculino,Branca,Sudeste,Pós-graduação,Empregado (CLT),Engenheiro de Dados,Sênior,de R$ 30.001/mês a R$ 40.000/mês,de 7 a 10 anos,de 1 a 2 anos,True,35000,-20.0,-44.0
30-34,Masculino,Branca,Sul,Graduação/Bacharelado,Empregado (CLT),Engenheiro de Dados,Pleno,de R$ 6.001/mês a R$ 8.000/mês,de 3 a 4 anos,de 1 a 2 anos,False,7000,-27.0,-51.0
30-34,Masculino,Preta,Nordeste,Mestrado,Empregado (CLT),Cientista de Dados,Sênior,de R$ 12.001/mês a R$ 16.000/mês,de 5 a 6 anos,Não tive experiência na área de TI/Engenharia de Software antes de começar a trabalhar na área de dados,False,14000,-8.0,-38.0
30-34,Masculino,Branca,Sudeste,Pós-graduação,Vivo no Brasil e trabalho remoto para empresa de fora do Brasil,Analista de Dados,Sênior,de R$ 30.001/mês a R$ 40.000/mês,de 3 a 4 anos,de 3 a 4 anos,True,35000,-20.0,-44.0
30-34,Masculino,Parda,Nordeste,Pós-graduação,Empregado (CLT),Outras Engenharias,Pleno,de R$ 8.001/mês a R$ 12.000/mês,de 1 a 2 anos,Não tive experiência na área de TI/Engenharia de Software antes de começar a trabalhar na área de dados,True,10000,-8.0,-38.0
30-34,Feminino,Parda,Sudeste,Pós-graduação,Empregado (CLT),Outro,Sênior,de R$ 8.001/mês a R$ 12.000/mês,Não tenho experiência na área de dados,Não tive experiência na área de TI/Engenharia de Software antes de começar a trabalhar na área de dados,True,10000,-20.0,-44.0
30-34,Masculino,Parda,Nordeste,Pós-graduação,Empregado (CLT),Analista de Negócios,Pleno,de R$ 4.001/mês a R$ 6.000/mês,de 3 a 4 anos,Menos de 1 ano,False,5000,-8.0,-38.0
30-34,Masculino,Branca,Sudeste,Pós-graduação,Empregado (CLT),Analytics Engineer,Sênior,de R$ 16.001/mês a R$ 20.000/mês,de 5 a 6 anos,Não tive experiência na área de TI/Engenharia de Software antes de começar a trabalhar na área de dados,False,18000,-20.0,-44.0
30-34,Masculino,Branca,Sudeste,Pós-graduação,Empregado (CLT),Cientista de Dados,Sênior,de R$ 16.001/mês a R$ 20.000/mês,de 5 a 6 anos,Não tive experiência na área de TI/Engenharia de Software antes de começar a trabalhar na área de dados,False,18000,-20.0,-44.0
30-34,Masculino,Branca,Sudeste,Pós-graduação,Empregado (CLT),Outro,Pleno,de R$ 6.001/mês a R$ 8.000/mês,de 3 a 4 anos,Não tive experiência na área de TI/Engenharia de Software antes de começar a trabalhar na área de dados,False,7000,-20.0,-44.0
30-34,Masculino,Branca,Sudeste,Graduação/Bacharelado,Empregado (CLT),Engenheiro de Dados,Pleno,de R$ 8.001/mês a R$ 12.000/mês,de 3 a 4 anos,Não tive experiência na área de TI/Engenharia de Software antes de começar a trabalhar na área de dados,True,10000,-20.0,-44.0
30-34,Masculino,Branca,Sudeste,Doutorado ou Phd,Empregado (CLT),Analista de Dados,Pleno,de R$ 4.001/mês a R$ 6.000/mês,de 1 a 2 anos,de 1 a 2 anos,False,5000,-20.0,-44.0
30-34,Feminino,Branca,Sul,Doutorado ou Phd,Empregado (CLT),Analista de Dados,Sênior,de R$ 8.001/mês a R$ 12.000/mês,de 1 a 2 anos,de 5 a 6 anos,True,10000,-27.0,-51.0
30-34,Masculino,Preta,Sul,Estudante de Graduação,Empregado (CLT),Analista de Negócios,Júnior,de R$ 4.001/mês a R$ 6.000/mês,de 1 a 2 anos,Mais de 10 anos,True,5000,-27.0,-51.0
30-34,Feminino,Branca,Sul,Graduação/Bacharelado,Empregado (CLT),Analista de Negócios,Pleno,de R$ 6.001/mês a R$ 8.000/mês,de 1 a 2 anos,Não tive experiência na área de TI/Engenharia de Software antes de começar a trabalhar na área de dados,True,7000,-27.0,-51.0
30-34,Feminino,Branca,Sudeste,Pós-graduação,Empregado (CLT),Outro,Sênior,de R$ 8.001/mês a R$ 12.000/mês,de 7 a 10 anos,Não tive experiência na área de TI/Engenharia de Software antes de começar a trabalhar na área de dados,True,10000,-20.0,-44.0
30-34,Masculino,Branca,Sudeste,Graduação/Bacharelado,Empregado (CLT),Analista de Dados,Júnior,de R$ 4.001/mês a R$ 6.000/mês,de 1 a 2 anos,Não tive experiência na área de TI/Engenharia de Software antes de começar a trabalhar na área de dados,True,5000,-20.0,-44.0
30-34,Masculino,Branca,Sul,Doutorado ou Phd,Empregado (CLT),Analista de Dados,Pleno,de R$ 4.001/mês a R$ 6.000/mês,de 7 a 10 anos,Menos de 1 ano,True,5000,-27.0,-51.0
30-34,Masculino,Branca,Sul,Graduação/Bacharelado,Empregado (CLT),Engenheiro de Dados,Sênior,de R$ 8.001/mês a R$ 12.000/mês,de 5 a 6 anos,de 5 a 6 anos,True,10000,-27.0,-51.0
30-34,Feminino,Branca,Norte,Graduação/Bacharelado,Empreendedor ou Empregado (CNPJ),Analista de BI,Pleno,de R$ 4.001/mês a R$ 6.000/mês,de 3 a 4 anos,Não tive experiência na área de TI/Engenharia de Software antes de começar a trabalhar na área de dados,False,5000,-5.0,-60.0
30-34,Feminino,Branca,Sudeste,Pós-graduação,Empreendedor ou Empregado (CNPJ),Cientista de Dados,Sênior,de R$ 16.001/mês a R$ 20.000/mês,de 5 a 6 anos,Não tive experiência na área de TI/Engenharia de Software antes de começar a trabalhar na área de dados,True,18000,-20.0,-44.0
30-34,Masculino,Parda,Sudeste,Não tenho graduação formal,Empregado (CLT),Analista de Negócios,Sênior,de R$ 8.001/mês a R$ 12.000/mês,de 5 a 6 anos,de 3 a 4 anos,True,10000,-20.0,-44.0
30-34,Masculino,Branca,Sudeste,Pós-graduação,Empregado (CLT),Engenheiro de Dados,Pleno,de R$ 6.001/mês a R$ 8.000/mês,de 3 a 4 anos,Menos de 1 ano,True,7000,-20.0,-44.0
30-34,Masculino,Branca,Sudeste,Mestrado,Empregado (CLT),Eng. Machine Learning,Sênior,de R$ 20.001/mês a R$ 25.000/mês,de 3 a 4 anos,de 3 a 4 anos,True,22500,-20.0,-44.0
30-34,Masculino,Branca,Sudeste,Mestrado,Empregado (CLT),Cientista de Dados,Pleno,de R$ 8.001/mês a R$ 12.000/mês,de 3 a 4 anos,de 1 a 2 anos,True,10000,-20.0,-44.0
30-34,Feminino,Amarela,Centro-oeste,Graduação/Bacharelado,Empregado (CLT),Analista de Negócios,Pleno,de R$ 8.001/mês a R$ 12.000/mês,de 3 a 4 anos,Não tive experiência na área de TI/Engenharia de Software antes de começar a trabalhar na área de dados,True,10000,-15.0,-52.0
30-34,Masculino,Branca,Sudeste,Graduação/Bacharelado,Empreendedor ou Empregado (CNPJ),Analytics Engineer,Sênior,de R$ 16.001/mês a R$ 20.000/mês,de 5 a 6 anos,de 5 a 6 anos,False,18000,-20.0,-44.0
30-34,Masculino,Branca,Sul,Graduação/Bacharelado,Empregado (CLT),Analista de Dados,Júnior,de R$ 3.001/mês a R$ 4.000/mês,de 1 a 2 anos,Menos de 1 ano,False,3500,-27.0,-51.0
30-34,Feminino,Branca,Nordeste,Pós-graduação,Empregado (CLT),Analista de Dados,Pleno,de R$ 8.001/mês a R$ 12.000/mês,de 3 a 4 anos,Não tive experiência na área de TI/Engenharia de Software antes de começar a trabalhar na área de dados,True,10000,-8.0,-38.0
30-34,Masculino,Preta,Norte,Mestrado,Empregado (CLT),Eng. Machine Learning,Sênior,de R$ 20.001/mês a R$ 25.000/mês,de 3 a 4 anos,de 5 a 6 anos,True,22500,-5.0,-60.0
30-34,Masculino,Branca,Sul,Pós-graduação,Empregado (CLT),Analista de BI,Pleno,de R$ 4.001/mês a R$ 6.000/mês,de 1 a 2 anos,Não tive experiência na área de TI/Engenharia de Software antes de começar a trabalhar na área de dados,False,5000,-27.0,-51.0
30-34,Masculino,Branca,Sudeste,Pós-graduação,Empregado (CLT),Analista de Dados,Pleno,de R$ 6.001/mês a R$ 8.000/mês,de 3 a 4 anos,Não tive experiência na área de TI/Engenharia de Software antes de começar a trabalhar na área de dados,True,7000,-20.0,-44.0
30-34,Feminino,Branca,Nordeste,Pós-graduação,Empregado (CLT),Analytics Engineer,Sênior,de R$ 12.001/mês a R$ 16.000/mês,de 7 a 10 anos,Não tive experiência na área de TI/Engenharia de Software antes de começar a trabalhar na área de dados,False,14000,-8.0,-38.0
30-34,Masculino,Amarela,Sudeste,Graduação/Bacharelado,Empregado (CLT),Analista de Dados,Sênior,de R$ 25.001/mês a R$ 30.000/mês,de 5 a 6 anos,de 1 a 2 anos,True,27500,-20.0,-44.0
30-34,Masculino,Parda,Sudeste,Graduação/Bacharelado,Empregado (CLT),Desenvolvedor,Sênior,de R$ 12.001/mês a R$ 16.000/mês,Menos de 1 ano,de 5 a 6 anos,True,14000,-20.0,-44.0
30-34,Masculino,Branca,Centro-oeste,Pós-graduação,Empregado (CLT),Engenheiro de Dados,Pleno,de R$ 6.001/mês a R$ 8.000/mês,de 3 a 4 anos,Não tive experiência na área de TI/Engenharia de Software antes de começar a trabalhar na área de dados,True,7000,-15.0,-52.0
30-34,Masculino,Branca,Sudeste,Pós-graduação,Empregado (CLT),Analytics Engineer,Sênior,de R$ 16.001/mês a R$ 20.000/mês,de 7 a 10 anos,de 3 a 4 anos,True,18000,-20.0,-44.0
30-34,Masculino,Branca,Sudeste,Pós-graduação,Empregado (CLT),Desenvolvedor,Pleno,de R$ 3.001/mês a R$ 4.000/mês,de 1 a 2 anos,de 3 a 4 anos,False,3500,-20.0,-44.0
30-34,Masculino,Branca,Sul,Graduação/Bacharelado,Empreendedor ou Empregado (CNPJ),Engenheiro de Dados,Pleno,de R$ 16.001/mês a R$ 20.000/mês,de 3 a 4 anos,Menos de 1 ano,True,18000,-27.0,-51.0
30-34,Masculino,Parda,Nordeste,Mestrado,Empregado (CLT),Cientista de Dados,Pleno,de R$ 8.001/mês a R$ 12.000/mês,de 3 a 4 anos,Não tive experiência na área de TI/Engenharia de Software antes de começar a trabalhar na área de dados,True,10000,-8.0,-38.0
30-34,Feminino,Parda,Sudeste,Graduação/Bacharelado,Empreendedor ou Empregado (CNPJ),Eng. Machine Learning,Pleno,de R$ 4.001/mês a R$ 6.000/mês,de 1 a 2 anos,Não tive experiência na área de TI/Engenharia de Software antes de começar a trabalhar na área de dados,False,5000,-20.0,-44.0
30-34,Feminino,Parda,Nordeste,Mestrado,Empreendedor ou Empregado (CNPJ),Cientista de Dados,Pleno,de R$ 12.001/mês a R$ 16.000/mês,de 7 a 10 anos,Menos de 1 ano,True,14000,-8.0,-38.0
30-34,Masculino,Branca,Sudeste,Doutorado ou Phd,Empregado (CLT),Engenheiro de Dados,Pleno,de R$ 8.001/mês a R$ 12.000/mês,de 3 a 4 anos,Não tive experiência na área de TI/Engenharia de Software antes de começar a trabalhar na área de dados,True,10000,-20.0,-44.0
30-34,Masculino,Branca,Sudeste,Estudante de Graduação,Empregado (CLT),Desenvolvedor,Pleno,de R$ 3.001/mês a R$ 4.000/mês,Não tenho experiência na área de dados,de 3 a 4 anos,False,3500,-20.0,-44.0
30-34,Masculino,Branca,Centro-oeste,Pós-graduação,Empregado (CLT),Analista de BI,Pleno,de R$ 4.001/mês a R$ 6.000/mês,de 3 a 4 anos,Menos de 1 ano,True,5000,-15.0,-52.0
30-34,Masculino,Preta,Sudeste,Pós-graduação,Empregado (CLT),Cientista de Dados,Sênior,de R$ 12.001/mês a R$ 16.000/mês,de 7 a 10 anos,Não tive experiência na área de TI/Engenharia de Software antes de começar a trabalhar na área de dados,False,14000,-20.0,-44.0
30-34,Masculino,Branca,Sudeste,Mestrado,Empregado (CLT),Cientista de Dados,Sênior,de R$ 8.001/mês a R$ 12.000/mês,de 5 a 6 anos,Não tive experiência na área de TI/Engenharia de Software antes de começar a trabalhar na área de dados,True,10000,-20.0,-44.0
30-34,Masculino,Parda,Sudeste,Não tenho graduação formal,Empregado (CLT),Analytics Engineer,Pleno,de R$ 6.001/mês a R$ 8.000/mês,de 5 a 6 anos,Não tive experiência na área de TI/Engenharia de Software antes de começar a trabalhar na área de dados,True,7000,-20.0,-44.0
30-34,Masculino,Branca,Sul,Pós-graduação,Empregado (CLT),Analista de BI,Pleno,de R$ 6.001/mês a R$ 8.000/mês,de 3 a 4 anos,de 1 a 2 anos,True,7000,-27.0,-51.0
30-34,Masculino,Parda,Sudeste,Graduação/Bacharelado,Empregado (CLT),Analista de Negócios,Sênior,de R$ 8.001/mês a R$ 12.000/mês,de 3 a 4 anos,Não tive experiência na área de TI/Engenharia de Software antes de começar a trabalhar na área de dados,True,10000,-20.0,-44.0
30-34,Feminino,Parda,Nordeste,Pós-graduação,Empregado (CLT),Analista de BI,Pleno,de R$ 3.001/mês a R$ 4.000/mês,de 3 a 4 anos,de 3 a 4 anos,False,3500,-8.0,-38.0
30-34,Masculino,Parda,Sul,Estudante de Graduação,Empregado (CLT),Analista de Dados,Pleno,de R$ 4.001/mês a R$ 6.000/mês,de 3 a 4 anos,Menos de 1 ano,False,5000,-27.0,-51.0
30-34,Masculino,Branca,Sul,Pós-graduação,Empreendedor ou Empregado (CNPJ),Analytics Engineer,Sênior,de R$ 12.001/mês a R$ 16.000/mês,de 3 a 4 anos,Não tive experiência na área de TI/Engenharia de Software antes de começar a trabalhar na área de dados,True,14000,-27.0,-51.0
30-34,Masculino,Branca,Sul,Graduação/Bacharelado,Vivo no Brasil e trabalho remoto para empresa de fora do Brasil,Engenheiro de Dados,Júnior,de R$ 8.001/mês a R$ 12.000/mês,Menos de 1 ano,Não tive experiência na área de TI/Engenharia de Software antes de começar a trabalhar na área de dados,True,10000,-27.0,-51.0
30-34,Masculino,Branca,Nordeste,Pós-graduação,Empregado (CLT),Engenheiro de Dados,Sênior,de R$ 8.001/mês a R$ 12.000/mês,de 7 a 10 anos,de 1 a 2 anos,True,10000,-8.0,-38.0
30-34,Masculino,Branca,Nordeste,Doutorado ou Phd,Empregado (CLT),Cientista de Dados,Sênior,de R$ 16.001/mês a R$ 20.000/mês,de 5 a 6 anos,de 3 a 4 anos,True,18000,-8.0,-38.0
30-34,Masculino,Parda,Nordeste,Mestrado,Prefiro não informar,Outro,Júnior,de R$ 2.001/mês a R$ 3.000/mês,de 3 a 4 anos,de 1 a 2 anos,False,2500,-8.0,-38.0
30-34,Feminino,Parda,Nordeste,Pós-graduação,Empregado (CLT),Outro,Pleno,de R$ 6.001/mês a R$ 8.000/mês,de 3 a 4 anos,Não tive experiência na área de TI/Engenharia de Software antes de começar a trabalhar na área de dados,False,7000,-8.0,-38.0
30-34,Feminino,Branca,Nordeste,Mestrado,Empregado (CLT),Analista de Dados,Pleno,de R$ 4.001/mês a R$ 6.000/mês,de 1 a 2 anos,Menos de 1 ano,True,5000,-8.0,-38.0
30-34,Masculino,Branca,Sudeste,Doutorado ou Phd,Empregado (CLT),Cientista de Dados,Pleno,de R$ 8.001/mês a R$ 12.000/mês,de 3 a 4 anos,Não tive experiência na área de TI/Engenharia de Software antes de começar a trabalhar na área de dados,True,10000,-20.0,-44.0
30-34,Masculino,Branca,Sudeste,Pós-graduação,Empregado (CLT),Engenheiro de Dados,Pleno,de R$ 8.001/mês a R$ 12.000/mês,de 1 a 2 anos,de 5 a 6 anos,False,10000,-20.0,-44.0
30-34,Masculino,Branca,Sul,Mestrado,Empregado (CLT),Cientista de Dados,Sênior,de R$ 12.001/mês a R$ 16.000/mês,Mais de 10 anos,Não tive experiência na área de TI/Engenharia de Software antes de começar a trabalhar na área de dados,True,14000,-27.0,-51.0
30-34,Masculino,Branca,Centro-oeste,Pós-graduação,Empregado (CLT),Eng. Machine Learning,Pleno,de R$ 8.001/mês a R$ 12.000/mês,de 3 a 4 anos,de 3 a 4 anos,True,10000,-15.0,-52.0
30-34,Masculino,Branca,Sudeste,Pós-graduação,Empregado (CLT),Outras Engenharias,Júnior,de R$ 6.001/mês a R$ 8.000/mês,Menos de 1 ano,de 3 a 4 anos,True,7000,-20.0,-44.0
30-34,Masculino,Branca,Sul,Mestrado,Empregado (CLT),Analista de Negócios,Sênior,de R$ 8.001/mês a R$ 12.000/mês,de 5 a 6 anos,Não tive experiência na área de TI/Engenharia de Software antes de começar a trabalhar na área de dados,True,10000,-27.0,-51.0
30-34,Feminino,Branca,Sudeste,Pós-graduação,Empregado (CLT),Analista de Negócios,Pleno,de R$ 6.001/mês a R$ 8.000/mês,de 3 a 4 anos,Não tive experiência na área de TI/Engenharia de Software antes de começar a trabalhar na área de dados,True,7000,-20.0,-44.0
30-34,Masculino,Parda,Sudeste,Graduação/Bacharelado,Estagiário,Cientista de Dados,Júnior,de R$ 2.001/mês a R$ 3.000/mês,de 1 a 2 anos,Não tive experiência na área de TI/Engenharia de Software antes de começar a trabalhar na área de dados,False,2500,-20.0,-44.0
30-34,Masculino,Branca,Nordeste,Mestrado,Estagiário,Cientista de Dados,Júnior,de R$ 1.001/mês a R$ 2.000/mês,de 1 a 2 anos,Não tive experiência na área de TI/Engenharia de Software antes de começar a trabalhar na área de dados,True,1500,-8.0,-38.0
30-34,Masculino,Parda,Centro-oeste,Graduação/Bacharelado,Empregado (CLT),Engenheiro de Dados,Pleno,de R$ 6.001/mês a R$ 8.000/mês,de 3 a 4 anos,de 1 a 2 anos,False,7000,-15.0,-52.0
30-34,Masculino,Branca,Sudeste,Pós-graduação,Empregado (CLT),Analista de Dados,Sênior,de R$ 12.001/mês a R$ 16.000/mês,de 5 a 6 anos,Não tive experiência na área de TI/Engenharia de Software antes de começar a trabalhar na área de dados,False,14000,-20.0,-44.0
30-34,Masculino,Parda,Sudeste,Pós-graduação,Empregado (CLT),Engenheiro de Dados,Sênior,de R$ 8.001/mês a R$ 12.000/mês,de 3 a 4 anos,Menos de 1 ano,True,10000,-20.0,-44.0
30-34,Masculino,Branca,,Mestrado,Empregado (CLT),Analytics Engineer,Sênior,de R$ 12.001/mês a R$ 16.000/mês,de 7 a 10 anos,Não tive experiência na área de TI/Engenharia de Software antes de começar a trabalhar na área de dados,False,14000,,
30-34,Masculino,Branca,Sul,Graduação/Bacharelado,Vivo no Brasil e trabalho remoto para empresa de fora do Brasil,Analytics Engineer,Sênior,de R$ 30.001/mês a R$ 40.000/mês,de 7 a 10 anos,Não tive experiência na área de TI/Engenharia de Software antes de começar a trabalhar na área de dados,True,35000,-27.0,-51.0
30-34,Feminino,Parda,Sudeste,Mestrado,Empregado (CLT),Cientista de Dados,Sênior,de R$ 12.001/mês a R$ 16.000/mês,de 7 a 10 anos,Não tive experiência na área de TI/Engenharia de Software antes de começar a trabalhar na área de dados,True,14000,-20.0,-44.0
30-34,Masculino,Parda,Sudeste,Pós-graduação,Vivo no Brasil e trabalho remoto para empresa de fora do Brasil,Cientista de Dados,Sênior,de R$ 30.001/mês a R$ 40.000/mês,de 7 a 10 anos,de 1 a 2 anos,True,35000,-20.0,-44.0
30-34,Masculino,Parda,Sul,Graduação/Bacharelado,Empregado (CLT),Outro,Júnior,de R$ 2.001/mês a R$ 3.000/mês,Não tenho experiência na área de dados,de 1 a 2 anos,False,2500,-27.0,-51.0
30-34,Masculino,Branca,Sudeste,Pós-graduação,Empregado (CLT),Engenheiro de Dados,Pleno,de R$ 6.001/mês a R$ 8.000/mês,de 3 a 4 anos,Não tive experiência na área de TI/Engenharia de Software antes de começar a trabalhar na área de dados,True,7000,-20.0,-44.0
30-34,Masculino,Branca,Sudeste,Mestrado,Empregado (CLT),Product Manager,Sênior,de R$ 6.001/mês a R$ 8.000/mês,de 7 a 10 anos,de 1 a 2 anos,True,7000,-20.0,-44.0
30-34,Feminino,Branca,Sul,Não tenho graduação formal,Empregado (CLT),Analista de BI,Júnior,de R$ 2.001/mês a R$ 3.000/mês,Menos de 1 ano,Mais de 10 anos,True,2500,-27.0,-51.0
30-34,Masculino,Parda,Centro-oeste,Estudante de Graduação,Empregado (CLT),Analista de BI,Pleno,de R$ 4.001/mês a R$ 6.000/mês,de 3 a 4 anos,de 3 a 4 anos,True,5000,-15.0,-52.0
30-34,Masculino,Branca,Sudeste,Doutorado ou Phd,Freelancer,Engenheiro de Dados,Pleno,de R$ 12.001/mês a R$ 16.000/mês,de 3 a 4 anos,de 7 a 10 anos,True,14000,-20.0,-44.0
30-34,Feminino,Branca,Sudeste,Mestrado,Empregado (CLT),Cientista de Dados,Pleno,de R$ 12.001/mês a R$ 16.000/mês,de 3 a 4 anos,Não tive experiência na área de TI/Engenharia de Software antes de começar a trabalhar na área de dados,True,14000,-20.0,-44.0
30-34,Feminino,Parda,Sul,Pós-graduação,Empregado (CLT),Analista de Dados,Sênior,de R$ 8.001/mês a R$ 12.000/mês,de 5 a 6 anos,Não tive experiência na área de TI/Engenharia de Software antes de começar a trabalhar na área de dados,True,10000,-27.0,-51.0
30-34,Feminino,Parda,Nordeste,Pós-graduação,Empregado (CLT),Outro,Júnior,de R$ 4.001/mês a R$ 6.000/mês,Menos de 1 ano,Não tive experiência na área de TI/Engenharia de Software antes de começar a trabalhar na área de dados,False,5000,-8.0,-38.0
30-34,Masculino,Parda,,Pós-graduação,Vivo fora do Brasil e trabalho para empresa de fora do Brasil,Engenheiro de Dados,Júnior,de R$ 25.001/mês a R$ 30.000/mês,de 1 a 2 anos,Não tive experiência na área de TI/Engenharia de Software antes de começar a trabalhar na área de dados,True,27500,,
30-34,Feminino,Branca,Sudeste,Doutorado ou Phd,Empregado (CLT),Cientista de Dados,Júnior,de R$ 4.001/mês a R$ 6.000/mês,de 1 a 2 anos,Não tive experiência na área de TI/Engenharia de Software antes de começar a trabalhar na área de dados,False,5000,-20.0,-44.0
30-34,Feminino,Branca,Sudeste,Pós-graduação,Empregado (CLT),Product Manager,Sênior,de R$ 12.001/mês a R$ 16.000/mês,de 3 a 4 anos,Não tive experiência na área de TI/Engenharia de Software antes de começar a trabalhar na área de dados,True,14000,-20.0,-44.0
30-34,Masculino,Branca,Sudeste,Doutorado ou Phd,Empregado (CLT),Cientista de Dados,Sênior,de R$ 20.001/mês a R$ 25.000/mês,de 5 a 6 anos,Não tive experiência na área de TI/Engenharia de Software antes de começar a trabalhar na área de dados,True,22500,-20.0,-44.0
30-34,Feminino,Branca,Sudeste,Estudante de Graduação,Empregado (CLT),Analista de Dados,Júnior,de R$ 4.001/mês a R$ 6.000/mês,de 1 a 2 anos,de 3 a 4 anos,True,5000,-20.0,-44.0
30-34,Masculino,Branca,Sudeste,Graduação/Bacharelado,Empregado (CLT),Analista de BI,Sênior,de R$ 8.001/mês a R$ 12.000/mês,de 3 a 4 anos,Não tive experiência na área de TI/Engenharia de Software antes de começar a trabalhar na área de dados,True,10000,-20.0,-44.0
30-34,Masculino,Branca,Sudeste,Doutorado ou Phd,Empregado (CLT),Product Manager,Sênior,de R$ 12.001/mês a R$ 16.000/mês,de 5 a 6 anos,Não tive experiência na área de TI/Engenharia de Software antes de começar a trabalhar na área de dados,True,14000,-20.0,-44.0
30-34,Masculino,Branca,Sul,Pós-graduação,Empregado (CLT),Analista de Dados,Sênior,de R$ 4.001/mês a R$ 6.000/mês,de 3 a 4 anos,Não tive experiência na área de TI/Engenharia de Software antes de começar a trabalhar na área de dados,False,5000,-27.0,-51.0
30-34,Feminino,Branca,Sul,Mestrado,Empregado (CLT),Analista de BI,Sênior,de R$ 12.001/mês a R$ 16.000/mês,de 5 a 6 anos,de 3 a 4 anos,True,14000,-27.0,-51.0
30-34,Masculino,Prefiro não informar,Sudeste,Pós-graduação,Vivo fora do Brasil e trabalho para empresa de fora do Brasil,Engenheiro de Dados,Sênior,de R$ 30.001/mês a R$ 40.000/mês,de 5 a 6 anos,de 7 a 10 anos,True,35000,-20.0,-44.0
30-34,Masculino,Parda,Sudeste,Pós-graduação,Empregado (CLT),Engenheiro de Dados,Sênior,de R$ 8.001/mês a R$ 12.000/mês,de 5 a 6 anos,Menos de 1 ano,True,10000,-20.0,-44.0
30-34,Feminino,Branca,Sudeste,Graduação/Bacharelado,Empregado (CLT),Analista de BI,Júnior,de R$ 3.001/mês a R$ 4.000/mês,Menos de 1 ano,Não tive experiência na área de TI/Engenharia de Software antes de começar a trabalhar na área de dados,False,3500,-20.0,-44.0
30-34,Feminino,Branca,Nordeste,Mestrado,Empregado (CLT),Cientista de Dados,Sênior,de R$ 12.001/mês a R$ 16.000/mês,de 5 a 6 anos,de 5 a 6 anos,True,14000,-8.0,-38.0
30-34,Masculino,Branca,Sudeste,Pós-graduação,Empreendedor ou Empregado (CNPJ),Engenheiro de Dados,Pleno,de R$ 8.001/mês a R$ 12.000/mês,de 3 a 4 anos,Menos de 1 ano,True,10000,-20.0,-44.0
30-34,Masculino,Branca,Sudeste,Graduação/Bacharelado,Empreendedor ou Empregado (CNPJ),Eng. Machine Learning,Sênior,de R$ 16.001/mês a R$ 20.000/mês,de 5 a 6 anos,de 7 a 10 anos,True,18000,-20.0,-44.0
30-34,Masculino,Branca,Centro-oeste,Pós-graduação,Empregado (CLT),Engenheiro de Dados,Pleno,de R$ 6.001/mês a R$ 8.000/mês,de 1 a 2 anos,Não tive experiência na área de TI/Engenharia de Software antes de começar a trabalhar na área de dados,True,7000,-15.0,-52.0
30-34,Masculino,Branca,,Mestrado,Vivo fora do Brasil e trabalho para empresa de fora do Brasil,Analista de Dados,Pleno,de R$ 20.001/mês a R$ 25.000/mês,de 3 a 4 anos,de 1 a 2 anos,True,22500,,
30-34,Feminino,Branca,Sul,Mestrado,Empregado (CLT),Analista de Dados,Sênior,de R$ 8.001/mês a R$ 12.000/mês,de 3 a 4 anos,Menos de 1 ano,True,10000,-27.0,-51.0
30-34,Masculino,Branca,Sul,Pós-graduação,Empregado (CLT),Arquiteto de Dados,Sênior,de R$ 16.001/mês a R$ 20.000/mês,de 7 a 10 anos,Não tive experiência na área de TI/Engenharia de Software antes de começar a trabalhar na área de dados,True,18000,-27.0,-51.0
30-34,Masculino,Parda,Sudeste,Pós-graduação,Empregado (CLT),Engenheiro de Dados,Sênior,de R$ 8.001/mês a R$ 12.000/mês,de 3 a 4 anos,Não tive experiência na área de TI/Engenharia de Software antes de começar a trabalhar na área de dados,True,10000,-20.0,-44.0
30-34,Masculino,Parda,Sudeste,Graduação/Bacharelado,Empregado (CLT),Analytics Engineer,Sênior,de R$ 8.001/mês a R$ 12.000/mês,de 5 a 6 anos,de 1 a 2 anos,True,10000,-20.0,-44.0
30-34,Masculino,Branca,Sul,Pós-graduação,Empreendedor ou Empregado (CNPJ),Outras Engenharias,Pleno,de R$ 6.001/mês a R$ 8.000/mês,de 7 a 10 anos,Não tive experiência na área de TI/Engenharia de Software antes de começar a trabalhar na área de dados,False,7000,-27.0,-51.0
30-34,Masculino,Branca,Sudeste,Doutorado ou Phd,Empregado (CLT),Cientista de Dados,Sênior,de R$ 16.001/mês a R$ 20.000/mês,de 3 a 4 anos,Não tive experiência na área de TI/Engenharia de Software antes de começar a trabalhar na área de dados,True,18000,-20.0,-44.0
30-34,Feminino,Branca,Sudeste,Pós-graduação,Empregado (CLT),Cientista de Dados,Sênior,de R$ 16.001/mês a R$ 20.000/mês,Mais de 10 anos,Não tive experiência na área de TI/Engenharia de Software antes de começar a trabalhar na área de dados,True,18000,-20.0,-44.0
30-34,Masculino,Branca,Sudeste,Pós-graduação,Empregado (CLT),Analytics Engineer,Pleno,de R$ 4.001/mês a R$ 6.000/mês,de 7 a 10 anos,Não tive experiência na área de TI/Engenharia de Software antes de começar a trabalhar na área de dados,True,5000,-20.0,-44.0
30-34,Masculino,Branca,Sudeste,Pós-graduação,Empregado (CLT),Cientista de Dados,Sênior,de R$ 8.001/mês a R$ 12.000/mês,de 3 a 4 anos,Não tive experiência na área de TI/Engenharia de Software antes de começar a trabalhar na área de dados,False,10000,-20.0,-44.0
30-34,Masculino,Parda,Nordeste,Graduação/Bacharelado,Vivo no Brasil e trabalho remoto para empresa de fora do Brasil,Engenheiro de Dados,Sênior,Acima de R$ 40.001/mês,de 7 a 10 anos,de 3 a 4 anos,True,45000,-8.0,-38.0
30-34,Masculino,Parda,Nordeste,Graduação/Bacharelado,Empregado (CLT),Engenheiro de Dados,Sênior,de R$ 8.001/mês a R$ 12.000/mês,de 5 a 6 anos,de 3 a 4 anos,False,10000,-8.0,-38.0
30-34,Feminino,Branca,Sudeste,Graduação/Bacharelado,Empregado (CLT),Product Manager,Sênior,de R$ 8.001/mês a R$ 12.000/mês,de 5 a 6 anos,Não tive experiência na área de TI/Engenharia de Software antes de começar a trabalhar na área de dados,True,10000,-20.0,-44.0
30-34,Masculino,Parda,Nordeste,Mestrado,Empregado (CLT),Analista de Dados,Sênior,de R$ 6.001/mês a R$ 8.000/mês,de 3 a 4 anos,de 1 a 2 anos,False,7000,-8.0,-38.0
30-34,Masculino,Amarela,Sudeste,Pós-graduação,Empregado (CLT),Cientista de Dados,Pleno,de R$ 8.001/mês a R$ 12.000/mês,de 3 a 4 anos,Não tive experiência na área de TI/Engenharia de Software antes de começar a trabalhar na área de dados,True,10000,-20.0,-44.0
30-34,Masculino,Branca,Sul,Pós-graduação,Empregado (CLT),Analytics Engineer,Pleno,de R$ 6.001/mês a R$ 8.000/mês,de 3 a 4 anos,de 5 a 6 anos,True,7000,-27.0,-51.0
30-34,Masculino,Branca,Sudeste,Pós-graduação,Empregado (CLT),Engenheiro de Dados,Pleno,de R$ 6.001/mês a R$ 8.000/mês,de 1 a 2 anos,Não tive experiência na área de TI/Engenharia de Software antes de começar a trabalhar na área de dados,True,7000,-20.0,-44.0
30-34,Masculino,Branca,Nordeste,Graduação/Bacharelado,Empregado (CLT),Analista de Dados,Pleno,de R$ 4.001/mês a R$ 6.000/mês,de 3 a 4 anos,de 1 a 2 anos,False,5000,-8.0,-38.0
30-34,Feminino,Branca,Sudeste,Mestrado,Empregado (CLT),Engenheiro de Dados,Pleno,de R$ 6.001/mês a R$ 8.000/mês,de 5 a 6 anos,Não tive experiência na área de TI/Engenharia de Software antes de começar a trabalhar na área de dados,True,7000,-20.0,-44.0
30-34,Masculino,Branca,Sudeste,Pós-graduação,Empregado (CLT),Cientista de Dados,Sênior,de R$ 12.001/mês a R$ 16.000/mês,de 7 a 10 anos,Não tive experiência na área de TI/Engenharia de Software antes de começar a trabalhar na área de dados,True,14000,-20.0,-44.0
30-34,Masculino,Branca,Sudeste,Graduação/Bacharelado,Empregado (CLT),Analista de Dados,Pleno,de R$ 8.001/mês a R$ 12.000/mês,de 5 a 6 anos,Não tive experiência na área de TI/Engenharia de Software antes de começar a trabalhar na área de dados,False,10000,-20.0,-44.0
30-34,Feminino,Branca,Nordeste,Pós-graduação,Empregado (CLT),Eng. Machine Learning,Sênior,de R$ 8.001/mês a R$ 12.000/mês,Mais de 10 anos,de 3 a 4 anos,True,10000,-8.0,-38.0
30-34,Masculino,Branca,Centro-oeste,Graduação/Bacharelado,Empregado (CLT),Analista de BI,Sênior,de R$ 4.001/mês a R$ 6.000/mês,de 3 a 4 anos,Não tive experiência na área de TI/Engenharia de Software antes de começar a trabalhar na área de dados,True,5000,-15.0,-52.0
30-34,Masculino,Branca,Sul,Graduação/Bacharelado,Empregado (CLT),Engenheiro de Dados,Sênior,de R$ 8.001/mês a R$ 12.000/mês,de 1 a 2 anos,de 5 a 6 anos,True,10000,-27.0,-51.0
30-34,Masculino,Branca,Sul,Pós-graduação,Empregado (CLT),Analista de BI,Sênior,de R$ 8.001/mês a R$ 12.000/mês,de 1 a 2 anos,de 5 a 6 anos,True,10000,-27.0,-51.0
30-34,Masculino,Branca,Sudeste,Graduação/Bacharelado,Empregado (CLT),Engenheiro de Dados,Sênior,de R$ 12.001/mês a R$ 16.000/mês,de 3 a 4 anos,Não tive experiência na área de TI/Engenharia de Software antes de começar a trabalhar na área de dados,True,14000,-20.0,-44.0
30-34,Masculino,Branca,Nordeste,Graduação/Bacharelado,Empregado (CLT),Outro,Júnior,de R$ 2.001/mês a R$ 3.000/mês,Não tenho experiência na área de dados,Não tive experiência na área de TI/Engenharia de Software antes de começar a trabalhar na área de dados,False,2500,-8.0,-38.0
30-34,Masculino,Parda,Nordeste,Pós-graduação,Empregado (CLT),Cientista de Dados,Sênior,de R$ 20.001/mês a R$ 25.000/mês,de 7 a 10 anos,de 5 a 6 anos,True,22500,-8.0,-38.0
30-34,Masculino,Parda,Sudeste,Graduação/Bacharelado,Empreendedor ou Empregado (CNPJ),Analista de Dados,Sênior,de R$ 8.001/mês a R$ 12.000/mês,de 3 a 4 anos,Mais de 10 anos,True,10000,-20.0,-44.0
30-34,Masculino,Parda,Sul,Mestrado,Empregado (CLT),Eng. Machine Learning,Sênior,de R$ 25.001/mês a R$ 30.000/mês,de 3 a 4 anos,Não tive experiência na área de TI/Engenharia de Software antes de começar a trabalhar na área de dados,True,27500,-27.0,-51.0
30-34,Masculino,Parda,Nordeste,Mestrado,Empregado (CLT),Analista de Dados,Sênior,de R$ 12.001/mês a R$ 16.000/mês,de 1 a 2 anos,Não tive experiência na área de TI/Engenharia de Software antes de começar a trabalhar na área de dados,False,14000,-8.0,-38.0
30-34,Masculino,Branca,Sudeste,Mestrado,Empregado (CLT),Analista de Dados,Sênior,de R$ 12.001/mês a R$ 16.000/mês,de 3 a 4 anos,Não tive experiência na área de TI/Engenharia de Software antes de começar a trabalhar na área de dados,True,14000,-20.0,-44.0
30-34,Masculino,Parda,Nordeste,Pós-graduação,Empregado (CLT),Analista de Dados,Sênior,de R$ 12.001/mês a R$ 16.000/mês,de 3 a 4 anos,Não tive experiência na área de TI/Engenharia de Software antes de começar a trabalhar na área de dados,True,14000,-8.0,-38.0
30-34,Masculino,Parda,Sul,Estudante de Graduação,Empregado (CLT),Analista de Dados,Sênior,de R$ 12.001/mês a R$ 16.000/mês,de 5 a 6 anos,de 3 a 4 anos,True,14000,-27.0,-51.0
30-34,Masculino,Branca,Sudeste,Pós-graduação,Empregado (CLT),Analista de BI,Sênior,de R$ 8.001/mês a R$ 12.000/mês,de 3 a 4 anos,de 3 a 4 anos,True,10000,-20.0,-44.0
30-34,Masculino,Branca,Sudeste,Pós-graduação,Empregado (CLT),Arquiteto de Dados,Sênior,de R$ 16.001/mês a R$ 20.000/mês,de 5 a 6 anos,de 3 a 4 anos,True,18000,-20.0,-44.0
30-34,Masculino,Branca,Sudeste,Mestrado,Empregado (CLT),Eng. Machine Learning,Sênior,de R$ 12.001/mês a R$ 16.000/mês,de 5 a 6 anos,de 1 a 2 anos,True,14000,-20.0,-44.0
30-34,Feminino,Branca,Sul,Mestrado,Empregado (CLT),Analista de BI,Pleno,de R$ 4.001/mês a R$ 6.000/mês,de 1 a 2 anos,Não tive experiência na área de TI/Engenharia de Software antes de começar a trabalhar na área de dados,True,5000,-27.0,-51.0
30-34,Feminino,Branca,Sudeste,Mestrado,Empregado (CLT),Analytics Engineer,Sênior,de R$ 12.001/mês a R$ 16.000/mês,Mais de 10 anos,Não tive experiência na área de TI/Engenharia de Software antes de começar a trabalhar na área de dados,True,14000,-20.0,-44.0
30-34,Masculino,Branca,Sudeste,Pós-graduação,Empregado (CLT),Analista de Dados,Sênior,de R$ 8.001/mês a R$ 12.000/mês,de 5 a 6 anos,de 1 a 2 anos,True,10000,-20.0,-44.0
30-34,Masculino,Amarela,Sudeste,Graduação/Bacharelado,Empregado (CLT),Cientista de Dados,Sênior,de R$ 16.001/mês a R$ 20.000/mês,de 5 a 6 anos,Não tive experiência na área de TI/Engenharia de Software antes de começar a trabalhar na área de dados,True,18000,-20.0,-44.0
30-34,Masculino,Branca,Sudeste,Mestrado,Empregado (CLT),Cientista de Dados,Sênior,de R$ 12.001/mês a R$ 16.000/mês,de 3 a 4 anos,Menos de 1 ano,True,14000,-20.0,-44.0
30-34,Masculino,Branca,Sudeste,Mestrado,Empregado (CLT),Cientista de Dados,Sênior,de R$ 16.001/mês a R$ 20.000/mês,de 5 a 6 anos,Não tive experiência na área de TI/Engenharia de Software antes de começar a trabalhar na área de dados,True,18000,-20.0,-44.0
30-34,Masculino,Branca,Sudeste,Não tenho graduação formal,Empregado (CLT),Engenheiro de Dados,Júnior,de R$ 4.001/mês a R$ 6.000/mês,Menos de 1 ano,de 3 a 4 anos,True,5000,-20.0,-44.0
30-34,Masculino,Branca,Sudeste,Pós-graduação,Empregado (CLT),Analista de Dados,Sênior,de R$ 8.001/mês a R$ 12.000/mês,de 7 a 10 anos,de 5 a 6 anos,True,10000,-20.0,-44.0
30-34,Masculino,Branca,,Doutorado ou Phd,Empregado (CLT),Eng. Machine Learning,Sênior,Acima de R$ 40.001/mês,Mais de 10 anos,Não tive experiência na área de TI/Engenharia de Software antes de começar a trabalhar na área de dados,True,45000,,
30-34,Feminino,Branca,Sudeste,Pós-graduação,Empregado (CLT),Analista de Dados,Pleno,de R$ 4.001/mês a R$ 6.000/mês,de 3 a 4 anos,Menos de 1 ano,True,5000,-20.0,-44.0
30-34,Feminino,Amarela,,Graduação/Bacharelado,Empregado (CLT),Outro,Júnior,de R$ 8.001/mês a R$ 12.000/mês,Menos de 1 ano,Não tive experiência na área de TI/Engenharia de Software antes de começar a trabalhar na área de dados,False,10000,,
30-34,Feminino,Branca,Sudeste,Mestrado,Empregado (CLT),Cientista de Dados,Pleno,de R$ 8.001/mês a R$ 12.000/mês,de 3 a 4 anos,Não tive experiência na área de TI/Engenharia de Software antes de começar a trabalhar na área de dados,True,10000,-20.0,-44.0
30-34,Masculino,Branca,Sudeste,Graduação/Bacharelado,Empregado (CLT),Outro,Sênior,de R$ 12.001/mês a R$ 16.000/mês,Menos de 1 ano,Menos de 1 ano,True,14000,-20.0,-44.0
30-34,Masculino,Parda,Sul,Graduação/Bacharelado,Empregado (CLT),Analista de BI,Pleno,de R$ 3.001/mês a R$ 4.000/mês,de 1 a 2 anos,Não tive experiência na área de TI/Engenharia de Software antes de começar a trabalhar na área de dados,False,3500,-27.0,-51.0
30-34,Feminino,Branca,Sul,Pós-graduação,Empregado (CLT),Analista de Dados,Sênior,de R$ 8.001/mês a R$ 12.000/mês,de 5 a 6 anos,Não tive experiência na área de TI/Engenharia de Software antes de começar a trabalhar na área de dados,True,10000,-27.0,-51.0
30-34,Masculino,Branca,Sul,Pós-graduação,Empregado (CLT),Cientista de Dados,Sênior,de R$ 12.001/mês a R$ 16.000/mês,de 7 a 10 anos,Não tive experiência na área de TI/Engenharia de Software antes de começar a trabalhar na área de dados,True,14000,-27.0,-51.0
30-34,Masculino,Branca,Sul,Pós-graduação,Empregado (CLT),Cientista de Dados,Sênior,de R$ 12.001/mês a R$ 16.000/mês,de 7 a 10 anos,Não tive experiência na área de TI/Engenharia de Software antes de começar a trabalhar na área de dados,True,14000,-27.0,-51.0
30-34,Masculino,Branca,Sudeste,Graduação/Bacharelado,Empregado (CLT),Analista de BI,Pleno,de R$ 6.001/mês a R$ 8.000/mês,de 3 a 4 anos,Não tive experiência na área de TI/Engenharia de Software antes de começar a trabalhar na área de dados,False,7000,-20.0,-44.0
30-34,Feminino,Branca,Sudeste,Pós-graduação,Empregado (CLT),Analista de BI,Pleno,de R$ 4.001/mês a R$ 6.000/mês,de 1 a 2 anos,de 3 a 4 anos,True,5000,-20.0,-44.0
30-34,Masculino,Parda,Sudeste,Graduação/Bacharelado,Empregado (CLT),Analista de Negócios,Sênior,de R$ 6.001/mês a R$ 8.000/mês,de 1 a 2 anos,Não tive experiência na área de TI/Engenharia de Software antes de começar a trabalhar na área de dados,True,7000,-20.0,-44.0
30-34,Feminino,Branca,Sudeste,Pós-graduação,Empregado (CLT),Engenheiro de Dados,Sênior,de R$ 8.001/mês a R$ 12.000/mês,de 5 a 6 anos,de 5 a 6 anos,True,10000,-20.0,-44.0
30-34,Masculino,Branca,Sudeste,Graduação/Bacharelado,Empregado (CLT),Analista de BI,Sênior,de R$ 12.001/mês a R$ 16.000/mês,de 5 a 6 anos,Não tive experiência na área de TI/Engenharia de Software antes de começar a trabalhar na área de dados,True,14000,-20.0,-44.0
30-34,Feminino,Branca,Sudeste,Mestrado,Empregado (CLT),Analytics Engineer,Pleno,de R$ 6.001/mês a R$ 8.000/mês,de 3 a 4 anos,Não tive experiência na área de TI/Engenharia de Software antes de começar a trabalhar na área de dados,True,7000,-20.0,-44.0
30-34,Masculino,Branca,Sudeste,Pós-graduação,Empregado (CLT),Engenheiro de Dados,Pleno,de R$ 8.001/mês a R$ 12.000/mês,de 1 a 2 anos,Não tive experiência na área de TI/Engenharia de Software antes de começar a trabalhar na área de dados,True,10000,-20.0,-44.0
30-34,Masculino,Branca,Sul,Não tenho graduação formal,Empregado (CLT),Analista de Suporte,Pleno,de R$ 6.001/mês a R$ 8.000/mês,de 1 a 2 anos,Não tive experiência na área de TI/Engenharia de Software antes de começar a trabalhar na área de dados,True,7000,-27.0,-51.0
30-34,Masculino,Branca,Sudeste,Mestrado,Empregado (CLT),Cientista de Dados,Sênior,de R$ 25.001/mês a R$ 30.000/mês,de 5 a 6 anos,de 5 a 6 anos,True,27500,-20.0,-44.0
30-34,Masculino,Branca,Nordeste,Graduação/Bacharelado,Empregado (CLT),Cientista de Dados,Sênior,de R$ 16.001/mês a R$ 20.000/mês,de 5 a 6 anos,de 3 a 4 anos,False,18000,-8.0,-38.0
30-34,Masculino,Branca,Sudeste,Graduação/Bacharelado,Empregado (CLT),Analista de Dados,Sênior,de R$ 12.001/mês a R$ 16.000/mês,de 3 a 4 anos,Não tive experiência na área de TI/Engenharia de Software antes de começar a trabalhar na área de dados,False,14000,-20.0,-44.0
30-34,Masculino,Parda,Sudeste,Pós-graduação,Empregado (CLT),Analista de Negócios,Sênior,de R$ 16.001/mês a R$ 20.000/mês,de 5 a 6 anos,Não tive experiência na área de TI/Engenharia de Software antes de começar a trabalhar na área de dados,True,18000,-20.0,-44.0
30-34,Masculino,Branca,Sudeste,Pós-graduação,Vivo no Brasil e trabalho remoto para empresa de fora do Brasil,Analista de Negócios,Pleno,de R$ 16.001/mês a R$ 20.000/mês,de 3 a 4 anos,Não tive experiência na área de TI/Engenharia de Software antes de começar a trabalhar na área de dados,True,18000,-20.0,-44.0
30-34,Masculino,Branca,Sudeste,Graduação/Bacharelado,Empregado (CLT),Analista de Negócios,Pleno,de R$ 6.001/mês a R$ 8.000/mês,de 5 a 6 anos,Não tive experiência na área de TI/Engenharia de Software antes de começar a trabalhar na área de dados,False,7000,-20.0,-44.0
30-34,Masculino,Branca,Sul,Mestrado,Empregado (CLT),Cientista de Dados,Sênior,de R$ 12.001/mês a R$ 16.000/mês,de 5 a 6 anos,de 5 a 6 anos,True,14000,-27.0,-51.0
30-34,Masculino,Branca,Sudeste,Pós-graduação,Empregado (CLT),Analista de Dados,Sênior,de R$ 12.001/mês a R$ 16.000/mês,Mais de 10 anos,Não tive experiência na área de TI/Engenharia de Software antes de começar a trabalhar na área de dados,False,14000,-20.0,-44.0
30-34,Masculino,Branca,Nordeste,Mestrado,Empregado (CLT),Analista de Dados,Pleno,de R$ 6.001/mês a R$ 8.000/mês,de 1 a 2 anos,Não tive experiência na área de TI/Engenharia de Software antes de começar a trabalhar na área de dados,False,7000,-8.0,-38.0
30-34,Masculino,Preta,Sudeste,Graduação/Bacharelado,Empregado (CLT),Outro,Pleno,de R$ 1.001/mês a R$ 2.000/mês,Não tenho experiência na área de dados,Não tive experiência na área de TI/Engenharia de Software antes de começar a trabalhar na área de dados,False,1500,-20.0,-44.0
30-34,Feminino,Branca,Sudeste,Pós-graduação,Empregado (CLT),Analista de Dados,Sênior,de R$ 12.001/mês a R$ 16.000/mês,de 5 a 6 anos,Não tive experiência na área de TI/Engenharia de Software antes de começar a trabalhar na área de dados,False,14000,-20.0,-44.0
30-34,Masculino,Amarela,Sul,Graduação/Bacharelado,Empregado (CLT),Engenheiro de Dados,Sênior,de R$ 8.001/mês a R$ 12.000/mês,de 7 a 10 anos,de 1 a 2 anos,True,10000,-27.0,-51.0
30-34,Feminino,Branca,Sul,Graduação/Bacharelado,Empregado (CLT),Analytics Engineer,Sênior,de R$ 16.001/mês a R$ 20.000/mês,de 5 a 6 anos,Não tive experiência na área de TI/Engenharia de Software antes de começar a trabalhar na área de dados,True,18000,-27.0,-51.0
30-34,Masculino,Branca,Sul,Pós-graduação,Empreendedor ou Empregado (CNPJ),Cientista de Dados,Pleno,de R$ 8.001/mês a R$ 12.000/mês,de 5 a 6 anos,Não tive experiência na área de TI/Engenharia de Software antes de começar a trabalhar na área de dados,False,10000,-27.0,-51.0
30-34,Masculino,Branca,Sul,Graduação/Bacharelado,Empregado (CLT),Analista de BI,Sênior,de R$ 6.001/mês a R$ 8.000/mês,de 3 a 4 anos,Não tive experiência na área de TI/Engenharia de Software antes de começar a trabalhar na área de dados,True,7000,-27.0,-51.0
30-34,Masculino,Branca,Sudeste,Doutorado ou Phd,Empregado (CLT),Outro,Pleno,de R$ 12.001/mês a R$ 16.000/mês,de 1 a 2 anos,Menos de 1 ano,False,14000,-20.0,-44.0
30-34,Masculino,Branca,Sul,Graduação/Bacharelado,Empregado (CLT),Analista de Dados,Pleno,de R$ 4.001/mês a R$ 6.000/mês,de 3 a 4 anos,Não tive experiência na área de TI/Engenharia de Software antes de começar a trabalhar na área de dados,True,5000,-27.0,-51.0
30-34,Masculino,Branca,Sudeste,Graduação/Bacharelado,Empregado (CLT),Engenheiro de Dados,Pleno,de R$ 8.001/mês a R$ 12.000/mês,de 3 a 4 anos,Não tive experiência na área de TI/Engenharia de Software antes de começar a trabalhar na área de dados,True,10000,-20.0,-44.0
30-34,Masculino,Preta,Nordeste,Mestrado,Empregado (CLT),Cientista de Dados,Sênior,de R$ 12.001/mês a R$ 16.000/mês,de 5 a 6 anos,Não tive experiência na área de TI/Engenharia de Software antes de começar a trabalhar na área de dados,True,14000,-8.0,-38.0
30-34,Feminino,Branca,,Pós-graduação,Empregado (CLT),Analista de Dados,Sênior,de R$ 8.001/mês a R$ 12.000/mês,de 7 a 10 anos,Não tive experiência na área de TI/Engenharia de Software antes de começar a trabalhar na área de dados,True,10000,,
30-34,Masculino,Branca,Sudeste,Pós-graduação,Empregado (CLT),Analista de Negócios,Pleno,de R$ 6.001/mês a R$ 8.000/mês,de 3 a 4 anos,Não tive experiência na área de TI/Engenharia de Software antes de começar a trabalhar na área de dados,True,7000,-20.0,-44.0
30-34,Masculino,Branca,Sul,Graduação/Bacharelado,Empregado (CLT),Cientista de Dados,Sênior,de R$ 12.001/mês a R$ 16.000/mês,de 3 a 4 anos,de 1 a 2 anos,True,14000,-27.0,-51.0
30-34,Feminino,Branca,Nordeste,Doutorado ou Phd,Vivo no Brasil e trabalho remoto para empresa de fora do Brasil,Cientista de Dados,Sênior,de R$ 8.001/mês a R$ 12.000/mês,de 1 a 2 anos,Não tive experiência na área de TI/Engenharia de Software antes de começar a trabalhar na área de dados,False,10000,-8.0,-38.0
30-34,Feminino,Branca,,Mestrado,Vivo fora do Brasil e trabalho para empresa de fora do Brasil,Analytics Engineer,Pleno,de R$ 20.001/mês a R$ 25.000/mês,de 3 a 4 anos,Não tive experiência na área de TI/Engenharia de Software antes de começar a trabalhar na área de dados,True,22500,,
30-34,Feminino,Branca,Sudeste,Mestrado,Empregado (CLT),Cientista de Dados,Pleno,de R$ 8.001/mês a R$ 12.000/mês,de 3 a 4 anos,Não tive experiência na área de TI/Engenharia de Software antes de começar a trabalhar na área de dados,True,10000,-20.0,-44.0
30-34,Masculino,Branca,Centro-oeste,Doutorado ou Phd,Empregado (CLT),Cientista de Dados,Sênior,de R$ 8.001/mês a R$ 12.000/mês,de 3 a 4 anos,de 3 a 4 anos,True,10000,-15.0,-52.0
30-34,Masculino,Branca,Sul,Pós-graduação,Empregado (CLT),Cientista de Dados,Pleno,de R$ 8.001/mês a R$ 12.000/mês,de 5 a 6 anos,Não tive experiência na área de TI/Engenharia de Software antes de começar a trabalhar na área de dados,True,10000,-27.0,-51.0
30-34,Masculino,Branca,Sudeste,Graduação/Bacharelado,Empregado (CLT),Desenvolvedor,Sênior,de R$ 12.001/mês a R$ 16.000/mês,Mais de 10 anos,Mais de 10 anos,True,14000,-20.0,-44.0
30-34,Masculino,Branca,Sudeste,Estudante de Graduação,Empregado (CLT),Desenvolvedor,Pleno,de R$ 8.001/mês a R$ 12.000/mês,de 3 a 4 anos,Não tive experiência na área de TI/Engenharia de Software antes de começar a trabalhar na área de dados,False,10000,-20.0,-44.0
30-34,Masculino,Branca,Centro-oeste,Graduação/Bacharelado,Empregado (CLT),Analista de BI,Pleno,de R$ 4.001/mês a R$ 6.000/mês,de 5 a 6 anos,de 3 a 4 anos,False,5000,-15.0,-52.0
30-34,Masculino,Branca,Sudeste,Mestrado,Empregado (CLT),Product Manager,Sênior,de R$ 8.001/mês a R$ 12.000/mês,de 3 a 4 anos,de 3 a 4 anos,True,10000,-20.0,-44.0
30-34,Masculino,Branca,Sudeste,Graduação/Bacharelado,Empregado (CLT),Analista de Dados,Pleno,de R$ 6.001/mês a R$ 8.000/mês,de 5 a 6 anos,Não tive experiência na área de TI/Engenharia de Software antes de começar a trabalhar na área de dados,False,7000,-20.0,-44.0
30-34,Feminino,Branca,Sudeste,Pós-graduação,Empregado (CLT),Analytics Engineer,Sênior,de R$ 6.001/mês a R$ 8.000/mês,de 1 a 2 anos,de 7 a 10 anos,True,7000,-20.0,-44.0
30-34,Masculino,Branca,Sudeste,Graduação/Bacharelado,Empregado (CLT),Analista de Dados,Pleno,de R$ 8.001/mês a R$ 12.000/mês,de 3 a 4 anos,Não tive experiência na área de TI/Engenharia de Software antes de começar a trabalhar na área de dados,True,10000,-20.0,-44.0
30-34,Masculino,Parda,Centro-oeste,Graduação/Bacharelado,Empregado (CLT),Cientista de Dados,Pleno,de R$ 8.001/mês a R$ 12.000/mês,de 3 a 4 anos,Menos de 1 ano,True,10000,-15.0,-52.0
30-34,Outro,Branca,Sudeste,Pós-graduação,Empregado (CLT),Cientista de Dados,Sênior,de R$ 8.001/mês a R$ 12.000/mês,de 5 a 6 anos,Não tive experiência na área de TI/Engenharia de Software antes de começar a trabalhar na área de dados,True,10000,-20.0,-44.0
30-34,Feminino,Branca,Sul,Pós-graduação,Empregado (CLT),Analista de BI,Pleno,de R$ 8.001/mês a R$ 12.000/mês,de 5 a 6 anos,Não tive experiência na área de TI/Engenharia de Software antes de começar a trabalhar na área de dados,True,10000,-27.0,-51.0
30-34,Masculino,Preta,Sudeste,Graduação/Bacharelado,Empregado (CLT),Analista de BI,Pleno,de R$ 4.001/mês a R$ 6.000/mês,de 1 a 2 anos,Não tive experiência na área de TI/Engenharia de Software antes de começar a trabalhar na área de dados,True,5000,-20.0,-44.0
30-34,Masculino,Branca,Sul,Graduação/Bacharelado,Empregado (CLT),Analista de Dados,Sênior,de R$ 25.001/mês a R$ 30.000/mês,Mais de 10 anos,de 1 a 2 anos,True,27500,-27.0,-51.0
30-34,Masculino,Branca,Sul,Mestrado,Empregado (CLT),Eng. Machine Learning,Sênior,de R$ 25.001/mês a R$ 30.000/mês,de 7 a 10 anos,de 5 a 6 anos,True,27500,-27.0,-51.0
30-34,Masculino,Branca,Nordeste,Graduação/Bacharelado,Empregado (CLT),Outro,Júnior,de R$ 1.001/mês a R$ 2.000/mês,Menos de 1 ano,Menos de 1 ano,False,1500,-8.0,-38.0
30-34,Masculino,Branca,Centro-oeste,Doutorado ou Phd,Vivo no Brasil e trabalho remoto para empresa de fora do Brasil,Cientista de Dados,Sênior,de R$ 12.001/mês a R$ 16.000/mês,de 7 a 10 anos,de 1 a 2 anos,True,14000,-15.0,-52.0
30-34,Feminino,Parda,Sul,Pós-graduação,Empregado (CLT),Cientista de Dados,Júnior,de R$ 4.001/mês a R$ 6.000/mês,de 3 a 4 anos,de 5 a 6 anos,True,5000,-27.0,-51.0
30-34,Masculino,Branca,Sudeste,Mestrado,Empregado (CLT),Cientista de Dados,Pleno,de R$ 16.001/mês a R$ 20.000/mês,de 5 a 6 anos,de 7 a 10 anos,True,18000,-20.0,-44.0
30-34,Feminino,Branca,Sul,Graduação/Bacharelado,Empregado (CLT),Analista de Dados,Júnior,de R$ 3.001/mês a R$ 4.000/mês,de 1 a 2 anos,Não tive experiência na área de TI/Engenharia de Software antes de começar a trabalhar na área de dados,True,3500,-27.0,-51.0
30-34,Feminino,Branca,Sul,Mestrado,Empreendedor ou Empregado (CNPJ),Analista de Dados,Pleno,de R$ 8.001/mês a R$ 12.000/mês,de 3 a 4 anos,Menos de 1 ano,True,10000,-27.0,-51.0
30-34,Feminino,Branca,Sul,Mestrado,Empregado (CLT),Analista de Dados,Sênior,de R$ 3.001/mês a R$ 4.000/mês,de 5 a 6 anos,Não tive experiência na área de TI/Engenharia de Software antes de começar a trabalhar na área de dados,True,3500,-27.0,-51.0
30-34,Masculino,Branca,Sudeste,Pós-graduação,Empregado (CLT),Outro,Sênior,de R$ 8.001/mês a R$ 12.000/mês,de 5 a 6 anos,de 3 a 4 anos,True,10000,-20.0,-44.0
30-34,Masculino,Preta,Centro-oeste,Graduação/Bacharelado,Empregado (CLT),Outro,Júnior,de R$ 2.001/mês a R$ 3.000/mês,de 7 a 10 anos,Não tive experiência na área de TI/Engenharia de Software antes de começar a trabalhar na área de dados,False,2500,-15.0,-52.0
30-34,Feminino,Branca,Sul,Pós-graduação,Empregado (CLT),Analista de Negócios,Sênior,de R$ 6.001/mês a R$ 8.000/mês,de 3 a 4 anos,Não tive experiência na área de TI/Engenharia de Software antes de começar a trabalhar na área de dados,True,7000,-27.0,-51.0
30-34,Feminino,Preta,Nordeste,Mestrado,Empregado (CLT),Analista de Dados,Pleno,de R$ 6.001/mês a R$ 8.000/mês,de 3 a 4 anos,Não tive experiência na área de TI/Engenharia de Software antes de começar a trabalhar na área de dados,True,7000,-8.0,-38.0
30-34,Feminino,Amarela,Sul,Pós-graduação,Empregado (CLT),Outras Engenharias,Pleno,de R$ 8.001/mês a R$ 12.000/mês,Menos de 1 ano,Menos de 1 ano,True,10000,-27.0,-51.0
30-34,Masculino,Branca,Sudeste,Graduação/Bacharelado,Empregado (CLT),Analista de BI,Pleno,de R$ 6.001/mês a R$ 8.000/mês,de 3 a 4 anos,Não tive experiência na área de TI/Engenharia de Software antes de começar a trabalhar na área de dados,False,7000,-20.0,-44.0
30-34,Masculino,Branca,Sudeste,Graduação/Bacharelado,Empregado (CLT),Desenvolvedor,Pleno,de R$ 8.001/mês a R$ 12.000/mês,de 5 a 6 anos,Não tive experiência na área de TI/Engenharia de Software antes de começar a trabalhar na área de dados,True,10000,-20.0,-44.0
30-34,Masculino,Parda,Sul,Graduação/Bacharelado,Empregado (CLT),Analista de BI,Pleno,de R$ 6.001/mês a R$ 8.000/mês,de 1 a 2 anos,Menos de 1 ano,True,7000,-27.0,-51.0
30-34,Masculino,Branca,Sul,Pós-graduação,Empregado (CLT),Eng. Machine Learning,Sênior,de R$ 8.001/mês a R$ 12.000/mês,de 5 a 6 anos,Não tive experiência na área de TI/Engenharia de Software antes de começar a trabalhar na área de dados,False,10000,-27.0,-51.0
30-34,Masculino,Preta,Nordeste,Doutorado ou Phd,Empreendedor ou Empregado (CNPJ),Cientista de Dados,Pleno,de R$ 4.001/mês a R$ 6.000/mês,de 1 a 2 anos,Não tive experiência na área de TI/Engenharia de Software antes de começar a trabalhar na área de dados,False,5000,-8.0,-38.0
30-34,Masculino,Parda,Sudeste,Pós-graduação,Empregado (CLT),Engenheiro de Dados,Sênior,de R$ 16.001/mês a R$ 20.000/mês,de 7 a 10 anos,Não tive experiência na área de TI/Engenharia de Software antes de começar a trabalhar na área de dados,False,18000,-20.0,-44.0
30-34,Feminino,Branca,Sudeste,Mestrado,Empregado (CLT),Cientista de Dados,Sênior,de R$ 12.001/mês a R$ 16.000/mês,de 1 a 2 anos,Não tive experiência na área de TI/Engenharia de Software antes de começar a trabalhar na área de dados,True,14000,-20.0,-44.0
30-34,Masculino,Branca,Sudeste,Pós-graduação,Empregado (CLT),Cientista de Dados,Sênior,de R$ 12.001/mês a R$ 16.000/mês,de 1 a 2 anos,Menos de 1 ano,True,14000,-20.0,-44.0
30-34,Feminino,Branca,Sul,Pós-graduação,Empregado (CLT),Arquiteto de Dados,Pleno,de R$ 6.001/mês a R$ 8.000/mês,de 3 a 4 anos,Menos de 1 ano,True,7000,-27.0,-51.0
30-34,Masculino,Branca,Sudeste,Mestrado,Empregado (CLT),Cientista de Dados,Sênior,de R$ 16.001/mês a R$ 20.000/mês,de 5 a 6 anos,Não tive experiência na área de TI/Engenharia de Software antes de começar a trabalhar na área de dados,False,18000,-20.0,-44.0
30-34,Masculino,Branca,Sudeste,Pós-graduação,Empregado (CLT),Analytics Engineer,Sênior,de R$ 8.001/mês a R$ 12.000/mês,de 5 a 6 anos,Não tive experiência na área de TI/Engenharia de Software antes de começar a trabalhar na área de dados,True,10000,-20.0,-44.0
30-34,Masculino,Parda,Sudeste,Pós-graduação,Empregado (CLT),Cientista de Dados,Sênior,de R$ 12.001/mês a R$ 16.000/mês,de 3 a 4 anos,Não tive experiência na área de TI/Engenharia de Software antes de começar a trabalhar na área de dados,True,14000,-20.0,-44.0
30-34,Masculino,Branca,Sudeste,Doutorado ou Phd,Vivo no Brasil e trabalho remoto para empresa de fora do Brasil,Engenheiro de Dados,Sênior,Acima de R$ 40.001/mês,de 7 a 10 anos,Não tive experiência na área de TI/Engenharia de Software antes de começar a trabalhar na área de dados,True,45000,-20.0,-44.0
30-34,Masculino,Branca,Sudeste,Pós-graduação,Empregado (CLT),Engenheiro de Dados,Sênior,de R$ 12.001/mês a R$ 16.000/mês,de 5 a 6 anos,de 5 a 6 anos,True,14000,-20.0,-44.0
30-34,Masculino,Parda,Sudeste,Graduação/Bacharelado,Empregado (CLT),Analista de Dados,Sênior,de R$ 8.001/mês a R$ 12.000/mês,de 3 a 4 anos,Não tive experiência na área de TI/Engenharia de Software antes de começar a trabalhar na área de dados,False,10000,-20.0,-44.0
30-34,Masculino,Branca,Sudeste,Graduação/Bacharelado,Empregado (CLT),Cientista de Dados,Pleno,de R$ 8.001/mês a R$ 12.000/mês,de 3 a 4 anos,Não tive experiência na área de TI/Engenharia de Software antes de começar a trabalhar na área de dados,False,10000,-20.0,-44.0
30-34,Feminino,Preta,Centro-oeste,Mestrado,Empregado (CLT),Cientista de Dados,Sênior,de R$ 16.001/mês a R$ 20.000/mês,de 5 a 6 anos,de 1 a 2 anos,True,18000,-15.0,-52.0
30-34,Masculino,Preta,Centro-oeste,Graduação/Bacharelado,Empreendedor ou Empregado (CNPJ),Analista de Dados,Sênior,de R$ 8.001/mês a R$ 12.000/mês,de 5 a 6 anos,Não tive experiência na área de TI/Engenharia de Software antes de começar a trabalhar na área de dados,False,10000,-15.0,-52.0
30-34,Masculino,Branca,Sudeste,Pós-graduação,Vivo no Brasil e trabalho remoto para empresa de fora do Brasil,Engenheiro de Dados,Sênior,de R$ 30.001/mês a R$ 40.000/mês,de 7 a 10 anos,de 1 a 2 anos,True,35000,-20.0,-44.0
30-34,Feminino,Branca,Sudeste,Mestrado,Empregado (CLT),Analista de Negócios,Sênior,de R$ 8.001/mês a R$ 12.000/mês,de 3 a 4 anos,Menos de 1 ano,False,10000,-20.0,-44.0
30-34,Masculino,Parda,Sudeste,Graduação/Bacharelado,Empregado (CLT),Cientista de Dados,Júnior,de R$ 2.001/mês a R$ 3.000/mês,de 1 a 2 anos,de 1 a 2 anos,False,2500,-20.0,-44.0
30-34,Masculino,Branca,Sul,Graduação/Bacharelado,Empregado (CLT),Analista de Suporte,Pleno,de R$ 4.001/mês a R$ 6.000/mês,de 5 a 6 anos,de 3 a 4 anos,False,5000,-27.0,-51.0
30-34,Masculino,Branca,Sudeste,Estudante de Graduação,Empregado (CLT),Analista de Suporte,Júnior,de R$ 1.001/mês a R$ 2.000/mês,Mais de 10 anos,Não tive experiência na área de TI/Engenharia de Software antes de começar a trabalhar na área de dados,False,1500,-20.0,-44.0
30-34,Feminino,Branca,Sudeste,Pós-graduação,Empregado (CLT),Analista de Dados,Sênior,de R$ 8.001/mês a R$ 12.000/mês,de 7 a 10 anos,Não tive experiência na área de TI/Engenharia de Software antes de começar a trabalhar na área de dados,False,10000,-20.0,-44.0
30-34,Feminino,Parda,Sudeste,Mestrado,Empregado (CLT),Cientista de Dados,Sênior,de R$ 16.001/mês a R$ 20.000/mês,de 5 a 6 anos,Não tive experiência na área de TI/Engenharia de Software antes de começar a trabalhar na área de dados,False,18000,-20.0,-44.0
30-34,Masculino,Branca,Sudeste,Graduação/Bacharelado,Empregado (CLT),Cientista de Dados,Sênior,de R$ 12.001/mês a R$ 16.000/mês,de 7 a 10 anos,Não tive experiência na área de TI/Engenharia de Software antes de começar a trabalhar na área de dados,True,14000,-20.0,-44.0
30-34,Masculino,Branca,Sudeste,Graduação/Bacharelado,Vivo no Brasil e trabalho remoto para empresa de fora do Brasil,Engenheiro de Dados,Sênior,de R$ 30.001/mês a R$ 40.000/mês,Mais de 10 anos,Menos de 1 ano,True,35000,-20.0,-44.0
30-34,Masculino,Branca,Norte,Pós-graduação,Empregado (CLT),Analista de BI,Sênior,de R$ 8.001/mês a R$ 12.000/mês,de 5 a 6 anos,Não tive experiência na área de TI/Engenharia de Software antes de começar a trabalhar na área de dados,True,10000,-5.0,-60.0
30-34,Masculino,Branca,Sudeste,Pós-graduação,Empregado (CLT),Eng. Machine Learning,Sênior,de R$ 16.001/mês a R$ 20.000/mês,de 3 a 4 anos,Não tive experiência na área de TI/Engenharia de Software antes de começar a trabalhar na área de dados,False,18000,-20.0,-44.0
30-34,Masculino,Parda,Nordeste,Graduação/Bacharelado,Empreendedor ou Empregado (CNPJ),Analista de Dados,Sênior,de R$ 6.001/mês a R$ 8.000/mês,de 7 a 10 anos,Não tive experiência na área de TI/Engenharia de Software antes de começar a trabalhar na área de dados,True,7000,-8.0,-38.0
30-34,Masculino,Amarela,Sul,Pós-graduação,Empregado (CLT),Analista de Dados,Júnior,de R$ 4.001/mês a R$ 6.000/mês,de 3 a 4 anos,Não tive experiência na área de TI/Engenharia de Software antes de começar a trabalhar na área de dados,True,5000,-27.0,-51.0
30-34,Feminino,Branca,Sul,Pós-graduação,Empregado (CLT),Engenheiro de Dados,Sênior,de R$ 8.001/mês a R$ 12.000/mês,de 3 a 4 anos,Não tive experiência na área de TI/Engenharia de Software antes de começar a trabalhar na área de dados,True,10000,-27.0,-51.0
30-34,Masculino,Branca,Nordeste,Pós-graduação,Empregado (CLT),Outro,Sênior,de R$ 8.001/mês a R$ 12.000/mês,Não tenho experiência na área de dados,Não tive experiência na área de TI/Engenharia de Software antes de começar a trabalhar na área de dados,False,10000,-8.0,-38.0
30-34,Masculino,Amarela,Sudeste,Mestrado,Empregado (CLT),Analista de Negócios,Sênior,de R$ 12.001/mês a R$ 16.000/mês,de 7 a 10 anos,de 3 a 4 anos,True,14000,-20.0,-44.0
30-34,Masculino,Branca,Sudeste,Pós-graduação,Empregado (CLT),Engenheiro de Dados,Pleno,de R$ 8.001/mês a R$ 12.000/mês,de 5 a 6 anos,Menos de 1 ano,True,10000,-20.0,-44.0
30-34,Masculino,Parda,Sudeste,Pós-graduação,Empregado (CLT),Arquiteto de Dados,Sênior,de R$ 12.001/mês a R$ 16.000/mês,de 7 a 10 anos,Menos de 1 ano,False,14000,-20.0,-44.0
30-34,Masculino,Preta,Sudeste,Graduação/Bacharelado,Empregado (CLT),Analista de Dados,Pleno,de R$ 6.001/mês a R$ 8.000/mês,de 3 a 4 anos,de 3 a 4 anos,True,7000,-20.0,-44.0
30-34,Masculino,Branca,Sudeste,Graduação/Bacharelado,Vivo no Brasil e trabalho remoto para empresa de fora do Brasil,Eng. Machine Learning,Sênior,Acima de R$ 40.001/mês,de 3 a 4 anos,de 5 a 6 anos,True,45000,-20.0,-44.0
30-34,Feminino,Preta,Sudeste,Pós-graduação,Empregado (CLT),Analista de Dados,Pleno,de R$ 4.001/mês a R$ 6.000/mês,de 5 a 6 anos,de 3 a 4 anos,False,5000,-20.0,-44.0
30-34,Masculino,Branca,Sul,Mestrado,Empreendedor ou Empregado (CNPJ),Analytics Engineer,Júnior,de R$ 4.001/mês a R$ 6.000/mês,Menos de 1 ano,Menos de 1 ano,True,5000,-27.0,-51.0
30-34,Feminino,Amarela,Sudeste,Graduação/Bacharelado,Empreendedor ou Empregado (CNPJ),Analista de Dados,Pleno,de R$ 2.001/mês a R$ 3.000/mês,de 3 a 4 anos,Não tive experiência na área de TI/Engenharia de Software antes de começar a trabalhar na área de dados,True,2500,-20.0,-44.0
30-34,Masculino,Branca,Sudeste,Graduação/Bacharelado,Empregado (CLT),Analista de Dados,Júnior,de R$ 4.001/mês a R$ 6.000/mês,Menos de 1 ano,Não tive experiência na área de TI/Engenharia de Software antes de começar a trabalhar na área de dados,True,5000,-20.0,-44.0
30-34,Masculino,Branca,Sudeste,Pós-graduação,Empregado (CLT),Analytics Engineer,Júnior,de R$ 8.001/mês a R$ 12.000/mês,de 1 a 2 anos,de 1 a 2 anos,True,10000,-20.0,-44.0
30-34,Masculino,Branca,Sul,Graduação/Bacharelado,Estagiário,Analista de Dados,Júnior,Menos de R$ 1.000/mês,Não tenho experiência na área de dados,Não tive experiência na área de TI/Engenharia de Software antes de começar a trabalhar na área de dados,False,500,-27.0,-51.0
30-34,Masculino,Branca,Sudeste,Mestrado,Empregado (CLT),Cientista de Dados,Sênior,de R$ 12.001/mês a R$ 16.000/mês,de 7 a 10 anos,Não tive experiência na área de TI/Engenharia de Software antes de começar a trabalhar na área de dados,False,14000,-20.0,-44.0
30-34,Masculino,Parda,Nordeste,Mestrado,Empregado (CLT),Analista de Dados,Sênior,de R$ 4.001/mês a R$ 6.000/mês,de 3 a 4 anos,Não tive experiência na área de TI/Engenharia de Software antes de começar a trabalhar na área de dados,False,5000,-8.0,-38.0
30-34,Masculino,Branca,Sudeste,Estudante de Graduação,Empregado (CLT),Analista de Dados,Pleno,de R$ 8.001/mês a R$ 12.000/mês,de 3 a 4 anos,de 1 a 2 anos,True,10000,-20.0,-44.0
30-34,Feminino,Branca,Nordeste,Pós-graduação,Empregado (CLT),Analista de BI,Pleno,de R$ 4.001/mês a R$ 6.000/mês,de 3 a 4 anos,de 1 a 2 anos,True,5000,-8.0,-38.0
30-34,Masculino,Branca,Sudeste,Graduação/Bacharelado,Empregado (CLT),Engenheiro de Dados,Júnior,de R$ 6.001/mês a R$ 8.000/mês,de 3 a 4 anos,de 7 a 10 anos,True,7000,-20.0,-44.0
30-34,Feminino,Amarela,,Pós-graduação,Empregado (CLT),Analista de BI,Júnior,de R$ 6.001/mês a R$ 8.000/mês,de 1 a 2 anos,Menos de 1 ano,True,7000,,
30-34,Masculino,Branca,Nordeste,Mestrado,Empregado (CLT),Cientista de Dados,Sênior,de R$ 12.001/mês a R$ 16.000/mês,de 5 a 6 anos,de 3 a 4 anos,True,14000,-8.0,-38.0
30-34,Masculino,Parda,Sudeste,Pós-graduação,Empregado (CLT),Engenheiro de Dados,Sênior,de R$ 12.001/mês a R$ 16.000/mês,de 5 a 6 anos,de 1 a 2 anos,True,14000,-20.0,-44.0
30-34,Masculino,Branca,Sudeste,Mestrado,Empregado (CLT),Analista de Dados,Pleno,de R$ 8.001/mês a R$ 12.000/mês,de 1 a 2 anos,Não tive experiência na área de TI/Engenharia de Software antes de começar a trabalhar na área de dados,True,10000,-20.0,-44.0
30-34,Masculino,Branca,Sul,Graduação/Bacharelado,Vivo no Brasil e trabalho remoto para empresa de fora do Brasil,Engenheiro de Dados,Sênior,Acima de R$ 40.001/mês,de 5 a 6 anos,Não tive experiência na área de TI/Engenharia de Software antes de começar a trabalhar na área de dados,True,45000,-27.0,-51.0
30-34,Feminino,Parda,Sudeste,Mestrado,Empregado (CLT),Analista de Dados,Sênior,de R$ 8.001/mês a R$ 12.000/mês,de 3 a 4 anos,Menos de 1 ano,True,10000,-20.0,-44.0
30-34,Masculino,Parda,Sul,Mestrado,Empregado (CLT),Cientista de Dados,Sênior,de R$ 8.001/mês a R$ 12.000/mês,de 1 a 2 anos,Não tive experiência na área de TI/Engenharia de Software antes de começar a trabalhar na área de dados,True,10000,-27.0,-51.0
30-34,Feminino,Branca,Nordeste,Graduação/Bacharelado,Estagiário,Desenvolvedor,Júnior,de R$ 1.001/mês a R$ 2.000/mês,Não tenho experiência na área de dados,Não tive experiência na área de TI/Engenharia de Software antes de começar a trabalhar na área de dados,True,1500,-8.0,-38.0
30-34,Masculino,Branca,Sudeste,Pós-graduação,Empregado (CLT),Desenvolvedor,Pleno,de R$ 8.001/mês a R$ 12.000/mês,de 7 a 10 anos,Não tive experiência na área de TI/Engenharia de Software antes de começar a trabalhar na área de dados,True,10000,-20.0,-44.0
30-34,Masculino,Branca,Sudeste,Estudante de Graduação,Empreendedor ou Empregado (CNPJ),Engenheiro de Dados,Pleno,de R$ 4.001/mês a R$ 6.000/mês,de 3 a 4 anos,Não tive experiência na área de TI/Engenharia de Software antes de começar a trabalhar na área de dados,False,5000,-20.0,-44.0
30-34,Feminino,Branca,Sudeste,Graduação/Bacharelado,Empregado (CLT),Analista de Dados,Pleno,de R$ 8.001/mês a R$ 12.000/mês,de 7 a 10 anos,Não tive experiência na área de TI/Engenharia de Software antes de começar a trabalhar na área de dados,True,10000,-20.0,-44.0
30-34,Masculino,Branca,Sul,Graduação/Bacharelado,Empregado (CLT),Analista de BI,Pleno,de R$ 4.001/mês a R$ 6.000/mês,de 1 a 2 anos,de 1 a 2 anos,True,5000,-27.0,-51.0
30-34,Masculino,Branca,Nordeste,Graduação/Bacharelado,Empregado (CLT),Cientista de Dados,Sênior,de R$ 16.001/mês a R$ 20.000/mês,de 5 a 6 anos,de 3 a 4 anos,False,18000,-8.0,-38.0
30-34,Masculino,Parda,Nordeste,Pós-graduação,Empregado (CLT),Engenheiro de Dados,Sênior,de R$ 16.001/mês a R$ 20.000/mês,de 5 a 6 anos,de 7 a 10 anos,True,18000,-8.0,-38.0
30-34,Feminino,Branca,Sudeste,Graduação/Bacharelado,Empregado (CLT),Analista de BI,Sênior,de R$ 6.001/mês a R$ 8.000/mês,de 7 a 10 anos,Não tive experiência na área de TI/Engenharia de Software antes de começar a trabalhar na área de dados,True,7000,-20.0,-44.0
30-34,Masculino,Parda,Sudeste,Graduação/Bacharelado,Empregado (CLT),Analista de Dados,Júnior,de R$ 3.001/mês a R$ 4.000/mês,de 3 a 4 anos,Não tive experiência na área de TI/Engenharia de Software antes de começar a trabalhar na área de dados,False,3500,-20.0,-44.0
30-34,Masculino,Branca,Sul,Pós-graduação,Empregado (CLT),Cientista de Dados,Sênior,de R$ 8.001/mês a R$ 12.000/mês,de 7 a 10 anos,Não tive experiência na área de TI/Engenharia de Software antes de começar a trabalhar na área de dados,False,10000,-27.0,-51.0
30-34,Feminino,Branca,Sudeste,Pós-graduação,Empregado (CLT),Engenheiro de Dados,Pleno,de R$ 3.001/mês a R$ 4.000/mês,de 1 a 2 anos,de 3 a 4 anos,True,3500,-20.0,-44.0
30-34,Masculino,Branca,Sudeste,Graduação/Bacharelado,Empregado (CLT),Analista de BI,Pleno,de R$ 6.001/mês a R$ 8.000/mês,de 5 a 6 anos,Não tive experiência na área de TI/Engenharia de Software antes de começar a trabalhar na área de dados,True,7000,-20.0,-44.0
30-34,Feminino,Branca,Sudeste,Graduação/Bacharelado,Empreendedor ou Empregado (CNPJ),Cientista de Dados,Pleno,de R$ 4.001/mês a R$ 6.000/mês,de 3 a 4 anos,Não tive experiência na área de TI/Engenharia de Software antes de começar a trabalhar na área de dados,False,5000,-20.0,-44.0
30-34,Masculino,Parda,Sudeste,Pós-graduação,Empregado (CLT),Analista de Dados,Pleno,de R$ 4.001/mês a R$ 6.000/mês,de 3 a 4 anos,Não tive experiência na área de TI/Engenharia de Software antes de começar a trabalhar na área de dados,False,5000,-20.0,-44.0
30-34,Masculino,Branca,Nordeste,Estudante de Graduação,Empregado (CLT),Analista de Dados,Sênior,de R$ 6.001/mês a R$ 8.000/mês,de 3 a 4 anos,Não tive experiência na área de TI/Engenharia de Software antes de começar a trabalhar na área de dados,False,7000,-8.0,-38.0
30-34,Masculino,Parda,Sudeste,Pós-graduação,Empregado (CLT),Analytics Engineer,Sênior,de R$ 8.001/mês a R$ 12.000/mês,de 5 a 6 anos,de 5 a 6 anos,True,10000,-20.0,-44.0
30-34,Masculino,Branca,Sudeste,Pós-graduação,Empregado (CLT),Analista de Dados,Sênior,de R$ 4.001/mês a R$ 6.000/mês,de 1 a 2 anos,Não tive experiência na área de TI/Engenharia de Software antes de começar a trabalhar na área de dados,False,5000,-20.0,-44.0
30-34,Feminino,Branca,Sul,Pós-graduação,Empregado (CLT),Engenheiro de Dados,Sênior,de R$ 8.001/mês a R$ 12.000/mês,de 3 a 4 anos,de 1 a 2 anos,False,10000,-27.0,-51.0
30-34,Feminino,Branca,Sudeste,Mestrado,Empregado (CLT),Cientista de Dados,Sênior,de R$ 8.001/mês a R$ 12.000/mês,de 5 a 6 anos,de 3 a 4 anos,False,10000,-20.0,-44.0
30-34,Feminino,Parda,Sudeste,Pós-graduação,Empregado (CLT),Cientista de Dados,Júnior,de R$ 4.001/mês a R$ 6.000/mês,de 1 a 2 anos,Não tive experiência na área de TI/Engenharia de Software antes de começar a trabalhar na área de dados,False,5000,-20.0,-44.0
30-34,Masculino,Parda,Sudeste,Estudante de Graduação,Empregado (CLT),Analista de BI,Júnior,de R$ 2.001/mês a R$ 3.000/mês,Menos de 1 ano,de 3 a 4 anos,True,2500,-20.0,-44.0
30-34,Masculino,Parda,Nordeste,Graduação/Bacharelado,Empregado (CLT),Engenheiro de Dados,Sênior,de R$ 12.001/mês a R$ 16.000/mês,de 5 a 6 anos,de 1 a 2 anos,False,14000,-8.0,-38.0
30-34,Feminino,Branca,Sudeste,Pós-graduação,Empregado (CLT),Analista de Dados,Sênior,de R$ 8.001/mês a R$ 12.000/mês,de 3 a 4 anos,de 3 a 4 anos,True,10000,-20.0,-44.0
30-34,Masculino,Preta,Sudeste,Pós-graduação,Empregado (CLT),Analista de Dados,Sênior,de R$ 8.001/mês a R$ 12.000/mês,de 5 a 6 anos,Não tive experiência na área de TI/Engenharia de Software antes de começar a trabalhar na área de dados,True,10000,-20.0,-44.0
30-34,Feminino,Parda,Sudeste,Pós-graduação,Empregado (CLT),Professor/Pesquisador,Júnior,de R$ 1.001/mês a R$ 2.000/mês,Não tenho experiência na área de dados,Não tive experiência na área de TI/Engenharia de Software antes de começar a trabalhar na área de dados,False,1500,-20.0,-44.0
30-34,Masculino,Branca,Sudeste,Graduação/Bacharelado,Empregado (CLT),Analista de BI,Júnior,de R$ 4.001/mês a R$ 6.000/mês,de 1 a 2 anos,Não tive experiência na área de TI/Engenharia de Software antes de começar a trabalhar na área de dados,True,5000,-20.0,-44.0
30-34,Masculino,Branca,Sudeste,Pós-graduação,Empregado (CLT),Engenheiro de Dados,Sênior,de R$ 16.001/mês a R$ 20.000/mês,de 5 a 6 anos,Não tive experiência na área de TI/Engenharia de Software antes de começar a trabalhar na área de dados,True,18000,-20.0,-44.0
30-34,Feminino,Parda,Sudeste,Pós-graduação,Empregado (CLT),Cientista de Dados,Pleno,de R$ 8.001/mês a R$ 12.000/mês,de 5 a 6 anos,de 1 a 2 anos,True,10000,-20.0,-44.0
30-34,Masculino,Branca,Sudeste,Pós-graduação,Empregado (CLT),Arquiteto de Dados,Sênior,de R$ 12.001/mês a R$ 16.000/mês,Menos de 1 ano,Mais de 10 anos,True,14000,-20.0,-44.0
30-34,Masculino,Branca,Nordeste,Graduação/Bacharelado,Empregado (CLT),Eng. Machine Learning,Pleno,de R$ 8.001/mês a R$ 12.000/mês,de 5 a 6 anos,Não tive experiência na área de TI/Engenharia de Software antes de começar a trabalhar na área de dados,True,10000,-8.0,-38.0
30-34,Masculino,Branca,Sudeste,Pós-graduação,Empregado (CLT),Engenheiro de Dados,Pleno,de R$ 6.001/mês a R$ 8.000/mês,de 5 a 6 anos,Não tive experiência na área de TI/Engenharia de Software antes de começar a trabalhar na área de dados,True,7000,-20.0,-44.0
30-34,Masculino,Branca,Sul,Pós-graduação,Empregado (CLT),Engenheiro de Dados,Pleno,de R$ 8.001/mês a R$ 12.000/mês,de 3 a 4 anos,Não tive experiência na área de TI/Engenharia de Software antes de começar a trabalhar na área de dados,True,10000,-27.0,-51.0
30-34,Masculino,Branca,Sul,Pós-graduação,Empregado (CLT),Desenvolvedor,Sênior,de R$ 8.001/mês a R$ 12.000/mês,de 3 a 4 anos,de 5 a 6 anos,False,10000,-27.0,-51.0
30-34,Masculino,Parda,Sudeste,Graduação/Bacharelado,Empregado (CLT),Professor/Pesquisador,Pleno,de R$ 6.001/mês a R$ 8.000/mês,de 5 a 6 anos,Menos de 1 ano,False,7000,-20.0,-44.0
30-34,Masculino,Branca,Sudeste,Pós-graduação,Empregado (CLT),Cientista de Dados,Pleno,de R$ 8.001/mês a R$ 12.000/mês,de 3 a 4 anos,Não tive experiência na área de TI/Engenharia de Software antes de começar a trabalhar na área de dados,True,10000,-20.0,-44.0
30-34,Masculino,Preta,Nordeste,Doutorado ou Phd,Empregado (CLT),Cientista de Dados,Sênior,de R$ 12.001/mês a R$ 16.000/mês,Mais de 10 anos,Não tive experiência na área de TI/Engenharia de Software antes de começar a trabalhar na área de dados,False,14000,-8.0,-38.0
30-34,Masculino,Preta,Sudeste,Pós-graduação,Empregado (CLT),Cientista de Dados,Sênior,de R$ 20.001/mês a R$ 25.000/mês,de 5 a 6 anos,Não tive experiência na área de TI/Engenharia de Software antes de começar a trabalhar na área de dados,True,22500,-20.0,-44.0
30-34,Feminino,Amarela,Sudeste,Graduação/Bacharelado,Empregado (CLT),Analista de BI,Sênior,de R$ 12.001/mês a R$ 16.000/mês,de 5 a 6 anos,de 7 a 10 anos,True,14000,-20.0,-44.0
30-34,Masculino,Branca,Nordeste,Graduação/Bacharelado,Empreendedor ou Empregado (CNPJ),Cientista de Dados,Sênior,de R$ 16.001/mês a R$ 20.000/mês,de 5 a 6 anos,Não tive experiência na área de TI/Engenharia de Software antes de começar a trabalhar na área de dados,True,18000,-8.0,-38.0
30-34,Masculino,Branca,Sudeste,Mestrado,Empregado (CLT),Engenheiro de Dados,Sênior,de R$ 8.001/mês a R$ 12.000/mês,de 3 a 4 anos,de 3 a 4 anos,True,10000,-20.0,-44.0
30-34,Masculino,Branca,Nordeste,Pós-graduação,Empregado (CLT),Analista de BI,Júnior,de R$ 3.001/mês a R$ 4.000/mês,de 1 a 2 anos,Não tive experiência na área de TI/Engenharia de Software antes de começar a trabalhar na área de dados,False,3500,-8.0,-38.0
30-34,Feminino,Branca,Sudeste,Pós-graduação,Empregado (CLT),Outro,Sênior,de R$ 8.001/mês a R$ 12.000/mês,de 3 a 4 anos,Não tive experiência na área de TI/Engenharia de Software antes de começar a trabalhar na área de dados,False,10000,-20.0,-44.0
30-34,Masculino,Branca,Sul,Graduação/Bacharelado,Empregado (CLT),Analista de Dados,Sênior,de R$ 12.001/mês a R$ 16.000/mês,de 5 a 6 anos,de 5 a 6 anos,True,14000,-27.0,-51.0
30-34,Masculino,Parda,Sudeste,Pós-graduação,Empregado (CLT),Cientista de Dados,Sênior,de R$ 20.001/mês a R$ 25.000/mês,de 7 a 10 anos,de 7 a 10 anos,True,22500,-20.0,-44.0
30-34,Masculino,Branca,Sul,Graduação/Bacharelado,Empregado (CLT),Analista de BI,Sênior,de R$ 4.001/mês a R$ 6.000/mês,de 3 a 4 anos,Não tive experiência na área de TI/Engenharia de Software antes de começar a trabalhar na área de dados,True,5000,-27.0,-51.0
30-34,Masculino,Branca,,Pós-graduação,Vivo fora do Brasil e trabalho para empresa de fora do Brasil,Cientista de Dados,Pleno,de R$ 8.001/mês a R$ 12.000/mês,de 1 a 2 anos,de 1 a 2 anos,True,10000,,
30-34,Masculino,Parda,Sudeste,Pós-graduação,Empregado (CLT),Analista de Negócios,Pleno,de R$ 12.001/mês a R$ 16.000/mês,de 3 a 4 anos,de 1 a 2 anos,True,14000,-20.0,-44.0
30-34,Masculino,Preta,Sudeste,Graduação/Bacharelado,Empregado (CLT),Cientista de Dados,Sênior,de R$ 12.001/mês a R$ 16.000/mês,de 5 a 6 anos,Não tive experiência na área de TI/Engenharia de Software antes de começar a trabalhar na área de dados,True,14000,-20.0,-44.0
30-34,Masculino,Branca,Sudeste,Doutorado ou Phd,Empregado (CLT),Analista de Dados,Pleno,de R$ 4.001/mês a R$ 6.000/mês,de 1 a 2 anos,Não tive experiência na área de TI/Engenharia de Software antes de começar a trabalhar na área de dados,False,5000,-20.0,-44.0
30-34,Masculino,Branca,Sudeste,Pós-graduação,Empregado (CLT),Analista de BI,Sênior,de R$ 4.001/mês a R$ 6.000/mês,de 7 a 10 anos,de 1 a 2 anos,False,5000,-20.0,-44.0
30-34,Feminino,Preta,Sudeste,Pós-graduação,Empregado (CLT),Cientista de Dados,Pleno,de R$ 8.001/mês a R$ 12.000/mês,de 5 a 6 anos,de 1 a 2 anos,False,10000,-20.0,-44.0
30-34,Feminino,Branca,Sul,Doutorado ou Phd,Empregado (CLT),Cientista de Dados,Sênior,de R$ 12.001/mês a R$ 16.000/mês,de 3 a 4 anos,de 3 a 4 anos,True,14000,-27.0,-51.0
30-34,Feminino,Preta,Sudeste,Graduação/Bacharelado,Empregado (CLT),Analista de Dados,Pleno,de R$ 8.001/mês a R$ 12.000/mês,Mais de 10 anos,Não tive experiência na área de TI/Engenharia de Software antes de começar a trabalhar na área de dados,True,10000,-20.0,-44.0
30-34,Feminino,Branca,Sudeste,Pós-graduação,Empregado (CLT),Analista de Dados,Pleno,de R$ 8.001/mês a R$ 12.000/mês,de 3 a 4 anos,de 1 a 2 anos,True,10000,-20.0,-44.0
30-34,Masculino,Branca,Sudeste,Pós-graduação,Empregado (CLT),Analista de BI,Sênior,de R$ 8.001/mês a R$ 12.000/mês,Mais de 10 anos,Não tive experiência na área de TI/Engenharia de Software antes de começar a trabalhar na área de dados,True,10000,-20.0,-44.0
30-34,Masculino,Parda,Sudeste,Pós-graduação,Empregado (CLT),Outro,Sênior,de R$ 16.001/mês a R$ 20.000/mês,de 5 a 6 anos,Menos de 1 ano,True,18000,-20.0,-44.0
30-34,Masculino,Branca,Sul,Graduação/Bacharelado,Empregado (CLT),Cientista de Dados,Sênior,de R$ 12.001/mês a R$ 16.000/mês,de 1 a 2 anos,Menos de 1 ano,True,14000,-27.0,-51.0
30-34,Masculino,Branca,Centro-oeste,Graduação/Bacharelado,Empregado (CLT),Cientista de Dados,Júnior,de R$ 6.001/mês a R$ 8.000/mês,de 3 a 4 anos,Não tive experiência na área de TI/Engenharia de Software antes de começar a trabalhar na área de dados,True,7000,-15.0,-52.0
30-34,Feminino,Branca,Sudeste,Doutorado ou Phd,Empregado (CLT),Analista de Dados,Sênior,de R$ 12.001/mês a R$ 16.000/mês,de 3 a 4 anos,Não tive experiência na área de TI/Engenharia de Software antes de começar a trabalhar na área de dados,True,14000,-20.0,-44.0
30-34,Masculino,Branca,Sudeste,Mestrado,Empregado (CLT),Cientista de Dados,Sênior,de R$ 16.001/mês a R$ 20.000/mês,Mais de 10 anos,de 3 a 4 anos,True,18000,-20.0,-44.0
30-34,Feminino,Branca,Sul,Mestrado,Empregado (CLT),Analista de Dados,Pleno,de R$ 4.001/mês a R$ 6.000/mês,de 3 a 4 anos,Não tive experiência na área de TI/Engenharia de Software antes de começar a trabalhar na área de dados,True,5000,-27.0,-51.0
30-34,Feminino,Preta,Nordeste,Graduação/Bacharelado,Empregado (CLT),Engenheiro de Dados,Sênior,de R$ 16.001/mês a R$ 20.000/mês,de 5 a 6 anos,de 5 a 6 anos,True,18000,-8.0,-38.0
30-34,Feminino,Branca,Sudeste,Graduação/Bacharelado,Empregado (CLT),Analista de Dados,Sênior,de R$ 12.001/mês a R$ 16.000/mês,de 5 a 6 anos,Não tive experiência na área de TI/Engenharia de Software antes de começar a trabalhar na área de dados,True,14000,-20.0,-44.0
30-34,Feminino,Preta,Sudeste,Pós-graduação,Empregado (CLT),Analista de BI,Júnior,de R$ 6.001/mês a R$ 8.000/mês,Menos de 1 ano,Não tive experiência na área de TI/Engenharia de Software antes de começar a trabalhar na área de dados,True,7000,-20.0,-44.0
30-34,Masculino,Branca,Sul,Doutorado ou Phd,Empregado (CLT),Analista de Dados,Sênior,de R$ 12.001/mês a R$ 16.000/mês,de 7 a 10 anos,de 1 a 2 anos,True,14000,-27.0,-51.0
30-34,Masculino,Parda,Sudeste,Pós-graduação,Empregado (CLT),Analista de BI,Sênior,de R$ 8.001/mês a R$ 12.000/mês,de 5 a 6 anos,Não tive experiência na área de TI/Engenharia de Software antes de começar a trabalhar na área de dados,True,10000,-20.0,-44.0
30-34,Feminino,Branca,Sudeste,Graduação/Bacharelado,Empregado (CLT),Outro,Júnior,de R$ 3.001/mês a R$ 4.000/mês,Não tenho experiência na área de dados,Não tive experiência na área de TI/Engenharia de Software antes de começar a trabalhar na área de dados,True,3500,-20.0,-44.0
30-34,Masculino,Branca,Sul,Pós-graduação,Empreendedor ou Empregado (CNPJ),Analista de Dados,Pleno,de R$ 4.001/mês a R$ 6.000/mês,de 3 a 4 anos,de 1 a 2 anos,True,5000,-27.0,-51.0
30-34,Masculino,Parda,Sudeste,Pós-graduação,Empregado (CLT),Cientista de Dados,Sênior,de R$ 8.001/mês a R$ 12.000/mês,de 3 a 4 anos,de 1 a 2 anos,True,10000,-20.0,-44.0
30-34,Masculino,Branca,Sudeste,Pós-graduação,Empregado (CLT),Analista de Dados,Pleno,de R$ 8.001/mês a R$ 12.000/mês,de 5 a 6 anos,de 3 a 4 anos,True,10000,-20.0,-44.0
30-34,Masculino,Preta,Sudeste,Pós-graduação,Empregado (CLT),Arquiteto de Dados,Sênior,de R$ 12.001/mês a R$ 16.000/mês,de 5 a 6 anos,Mais de 10 anos,False,14000,-20.0,-44.0
30-34,Masculino,Branca,Sudeste,Graduação/Bacharelado,Empregado (CLT),Cientista de Dados,Pleno,de R$ 8.001/mês a R$ 12.000/mês,de 3 a 4 anos,Não tive experiência na área de TI/Engenharia de Software antes de começar a trabalhar na área de dados,False,10000,-20.0,-44.0
30-34,Masculino,Indígena,Sudeste,Graduação/Bacharelado,Empregado (CLT),Engenheiro de Dados,Sênior,de R$ 16.001/mês a R$ 20.000/mês,de 7 a 10 anos,de 5 a 6 anos,True,18000,-20.0,-44.0
30-34,Masculino,Preta,Sul,Pós-graduação,Empregado (CLT),Analista de Dados,Sênior,de R$ 8.001/mês a R$ 12.000/mês,de 7 a 10 anos,de 1 a 2 anos,True,10000,-27.0,-51.0
30-34,Masculino,Branca,Sudeste,Pós-graduação,Empregado (CLT),Arquiteto de Dados,Sênior,de R$ 12.001/mês a R$ 16.000/mês,Menos de 1 ano,Menos de 1 ano,True,14000,-20.0,-44.0
30-34,Feminino,Branca,,Pós-graduação,Vivo fora do Brasil e trabalho para empresa de fora do Brasil,Analista de Dados,Sênior,de R$ 12.001/mês a R$ 16.000/mês,de 5 a 6 anos,de 5 a 6 anos,True,14000,,
30-34,Feminino,Branca,Sul,Pós-graduação,Empregado (CLT),Analista de BI,Júnior,de R$ 3.001/mês a R$ 4.000/mês,de 1 a 2 anos,Não tive experiência na área de TI/Engenharia de Software antes de começar a trabalhar na área de dados,False,3500,-27.0,-51.0
30-34,Masculino,Branca,Sudeste,Graduação/Bacharelado,Empregado (CLT),Cientista de Dados,Sênior,de R$ 8.001/mês a R$ 12.000/mês,de 5 a 6 anos,Não tive experiência na área de TI/Engenharia de Software antes de começar a trabalhar na área de dados,True,10000,-20.0,-44.0
30-34,Masculino,Branca,Sudeste,Graduação/Bacharelado,Servidor Público,Outro,Júnior,de R$ 4.001/mês a R$ 6.000/mês,Não tenho experiência na área de dados,Não tive experiência na área de TI/Engenharia de Software antes de começar a trabalhar na área de dados,False,5000,-20.0,-44.0
30-34,Masculino,Branca,Sudeste,Pós-graduação,Empregado (CLT),Analista de BI,Sênior,de R$ 6.001/mês a R$ 8.000/mês,de 7 a 10 anos,de 1 a 2 anos,False,7000,-20.0,-44.0
30-34,Feminino,Branca,Sul,Graduação/Bacharelado,Empregado (CLT),Analista de Dados,Júnior,de R$ 4.001/mês a R$ 6.000/mês,de 3 a 4 anos,Não tive experiência na área de TI/Engenharia de Software antes de começar a trabalhar na área de dados,True,5000,-27.0,-51.0
30-34,Feminino,Branca,Sudeste,Pós-graduação,Empregado (CLT),Analytics Engineer,Sênior,de R$ 12.001/mês a R$ 16.000/mês,de 5 a 6 anos,Não tive experiência na área de TI/Engenharia de Software antes de começar a trabalhar na área de dados,True,14000,-20.0,-44.0
30-34,Masculino,Branca,Sul,Pós-graduação,Empregado (CLT),Cientista de Dados,Pleno,de R$ 4.001/mês a R$ 6.000/mês,de 3 a 4 anos,Mais de 10 anos,False,5000,-27.0,-51.0
30-34,Feminino,Branca,Centro-oeste,Pós-graduação,Empregado (CLT),Analista de BI,Sênior,de R$ 8.001/mês a R$ 12.000/mês,de 7 a 10 anos,Não tive experiência na área de TI/Engenharia de Software antes de começar a trabalhar na área de dados,True,10000,-15.0,-52.0
30-34,Masculino,Parda,Norte,Pós-graduação,Empregado (CLT),Cientista de Dados,Pleno,de R$ 8.001/mês a R$ 12.000/mês,de 1 a 2 anos,de 3 a 4 anos,True,10000,-5.0,-60.0
30-34,Masculino,Branca,Sudeste,Mestrado,Empreendedor ou Empregado (CNPJ),Cientista de Dados,Pleno,de R$ 6.001/mês a R$ 8.000/mês,de 3 a 4 anos,Não tive experiência na área de TI/Engenharia de Software antes de começar a trabalhar na área de dados,True,7000,-20.0,-44.0
30-34,Masculino,Branca,Sul,Pós-graduação,Empreendedor ou Empregado (CNPJ),Engenheiro de Dados,Sênior,de R$ 16.001/mês a R$ 20.000/mês,de 5 a 6 anos,de 3 a 4 anos,False,18000,-27.0,-51.0
30-34,Masculino,Branca,Sudeste,Pós-graduação,Empregado (CLT),Arquiteto de Dados,Sênior,de R$ 25.001/mês a R$ 30.000/mês,de 5 a 6 anos,Não tive experiência na área de TI/Engenharia de Software antes de começar a trabalhar na área de dados,True,27500,-20.0,-44.0
30-34,Masculino,Branca,Sudeste,Graduação/Bacharelado,Empregado (CLT),Analytics Engineer,Sênior,de R$ 8.001/mês a R$ 12.000/mês,de 7 a 10 anos,Não tive experiência na área de TI/Engenharia de Software antes de começar a trabalhar na área de dados,True,10000,-20.0,-44.0
30-34,Masculino,Branca,Sudeste,Pós-graduação,Empregado (CLT),Analista de Dados,Sênior,de R$ 6.001/mês a R$ 8.000/mês,de 1 a 2 anos,Não tive experiência na área de TI/Engenharia de Software antes de começar a trabalhar na área de dados,False,7000,-20.0,-44.0
30-34,Masculino,Branca,Sudeste,Graduação/Bacharelado,Empregado (CLT),Eng. Machine Learning,Sênior,de R$ 12.001/mês a R$ 16.000/mês,de 3 a 4 anos,de 1 a 2 anos,False,14000,-20.0,-44.0
30-34,Masculino,Parda,Nordeste,Doutorado ou Phd,Servidor Público,Estatístico,Sênior,de R$ 8.001/mês a R$ 12.000/mês,Mais de 10 anos,Não tive experiência na área de TI/Engenharia de Software antes de começar a trabalhar na área de dados,True,10000,-8.0,-38.0
30-34,Masculino,Branca,Sul,Graduação/Bacharelado,Empregado (CLT),Analista de Dados,Pleno,de R$ 6.001/mês a R$ 8.000/mês,de 3 a 4 anos,Menos de 1 ano,True,7000,-27.0,-51.0
30-34,Masculino,Branca,Sudeste,Mestrado,Empregado (CLT),Engenheiro de Dados,Sênior,de R$ 6.001/mês a R$ 8.000/mês,de 5 a 6 anos,Não tive experiência na área de TI/Engenharia de Software antes de começar a trabalhar na área de dados,False,7000,-20.0,-44.0
30-34,Masculino,Parda,Sudeste,Estudante de Graduação,Empregado (CLT),Cientista de Dados,Sênior,de R$ 12.001/mês a R$ 16.000/mês,de 7 a 10 anos,Não tive experiência na área de TI/Engenharia de Software antes de começar a trabalhar na área de dados,True,14000,-20.0,-44.0
30-34,Feminino,Preta,Sudeste,Mestrado,Empregado (CLT),Analista de Dados,Sênior,de R$ 8.001/mês a R$ 12.000/mês,de 1 a 2 anos,Não tive experiência na área de TI/Engenharia de Software antes de começar a trabalhar na área de dados,True,10000,-20.0,-44.0
30-34,Masculino,Branca,Sudeste,Graduação/Bacharelado,Empregado (CLT),Analista de Negócios,Pleno,de R$ 6.001/mês a R$ 8.000/mês,de 3 a 4 anos,Não tive experiência na área de TI/Engenharia de Software antes de começar a trabalhar na área de dados,False,7000,-20.0,-44.0
30-34,Masculino,Parda,Sudeste,Graduação/Bacharelado,Empregado (CLT),Outro,Sênior,de R$ 8.001/mês a R$ 12.000/mês,Não tenho experiência na área de dados,Não tive experiência na área de TI/Engenharia de Software antes de começar a trabalhar na área de dados,False,10000,-20.0,-44.0
30-34,Masculino,Branca,Sul,Estudante de Graduação,Empregado (CLT),Analista de Suporte,Sênior,de R$ 2.001/mês a R$ 3.000/mês,de 7 a 10 anos,Menos de 1 ano,False,2500,-27.0,-51.0
30-34,Masculino,Branca,Sudeste,Doutorado ou Phd,Empregado (CLT),Analytics Engineer,Pleno,de R$ 6.001/mês a R$ 8.000/mês,de 1 a 2 anos,de 3 a 4 anos,True,7000,-20.0,-44.0
30-34,Masculino,Branca,Sul,Graduação/Bacharelado,Empreendedor ou Empregado (CNPJ),Cientista de Dados,Júnior,de R$ 3.001/mês a R$ 4.000/mês,Menos de 1 ano,Não tive experiência na área de TI/Engenharia de Software antes de começar a trabalhar na área de dados,True,3500,-27.0,-51.0
30-34,Masculino,Branca,Sul,Graduação/Bacharelado,Empregado (CLT),Analista de Negócios,Júnior,de R$ 3.001/mês a R$ 4.000/mês,Não tenho experiência na área de dados,Não tive experiência na área de TI/Engenharia de Software antes de começar a trabalhar na área de dados,False,3500,-27.0,-51.0
30-34,Feminino,Branca,Sudeste,Pós-graduação,Empregado (CLT),Eng. Machine Learning,Sênior,de R$ 12.001/mês a R$ 16.000/mês,Mais de 10 anos,de 3 a 4 anos,False,14000,-20.0,-44.0
30-34,Masculino,Amarela,Sudeste,Graduação/Bacharelado,Empregado (CLT),Analista de Dados,Pleno,de R$ 8.001/mês a R$ 12.000/mês,de 1 a 2 anos,Não tive experiência na área de TI/Engenharia de Software antes de começar a trabalhar na área de dados,False,10000,-20.0,-44.0
30-34,Masculino,Branca,Nordeste,Mestrado,Empregado (CLT),Cientista de Dados,Sênior,de R$ 12.001/mês a R$ 16.000/mês,de 3 a 4 anos,Não tive experiência na área de TI/Engenharia de Software antes de começar a trabalhar na área de dados,True,14000,-8.0,-38.0
30-34,Masculino,Branca,Sudeste,Graduação/Bacharelado,Empregado (CLT),Cientista de Dados,Sênior,de R$ 12.001/mês a R$ 16.000/mês,de 5 a 6 anos,Não tive experiência na área de TI/Engenharia de Software antes de começar a trabalhar na área de dados,True,14000,-20.0,-44.0
30-34,Prefiro não informar,Branca,Sudeste,Pós-graduação,Empregado (CLT),Analytics Engineer,Pleno,de R$ 6.001/mês a R$ 8.000/mês,de 1 a 2 anos,de 1 a 2 anos,False,7000,-20.0,-44.0
30-34,Masculino,Branca,Sul,Mestrado,Empregado (CLT),Analista de Dados,Júnior,de R$ 2.001/mês a R$ 3.000/mês,de 3 a 4 anos,de 1 a 2 anos,True,2500,-27.0,-51.0
30-34,Masculino,Branca,Sudeste,Pós-graduação,Empregado (CLT),Analytics Engineer,Sênior,de R$ 16.001/mês a R$ 20.000/mês,de 5 a 6 anos,Não tive experiência na área de TI/Engenharia de Software antes de começar a trabalhar na área de dados,True,18000,-20.0,-44.0
30-34,Masculino,Branca,,Graduação/Bacharelado,Vivo fora do Brasil e trabalho para empresa de fora do Brasil,Analytics Engineer,Sênior,de R$ 16.001/mês a R$ 20.000/mês,de 7 a 10 anos,Não tive experiência na área de TI/Engenharia de Software antes de começar a trabalhar na área de dados,True,18000,,
30-34,Feminino,Branca,,Doutorado ou Phd,Freelancer,Outro,Pleno,de R$ 3.001/mês a R$ 4.000/mês,Não tenho experiência na área de dados,Não tive experiência na área de TI/Engenharia de Software antes de começar a trabalhar na área de dados,False,3500,,
30-34,Masculino,Parda,Nordeste,Pós-graduação,Empregado (CLT),Outro,Pleno,de R$ 8.001/mês a R$ 12.000/mês,Não tenho experiência na área de dados,Não tive experiência na área de TI/Engenharia de Software antes de começar a trabalhar na área de dados,True,10000,-8.0,-38.0
30-34,Masculino,Branca,Sul,Graduação/Bacharelado,Empregado (CLT),Outro,Júnior,de R$ 2.001/mês a R$ 3.000/mês,de 1 a 2 anos,Não tive experiência na área de TI/Engenharia de Software antes de começar a trabalhar na área de dados,True,2500,-27.0,-51.0
30-34,Feminino,Parda,Sudeste,Pós-graduação,Empregado (CLT),Cientista de Dados,Sênior,de R$ 8.001/mês a R$ 12.000/mês,de 7 a 10 anos,Não tive experiência na área de TI/Engenharia de Software antes de começar a trabalhar na área de dados,True,10000,-20.0,-44.0
30-34,Masculino,Branca,Sul,Mestrado,Empregado (CLT),Cientista de Dados,Pleno,de R$ 4.001/mês a R$ 6.000/mês,de 3 a 4 anos,Não tive experiência na área de TI/Engenharia de Software antes de começar a trabalhar na área de dados,True,5000,-27.0,-51.0
30-34,Masculino,Branca,Sul,Estudante de Graduação,Empregado (CLT),Analista de Dados,Pleno,de R$ 4.001/mês a R$ 6.000/mês,de 1 a 2 anos,de 1 a 2 anos,True,5000,-27.0,-51.0
30-34,Feminino,Branca,,Mestrado,Servidor Público,Outro,Sênior,de R$ 16.001/mês a R$ 20.000/mês,Mais de 10 anos,Não tive experiência na área de TI/Engenharia de Software antes de começar a trabalhar na área de dados,True,18000,,
30-34,Masculino,Branca,Sudeste,Pós-graduação,Empregado (CLT),Eng. Machine Learning,Sênior,de R$ 12.001/mês a R$ 16.000/mês,de 3 a 4 anos,Não tive experiência na área de TI/Engenharia de Software antes de começar a trabalhar na área de dados,False,14000,-20.0,-44.0
30-34,Feminino,Branca,Sudeste,Pós-graduação,Empregado (CLT),Professor/Pesquisador,Sênior,de R$ 6.001/mês a R$ 8.000/mês,Não tenho experiência na área de dados,Não tive experiência na área de TI/Engenharia de Software antes de começar a trabalhar na área de dados,True,7000,-20.0,-44.0
30-34,Feminino,Branca,Sudeste,Pós-graduação,Empregado (CLT),Analista de Dados,Sênior,de R$ 16.001/mês a R$ 20.000/mês,de 7 a 10 anos,Não tive experiência na área de TI/Engenharia de Software antes de começar a trabalhar na área de dados,False,18000,-20.0,-44.0
30-34,Masculino,Branca,Sudeste,Graduação/Bacharelado,Empregado (CLT),Analista de Dados,Júnior,de R$ 6.001/mês a R$ 8.000/mês,Menos de 1 ano,Não tive experiência na área de TI/Engenharia de Software antes de começar a trabalhar na área de dados,True,7000,-20.0,-44.0
30-34,Masculino,Branca,Sudeste,Mestrado,Empregado (CLT),Analytics Engineer,Sênior,de R$ 6.001/mês a R$ 8.000/mês,de 5 a 6 anos,Não tive experiência na área de TI/Engenharia de Software antes de começar a trabalhar na área de dados,True,7000,-20.0,-44.0
30-34,Masculino,Parda,Sudeste,Pós-graduação,Empregado (CLT),Outro,Sênior,de R$ 3.001/mês a R$ 4.000/mês,Menos de 1 ano,Não tive experiência na área de TI/Engenharia de Software antes de começar a trabalhar na área de dados,False,3500,-20.0,-44.0
30-34,Masculino,Branca,Sudeste,Pós-graduação,Servidor Público,Outras Engenharias,Júnior,de R$ 3.001/mês a R$ 4.000/mês,de 3 a 4 anos,Não tive experiência na área de TI/Engenharia de Software antes de começar a trabalhar na área de dados,False,3500,-20.0,-44.0
30-34,Feminino,Branca,Sudeste,Pós-graduação,Empregado (CLT),Analista de Negócios,Pleno,de R$ 4.001/mês a R$ 6.000/mês,de 1 a 2 anos,Não tive experiência na área de TI/Engenharia de Software antes de começar a trabalhar na área de dados,True,5000,-20.0,-44.0
30-34,Masculino,Parda,Centro-oeste,Doutorado ou Phd,Empregado (CLT),Cientista de Dados,Pleno,de R$ 6.001/mês a R$ 8.000/mês,de 1 a 2 anos,Não tive experiência na área de TI/Engenharia de Software antes de começar a trabalhar na área de dados,True,7000,-15.0,-52.0
30-34,Masculino,Parda,Centro-oeste,Pós-graduação,Vivo no Brasil e trabalho remoto para empresa de fora do Brasil,Analista de Dados,Júnior,de R$ 4.001/mês a R$ 6.000/mês,de 1 a 2 anos,de 1 a 2 anos,True,5000,-15.0,-52.0
30-34,Feminino,Branca,Sul,Graduação/Bacharelado,Empregado (CLT),Outro,Pleno,de R$ 4.001/mês a R$ 6.000/mês,Não tenho experiência na área de dados,Não tive experiência na área de TI/Engenharia de Software antes de começar a trabalhar na área de dados,True,5000,-27.0,-51.0
30-34,Feminino,Branca,Sul,Mestrado,Empregado (CLT),Engenheiro de Dados,Sênior,de R$ 8.001/mês a R$ 12.000/mês,de 3 a 4 anos,Não tive experiência na área de TI/Engenharia de Software antes de começar a trabalhar na área de dados,True,10000,-27.0,-51.0
30-34,Masculino,Branca,Sul,Graduação/Bacharelado,Empregado (CLT),Analytics Engineer,Sênior,de R$ 12.001/mês a R$ 16.000/mês,de 7 a 10 anos,Não tive experiência na área de TI/Engenharia de Software antes de começar a trabalhar na área de dados,True,14000,-27.0,-51.0
30-34,Masculino,Preta,Sudeste,Pós-graduação,Empregado (CLT),Analista de Dados,Júnior,de R$ 2.001/mês a R$ 3.000/mês,de 1 a 2 anos,Não tive experiência na área de TI/Engenharia de Software antes de começar a trabalhar na área de dados,True,2500,-20.0,-44.0
30-34,Masculino,Branca,Sul,Pós-graduação,Empregado (CLT),Analista de Dados,Pleno,de R$ 4.001/mês a R$ 6.000/mês,de 3 a 4 anos,de 3 a 4 anos,True,5000,-27.0,-51.0
30-34,Masculino,Branca,Sul,Doutorado ou Phd,Empregado (CLT),Cientista de Dados,Sênior,de R$ 12.001/mês a R$ 16.000/mês,de 7 a 10 anos,Não tive experiência na área de TI/Engenharia de Software antes de começar a trabalhar na área de dados,False,14000,-27.0,-51.0
30-34,Masculino,Parda,Nordeste,Pós-graduação,Empregado (CLT),Outro,Pleno,de R$ 2.001/mês a R$ 3.000/mês,Menos de 1 ano,Não tive experiência na área de TI/Engenharia de Software antes de começar a trabalhar na área de dados,False,2500,-8.0,-38.0
30-34,Masculino,Parda,Nordeste,Doutorado ou Phd,Empregado (CLT),Cientista de Dados,Sênior,de R$ 8.001/mês a R$ 12.000/mês,Mais de 10 anos,Menos de 1 ano,True,10000,-8.0,-38.0
30-34,Feminino,Parda,Nordeste,Pós-graduação,Empregado (CLT),Analista de Dados,Pleno,de R$ 6.001/mês a R$ 8.000/mês,de 1 a 2 anos,Mais de 10 anos,True,7000,-8.0,-38.0
30-34,Feminino,Branca,Sudeste,Pós-graduação,Empregado (CLT),Cientista de Dados,Sênior,de R$ 16.001/mês a R$ 20.000/mês,de 7 a 10 anos,Não tive experiência na área de TI/Engenharia de Software antes de começar a trabalhar na área de dados,True,18000,-20.0,-44.0
30-34,Masculino,Parda,Sul,Pós-graduação,Empregado (CLT),Analista de BI,Pleno,de R$ 4.001/mês a R$ 6.000/mês,de 3 a 4 anos,Não tive experiência na área de TI/Engenharia de Software antes de começar a trabalhar na área de dados,True,5000,-27.0,-51.0
30-34,Masculino,Branca,Sul,Pós-graduação,Empregado (CLT),Analista de Dados,Sênior,de R$ 12.001/mês a R$ 16.000/mês,de 3 a 4 anos,Mais de 10 anos,True,14000,-27.0,-51.0
30-34,Masculino,Branca,Sul,Mestrado,Empregado (CLT),Analista de Dados,Sênior,de R$ 8.001/mês a R$ 12.000/mês,de 3 a 4 anos,Não tive experiência na área de TI/Engenharia de Software antes de começar a trabalhar na área de dados,False,10000,-27.0,-51.0
30-34,Feminino,Branca,Sul,Graduação/Bacharelado,Empregado (CLT),Analista de Dados,Pleno,de R$ 8.001/mês a R$ 12.000/mês,de 3 a 4 anos,Não tive experiência na área de TI/Engenharia de Software antes de começar a trabalhar na área de dados,True,10000,-27.0,-51.0
30-34,Masculino,Amarela,Sudeste,Pós-graduação,Empregado (CLT),Engenheiro de Dados,Sênior,de R$ 12.001/mês a R$ 16.000/mês,de 5 a 6 anos,Não tive experiência na área de TI/Engenharia de Software antes de começar a trabalhar na área de dados,False,14000,-20.0,-44.0
30-34,Masculino,Branca,Sul,Graduação/Bacharelado,Empregado (CLT),Engenheiro de Dados,Sênior,de R$ 12.001/mês a R$ 16.000/mês,de 5 a 6 anos,Mais de 10 anos,True,14000,-27.0,-51.0
30-34,Masculino,Branca,Sudeste,Pós-graduação,Empregado (CLT),Analista de Dados,Pleno,de R$ 4.001/mês a R$ 6.000/mês,de 5 a 6 anos,Não tive experiência na área de TI/Engenharia de Software antes de começar a trabalhar na área de dados,True,5000,-20.0,-44.0
30-34,Masculino,Parda,Sudeste,Estudante de Graduação,Empregado (CLT),Analista de Dados,Pleno,de R$ 6.001/mês a R$ 8.000/mês,de 1 a 2 anos,Não tive experiência na área de TI/Engenharia de Software antes de começar a trabalhar na área de dados,True,7000,-20.0,-44.0
30-34,Masculino,Branca,Sudeste,Mestrado,Empregado (CLT),Desenvolvedor,Pleno,de R$ 20.001/mês a R$ 25.000/mês,de 3 a 4 anos,Não tive experiência na área de TI/Engenharia de Software antes de começar a trabalhar na área de dados,True,22500,-20.0,-44.0
30-34,Masculino,Indígena,Sul,Mestrado,Empregado (CLT),Eng. Machine Learning,Sênior,de R$ 12.001/mês a R$ 16.000/mês,de 7 a 10 anos,de 3 a 4 anos,True,14000,-27.0,-51.0
30-34,Masculino,Branca,Sul,Estudante de Graduação,Empreendedor ou Empregado (CNPJ),Analista de Dados,Pleno,de R$ 4.001/mês a R$ 6.000/mês,de 1 a 2 anos,de 1 a 2 anos,True,5000,-27.0,-51.0
30-34,Feminino,Branca,Nordeste,Pós-graduação,Empregado (CLT),Cientista de Dados,Júnior,de R$ 4.001/mês a R$ 6.000/mês,de 1 a 2 anos,Não tive experiência na área de TI/Engenharia de Software antes de começar a trabalhar na área de dados,False,5000,-8.0,-38.0
30-34,Feminino,Preta,Sudeste,Pós-graduação,Empregado (CLT),Cientista de Dados,Sênior,de R$ 12.001/mês a R$ 16.000/mês,de 5 a 6 anos,Menos de 1 ano,True,14000,-20.0,-44.0
30-34,Masculino,Parda,Nordeste,Graduação/Bacharelado,Empregado (CLT),Cientista de Dados,Sênior,de R$ 8.001/mês a R$ 12.000/mês,de 1 a 2 anos,Não tive experiência na área de TI/Engenharia de Software antes de começar a trabalhar na área de dados,False,10000,-8.0,-38.0
30-34,Masculino,Branca,,Doutorado ou Phd,Empregado (CLT),Cientista de Dados,Sênior,de R$ 12.001/mês a R$ 16.000/mês,de 5 a 6 anos,Não tive experiência na área de TI/Engenharia de Software antes de começar a trabalhar na área de dados,False,14000,,
30-34,Masculino,Branca,Sul,Mestrado,Vivo no Brasil e trabalho remoto para empresa de fora do Brasil,Engenheiro de Dados,Sênior,Acima de R$ 40.001/mês,de 1 a 2 anos,de 7 a 10 anos,True,45000,-27.0,-51.0
30-34,Masculino,Branca,Sudeste,Graduação/Bacharelado,Empreendedor ou Empregado (CNPJ),Engenheiro de Dados,Sênior,de R$ 16.001/mês a R$ 20.000/mês,Mais de 10 anos,Não tive experiência na área de TI/Engenharia de Software antes de começar a trabalhar na área de dados,False,18000,-20.0,-44.0
30-34,Masculino,Branca,Sudeste,Pós-graduação,Empregado (CLT),Cientista de Dados,Sênior,de R$ 16.001/mês a R$ 20.000/mês,de 7 a 10 anos,Não tive experiência na área de TI/Engenharia de Software antes de começar a trabalhar na área de dados,True,18000,-20.0,-44.0
30-34,Feminino,Amarela,Sudeste,Pós-graduação,Empregado (CLT),Analista de BI,Pleno,de R$ 6.001/mês a R$ 8.000/mês,de 3 a 4 anos,Não tive experiência na área de TI/Engenharia de Software antes de começar a trabalhar na área de dados,True,7000,-20.0,-44.0
30-34,Masculino,Branca,Sudeste,Não tenho graduação formal,Empregado (CLT),Desenvolvedor,Pleno,de R$ 8.001/mês a R$ 12.000/mês,de 3 a 4 anos,de 1 a 2 anos,True,10000,-20.0,-44.0
30-34,Masculino,Branca,Sudeste,Pós-graduação,Empregado (CLT),Analista de Dados,Sênior,de R$ 8.001/mês a R$ 12.000/mês,Mais de 10 anos,de 7 a 10 anos,True,10000,-20.0,-44.0
30-34,Masculino,Amarela,Sudeste,Pós-graduação,Empregado (CLT),Engenheiro de Dados,Sênior,de R$ 12.001/mês a R$ 16.000/mês,de 5 a 6 anos,Não tive experiência na área de TI/Engenharia de Software antes de começar a trabalhar na área de dados,False,14000,-20.0,-44.0
30-34,Masculino,Parda,Sudeste,Estudante de Graduação,Empregado (CLT),Outras Engenharias,Pleno,de R$ 8.001/mês a R$ 12.000/mês,Menos de 1 ano,Menos de 1 ano,False,10000,-20.0,-44.0
30-34,Masculino,Preta,Sudeste,Pós-graduação,Empregado (CLT),Analista de Dados,Pleno,de R$ 8.001/mês a R$ 12.000/mês,de 1 a 2 anos,Não tive experiência na área de TI/Engenharia de Software antes de começar a trabalhar na área de dados,False,10000,-20.0,-44.0
30-34,Masculino,Branca,Centro-oeste,Mestrado,Empregado (CLT),Cientista de Dados,Sênior,de R$ 16.001/mês a R$ 20.000/mês,Mais de 10 anos,Não tive experiência na área de TI/Engenharia de Software antes de começar a trabalhar na área de dados,False,18000,-15.0,-52.0
30-34,Masculino,Branca,Sudeste,Pós-graduação,Empregado (CLT),Product Manager,Sênior,de R$ 12.001/mês a R$ 16.000/mês,de 7 a 10 anos,Não tive experiência na área de TI/Engenharia de Software antes de começar a trabalhar na área de dados,False,14000,-20.0,-44.0
30-34,Masculino,Branca,Sudeste,Mestrado,Empregado (CLT),Analista de Dados,Sênior,de R$ 8.001/mês a R$ 12.000/mês,de 3 a 4 anos,Não tive experiência na área de TI/Engenharia de Software antes de começar a trabalhar na área de dados,False,10000,-20.0,-44.0
30-34,Masculino,Preta,Nordeste,Graduação/Bacharelado,Empregado (CLT),Engenheiro de Dados,Pleno,de R$ 8.001/mês a R$ 12.000/mês,de 3 a 4 anos,de 5 a 6 anos,True,10000,-8.0,-38.0
30-34,Masculino,Parda,Nordeste,Doutorado ou Phd,Servidor Público,Professor/Pesquisador,Sênior,de R$ 8.001/mês a R$ 12.000/mês,Mais de 10 anos,Não tive experiência na área de TI/Engenharia de Software antes de começar a trabalhar na área de dados,True,10000,-8.0,-38.0
30-34,Feminino,Branca,Sudeste,Pós-graduação,Empregado (CLT),Cientista de Dados,Sênior,de R$ 8.001/mês a R$ 12.000/mês,de 7 a 10 anos,Não tive experiência na área de TI/Engenharia de Software antes de começar a trabalhar na área de dados,True,10000,-20.0,-44.0
30-34,Masculino,Branca,Sudeste,Mestrado,Empregado (CLT),Cientista de Dados,Sênior,de R$ 12.001/mês a R$ 16.000/mês,de 3 a 4 anos,de 7 a 10 anos,True,14000,-20.0,-44.0
30-34,Feminino,Parda,Sudeste,Pós-graduação,Empregado (CLT),Cientista de Dados,Sênior,de R$ 8.001/mês a R$ 12.000/mês,de 7 a 10 anos,Não tive experiência na área de TI/Engenharia de Software antes de começar a trabalhar na área de dados,True,10000,-20.0,-44.0
30-34,Feminino,Branca,Sudeste,Graduação/Bacharelado,Empregado (CLT),Analista de Negócios,Pleno,de R$ 8.001/mês a R$ 12.000/mês,Mais de 10 anos,Não tive experiência na área de TI/Engenharia de Software antes de começar a trabalhar na área de dados,True,10000,-20.0,-44.0
30-34,Masculino,Branca,Sudeste,Graduação/Bacharelado,Empregado (CLT),Analytics Engineer,Júnior,de R$ 1.001/mês a R$ 2.000/mês,Menos de 1 ano,Não tive experiência na área de TI/Engenharia de Software antes de começar a trabalhar na área de dados,False,1500,-20.0,-44.0
30-34,Masculino,Parda,Sudeste,Pós-graduação,Empreendedor ou Empregado (CNPJ),Analytics Engineer,Sênior,de R$ 12.001/mês a R$ 16.000/mês,de 7 a 10 anos,de 5 a 6 anos,False,14000,-20.0,-44.0
30-34,Feminino,Branca,Sul,Mestrado,Empregado (CLT),Analista de Dados,Sênior,de R$ 6.001/mês a R$ 8.000/mês,de 3 a 4 anos,Não tive experiência na área de TI/Engenharia de Software antes de começar a trabalhar na área de dados,False,7000,-27.0,-51.0
30-34,Masculino,Preta,Sudeste,Graduação/Bacharelado,Empregado (CLT),Analytics Engineer,Sênior,de R$ 8.001/mês a R$ 12.000/mês,de 7 a 10 anos,Menos de 1 ano,True,10000,-20.0,-44.0
30-34,Feminino,Branca,Sudeste,Mestrado,Empregado (CLT),Analista de Dados,Sênior,de R$ 8.001/mês a R$ 12.000/mês,de 5 a 6 anos,Não tive experiência na área de TI/Engenharia de Software antes de começar a trabalhar na área de dados,True,10000,-20.0,-44.0
30-34,Masculino,Branca,Sul,Doutorado ou Phd,Empregado (CLT),Engenheiro de Dados,Sênior,de R$ 8.001/mês a R$ 12.000/mês,de 3 a 4 anos,Não tive experiência na área de TI/Engenharia de Software antes de começar a trabalhar na área de dados,True,10000,-27.0,-51.0
30-34,Masculino,Branca,Sudeste,Graduação/Bacharelado,Empreendedor ou Empregado (CNPJ),Analista de Dados,Pleno,de R$ 8.001/mês a R$ 12.000/mês,de 3 a 4 anos,Não tive experiência na área de TI/Engenharia de Software antes de começar a trabalhar na área de dados,True,10000,-20.0,-44.0
30-34,Feminino,Parda,Sudeste,Graduação/Bacharelado,Empregado (CLT),Analista de Dados,Pleno,de R$ 6.001/mês a R$ 8.000/mês,de 3 a 4 anos,de 5 a 6 anos,True,7000,-20.0,-44.0
30-34,Feminino,Amarela,Sudeste,Pós-graduação,Empregado (CLT),Analytics Engineer,Sênior,de R$ 16.001/mês a R$ 20.000/mês,de 5 a 6 anos,de 3 a 4 anos,True,18000,-20.0,-44.0
30-34,Feminino,Branca,Sul,Mestrado,Empregado (CLT),Cientista de Dados,Pleno,de R$ 8.001/mês a R$ 12.000/mês,de 3 a 4 anos,Menos de 1 ano,True,10000,-27.0,-51.0
30-34,Feminino,Branca,Sul,Doutorado ou Phd,Empregado (CLT),Analytics Engineer,Sênior,de R$ 8.001/mês a R$ 12.000/mês,de 3 a 4 anos,Não tive experiência na área de TI/Engenharia de Software antes de começar a trabalhar na área de dados,True,10000,-27.0,-51.0
30-34,Feminino,Branca,Sudeste,Graduação/Bacharelado,Empreendedor ou Empregado (CNPJ),Cientista de Dados,Pleno,de R$ 8.001/mês a R$ 12.000/mês,de 5 a 6 anos,Não tive experiência na área de TI/Engenharia de Software antes de começar a trabalhar na área de dados,True,10000,-20.0,-44.0
30-34,Masculino,Branca,Sul,Graduação/Bacharelado,Empregado (CLT),Analista de BI,Sênior,de R$ 4.001/mês a R$ 6.000/mês,de 1 a 2 anos,Não tive experiência na área de TI/Engenharia de Software antes de começar a trabalhar na área de dados,True,5000,-27.0,-51.0
30-34,Masculino,Branca,Sudeste,Mestrado,Empregado (CLT),Cientista de Dados,Pleno,de R$ 12.001/mês a R$ 16.000/mês,de 5 a 6 anos,de 1 a 2 anos,True,14000,-20.0,-44.0
30-34,Masculino,Branca,Sul,Graduação/Bacharelado,Empregado (CLT),Analista de Dados,Sênior,de R$ 12.001/mês a R$ 16.000/mês,de 7 a 10 anos,Mais de 10 anos,True,14000,-27.0,-51.0
30-34,Masculino,Branca,Sul,Pós-graduação,Empregado (CLT),Outro,Júnior,de R$ 3.001/mês a R$ 4.000/mês,de 1 a 2 anos,Não tive experiência na área de TI/Engenharia de Software antes de começar a trabalhar na área de dados,True,3500,-27.0,-51.0
30-34,Masculino,Preta,Sudeste,Mestrado,Empregado (CLT),Cientista de Dados,Júnior,de R$ 6.001/mês a R$ 8.000/mês,de 1 a 2 anos,de 1 a 2 anos,True,7000,-20.0,-44.0
30-34,Feminino,Branca,Sudeste,Pós-graduação,Empregado (CLT),Analista de Dados,Pleno,de R$ 8.001/mês a R$ 12.000/mês,de 3 a 4 anos,Não tive experiência na área de TI/Engenharia de Software antes de começar a trabalhar na área de dados,True,10000,-20.0,-44.0
30-34,Masculino,Branca,Sul,Pós-graduação,Empregado (CLT),Analista de BI,Pleno,de R$ 8.001/mês a R$ 12.000/mês,de 7 a 10 anos,Não tive experiência na área de TI/Engenharia de Software antes de começar a trabalhar na área de dados,True,10000,-27.0,-51.0
30-34,Feminino,Branca,Sudeste,Pós-graduação,Empreendedor ou Empregado (CNPJ),Analista de Dados,Sênior,de R$ 16.001/mês a R$ 20.000/mês,de 7 a 10 anos,de 3 a 4 anos,True,18000,-20.0,-44.0
30-34,Masculino,Parda,Sudeste,Graduação/Bacharelado,Empregado (CLT),Analista de Dados,Pleno,de R$ 8.001/mês a R$ 12.000/mês,de 7 a 10 anos,Não tive experiência na área de TI/Engenharia de Software antes de começar a trabalhar na área de dados,False,10000,-20.0,-44.0
30-34,Masculino,Branca,Sudeste,Graduação/Bacharelado,Empregado (CLT),Analista de BI,Sênior,de R$ 8.001/mês a R$ 12.000/mês,de 7 a 10 anos,Não tive experiência na área de TI/Engenharia de Software antes de começar a trabalhar na área de dados,False,10000,-20.0,-44.0
30-34,Masculino,Branca,Sul,Graduação/Bacharelado,Empreendedor ou Empregado (CNPJ),Analista de BI,Pleno,de R$ 6.001/mês a R$ 8.000/mês,de 1 a 2 anos,Não tive experiência na área de TI/Engenharia de Software antes de começar a trabalhar na área de dados,True,7000,-27.0,-51.0
30-34,Feminino,Branca,Sul,Doutorado ou Phd,Empregado (CLT),Analista de Dados,Pleno,de R$ 4.001/mês a R$ 6.000/mês,de 3 a 4 anos,Não tive experiência na área de TI/Engenharia de Software antes de começar a trabalhar na área de dados,True,5000,-27.0,-51.0
30-34,Feminino,Branca,Sudeste,Pós-graduação,Empregado (CLT),Analista de Dados,Pleno,de R$ 6.001/mês a R$ 8.000/mês,de 3 a 4 anos,Não tive experiência na área de TI/Engenharia de Software antes de começar a trabalhar na área de dados,False,7000,-20.0,-44.0
30-34,Masculino,Branca,Nordeste,Pós-graduação,Empregado (CLT),Engenheiro de Dados,Sênior,de R$ 8.001/mês a R$ 12.000/mês,de 5 a 6 anos,de 1 a 2 anos,False,10000,-8.0,-38.0
30-34,Feminino,Branca,Sudeste,Pós-graduação,Empregado (CLT),Engenheiro de Dados,Júnior,de R$ 4.001/mês a R$ 6.000/mês,de 1 a 2 anos,de 1 a 2 anos,False,5000,-20.0,-44.0
30-34,Masculino,Branca,Sudeste,Mestrado,Empregado (CLT),Analista de BI,Pleno,de R$ 12.001/mês a R$ 16.000/mês,de 3 a 4 anos,Não tive experiência na área de TI/Engenharia de Software antes de começar a trabalhar na área de dados,True,14000,-20.0,-44.0
30-34,Masculino,Parda,Sudeste,Pós-graduação,Empregado (CLT),Engenheiro de Dados,Sênior,de R$ 12.001/mês a R$ 16.000/mês,de 5 a 6 anos,Menos de 1 ano,True,14000,-20.0,-44.0
30-34,Feminino,Branca,Centro-oeste,Pós-graduação,Freelancer,Analytics Engineer,Sênior,de R$ 30.001/mês a R$ 40.000/mês,de 7 a 10 anos,Não tive experiência na área de TI/Engenharia de Software antes de começar a trabalhar na área de dados,True,35000,-15.0,-52.0
30-34,Masculino,Branca,Sudeste,Estudante de Graduação,Empregado (CLT),Analista de BI,Júnior,de R$ 4.001/mês a R$ 6.000/mês,de 1 a 2 anos,de 5 a 6 anos,True,5000,-20.0,-44.0
30-34,Masculino,Branca,Sudeste,Pós-graduação,Desempregado e não estou buscando recolocação,Analista de BI,Sênior,de R$ 12.001/mês a R$ 16.000/mês,Mais de 10 anos,Não tive experiência na área de TI/Engenharia de Software antes de começar a trabalhar na área de dados,False,14000,-20.0,-44.0
30-34,Feminino,Branca,Nordeste,Doutorado ou Phd,Empregado (CLT),Cientista de Dados,Pleno,de R$ 8.001/mês a R$ 12.000/mês,de 1 a 2 anos,Não tive experiência na área de TI/Engenharia de Software antes de começar a trabalhar na área de dados,True,10000,-8.0,-38.0
30-34,Masculino,Branca,Nordeste,Pós-graduação,Empregado (CLT),Cientista de Dados,Sênior,de R$ 8.001/mês a R$ 12.000/mês,de 7 a 10 anos,Não tive experiência na área de TI/Engenharia de Software antes de começar a trabalhar na área de dados,True,10000,-8.0,-38.0
30-34,Masculino,Parda,Sudeste,Pós-graduação,Empregado (CLT),Analista de Dados,Pleno,de R$ 4.001/mês a R$ 6.000/mês,de 3 a 4 anos,Não tive experiência na área de TI/Engenharia de Software antes de começar a trabalhar na área de dados,False,5000,-20.0,-44.0
30-34,Masculino,Preta,Sudeste,Graduação/Bacharelado,Empregado (CLT),Analista de Negócios,Sênior,de R$ 8.001/mês a R$ 12.000/mês,de 7 a 10 anos,Não tive experiência na área de TI/Engenharia de Software antes de começar a trabalhar na área de dados,True,10000,-20.0,-44.0
30-34,Feminino,Branca,Nordeste,Mestrado,Empregado (CLT),Analista de Dados,Pleno,de R$ 6.001/mês a R$ 8.000/mês,de 1 a 2 anos,Menos de 1 ano,True,7000,-8.0,-38.0
30-34,Masculino,Branca,Sudeste,Pós-graduação,Empregado (CLT),Outro,Sênior,de R$ 12.001/mês a R$ 16.000/mês,de 5 a 6 anos,Não tive experiência na área de TI/Engenharia de Software antes de começar a trabalhar na área de dados,False,14000,-20.0,-44.0
30-34,Feminino,Parda,Sudeste,Doutorado ou Phd,Empregado (CLT),Cientista de Dados,Sênior,de R$ 16.001/mês a R$ 20.000/mês,Mais de 10 anos,de 3 a 4 anos,True,18000,-20.0,-44.0
30-34,Masculino,Branca,Sudeste,Mestrado,Empregado (CLT),Cientista de Dados,Sênior,de R$ 16.001/mês a R$ 20.000/mês,de 3 a 4 anos,de 5 a 6 anos,False,18000,-20.0,-44.0
30-34,Feminino,Branca,Sudeste,Mestrado,Empregado (CLT),Cientista de Dados,Pleno,de R$ 8.001/mês a R$ 12.000/mês,de 3 a 4 anos,Não tive experiência na área de TI/Engenharia de Software antes de começar a trabalhar na área de dados,False,10000,-20.0,-44.0
30-34,Feminino,Branca,Sudeste,Pós-graduação,Empregado (CLT),Product Manager,Sênior,de R$ 12.001/mês a R$ 16.000/mês,Mais de 10 anos,Não tive experiência na área de TI/Engenharia de Software antes de começar a trabalhar na área de dados,True,14000,-20.0,-44.0
30-34,Masculino,Parda,Sudeste,Pós-graduação,Empreendedor ou Empregado (CNPJ),Desenvolvedor,Sênior,de R$ 12.001/mês a R$ 16.000/mês,de 3 a 4 anos,Mais de 10 anos,True,14000,-20.0,-44.0
30-34,Feminino,Branca,Sudeste,Pós-graduação,Empregado (CLT),Analista de Dados,Sênior,de R$ 12.001/mês a R$ 16.000/mês,Mais de 10 anos,de 1 a 2 anos,True,14000,-20.0,-44.0
30-34,Masculino,Branca,,Graduação/Bacharelado,Vivo fora do Brasil e trabalho para empresa de fora do Brasil,Engenheiro de Dados,Sênior,Acima de R$ 40.001/mês,de 3 a 4 anos,de 3 a 4 anos,True,45000,,
30-34,Feminino,Branca,Sudeste,Graduação/Bacharelado,Empregado (CLT),Analista de Negócios,Sênior,de R$ 6.001/mês a R$ 8.000/mês,de 3 a 4 anos,Não tive experiência na área de TI/Engenharia de Software antes de começar a trabalhar na área de dados,True,7000,-20.0,-44.0
30-34,Masculino,Parda,Nordeste,Graduação/Bacharelado,Empregado (CLT),Analista de Dados,Júnior,de R$ 4.001/mês a R$ 6.000/mês,Menos de 1 ano,Não tive experiência na área de TI/Engenharia de Software antes de começar a trabalhar na área de dados,True,5000,-8.0,-38.0
30-34,Masculino,Branca,Sul,Pós-graduação,Empregado (CLT),Analista de Dados,Sênior,de R$ 8.001/mês a R$ 12.000/mês,Mais de 10 anos,Não tive experiência na área de TI/Engenharia de Software antes de começar a trabalhar na área de dados,True,10000,-27.0,-51.0
30-34,Masculino,Branca,Sul,Pós-graduação,Empregado (CLT),Analista de BI,Sênior,de R$ 8.001/mês a R$ 12.000/mês,de 5 a 6 anos,Não tive experiência na área de TI/Engenharia de Software antes de começar a trabalhar na área de dados,True,10000,-27.0,-51.0
30-34,Masculino,Preta,Sudeste,Pós-graduação,Empregado (CLT),Analista de BI,Pleno,de R$ 4.001/mês a R$ 6.000/mês,de 1 a 2 anos,de 3 a 4 anos,True,5000,-20.0,-44.0
30-34,Masculino,Branca,Sudeste,Mestrado,Empreendedor ou Empregado (CNPJ),Analista de Dados,Pleno,de R$ 3.001/mês a R$ 4.000/mês,de 3 a 4 anos,Não tive experiência na área de TI/Engenharia de Software antes de começar a trabalhar na área de dados,False,3500,-20.0,-44.0
30-34,Masculino,Branca,Sul,Pós-graduação,Empregado (CLT),Cientista de Dados,Júnior,de R$ 8.001/mês a R$ 12.000/mês,Menos de 1 ano,Mais de 10 anos,True,10000,-27.0,-51.0
30-34,Masculino,Branca,Sul,Pós-graduação,Empregado (CLT),Analytics Engineer,Sênior,de R$ 8.001/mês a R$ 12.000/mês,de 5 a 6 anos,de 5 a 6 anos,False,10000,-27.0,-51.0
30-34,Masculino,Branca,Sudeste,Doutorado ou Phd,Empregado (CLT),Cientista de Dados,Sênior,de R$ 12.001/mês a R$ 16.000/mês,de 5 a 6 anos,de 3 a 4 anos,False,14000,-20.0,-44.0
30-34,Masculino,Branca,Sudeste,Pós-graduação,Empregado (CLT),Analista de Dados,Júnior,de R$ 3.001/mês a R$ 4.000/mês,de 1 a 2 anos,Não tive experiência na área de TI/Engenharia de Software antes de começar a trabalhar na área de dados,True,3500,-20.0,-44.0
30-34,Masculino,Parda,Sudeste,Graduação/Bacharelado,Empregado (CLT),Analista de BI,Júnior,de R$ 3.001/mês a R$ 4.000/mês,de 3 a 4 anos,Não tive experiência na área de TI/Engenharia de Software antes de começar a trabalhar na área de dados,False,3500,-20.0,-44.0
30-34,Masculino,Parda,Sudeste,Mestrado,Empregado (CLT),Cientista de Dados,Sênior,de R$ 12.001/mês a R$ 16.000/mês,de 5 a 6 anos,Não tive experiência na área de TI/Engenharia de Software antes de começar a trabalhar na área de dados,True,14000,-20.0,-44.0
30-34,Masculino,Branca,Sudeste,Pós-graduação,Empregado (CLT),Analista de BI,Sênior,de R$ 16.001/mês a R$ 20.000/mês,de 7 a 10 anos,de 5 a 6 anos,True,18000,-20.0,-44.0
30-34,Masculino,Branca,Sudeste,Pós-graduação,Empregado (CLT),Engenheiro de Dados,Pleno,de R$ 8.001/mês a R$ 12.000/mês,de 3 a 4 anos,Menos de 1 ano,True,10000,-20.0,-44.0
30-34,Masculino,Preta,Sudeste,Pós-graduação,Empregado (CLT),Desenvolvedor,Sênior,de R$ 6.001/mês a R$ 8.000/mês,de 3 a 4 anos,de 5 a 6 anos,True,7000,-20.0,-44.0
30-34,Feminino,Parda,Sudeste,Mestrado,Empregado (CLT),Product Manager,Pleno,de R$ 8.001/mês a R$ 12.000/mês,de 1 a 2 anos,de 1 a 2 anos,False,10000,-20.0,-44.0
30-34,Masculino,Branca,Sul,Pós-graduação,Empregado (CLT),Desenvolvedor,Sênior,de R$ 6.001/mês a R$ 8.000/mês,Mais de 10 anos,Mais de 10 anos,True,7000,-27.0,-51.0
30-34,Masculino,Branca,Sul,Pós-graduação,Empregado (CLT),Cientista de Dados,Sênior,de R$ 8.001/mês a R$ 12.000/mês,de 3 a 4 anos,de 3 a 4 anos,True,10000,-27.0,-51.0
30-34,Masculino,Preta,Sul,Pós-graduação,Empregado (CLT),Analista de Dados,Pleno,de R$ 4.001/mês a R$ 6.000/mês,de 1 a 2 anos,de 1 a 2 anos,True,5000,-27.0,-51.0
30-34,Masculino,Branca,Sudeste,Pós-graduação,Empregado (CLT),Analytics Engineer,Sênior,de R$ 12.001/mês a R$ 16.000/mês,Mais de 10 anos,de 3 a 4 anos,False,14000,-20.0,-44.0
30-34,Masculino,Parda,Sudeste,Graduação/Bacharelado,Empreendedor ou Empregado (CNPJ),Cientista de Dados,Sênior,de R$ 20.001/mês a R$ 25.000/mês,de 7 a 10 anos,Não tive experiência na área de TI/Engenharia de Software antes de começar a trabalhar na área de dados,True,22500,-20.0,-44.0
30-34,Masculino,Branca,Centro-oeste,Pós-graduação,Empregado (CLT),Engenheiro de Dados,Sênior,Menos de R$ 1.000/mês,de 5 a 6 anos,de 7 a 10 anos,True,500,-15.0,-52.0
30-34,Masculino,Branca,Sudeste,Pós-graduação,Empreendedor ou Empregado (CNPJ),Analytics Engineer,Sênior,de R$ 8.001/mês a R$ 12.000/mês,de 5 a 6 anos,Não tive experiência na área de TI/Engenharia de Software antes de começar a trabalhar na área de dados,False,10000,-20.0,-44.0
30-34,Feminino,Branca,Sudeste,Pós-graduação,Empreendedor ou Empregado (CNPJ),Outro,Pleno,de R$ 3.001/mês a R$ 4.000/mês,de 1 a 2 anos,Menos de 1 ano,False,3500,-20.0,-44.0
30-34,Feminino,Branca,Sudeste,Mestrado,Empregado (CLT),Engenheiro de Dados,Pleno,de R$ 8.001/mês a R$ 12.000/mês,de 5 a 6 anos,de 1 a 2 anos,True,10000,-20.0,-44.0
30-34,Feminino,Branca,Sudeste,Graduação/Bacharelado,Empregado (CLT),Analista de Dados,Pleno,de R$ 3.001/mês a R$ 4.000/mês,Menos de 1 ano,de 7 a 10 anos,True,3500,-20.0,-44.0
30-34,Masculino,Branca,Sul,Graduação/Bacharelado,Empregado (CLT),Analista de Dados,Sênior,de R$ 6.001/mês a R$ 8.000/mês,de 1 a 2 anos,Não tive experiência na área de TI/Engenharia de Software antes de começar a trabalhar na área de dados,True,7000,-27.0,-51.0
30-34,Masculino,Branca,Sudeste,Mestrado,Empregado (CLT),Cientista de Dados,Sênior,de R$ 20.001/mês a R$ 25.000/mês,de 7 a 10 anos,Não tive experiência na área de TI/Engenharia de Software antes de começar a trabalhar na área de dados,True,22500,-20.0,-44.0
30-34,Masculino,Branca,Sudeste,Pós-graduação,Empregado (CLT),Analista de Dados,Sênior,de R$ 12.001/mês a R$ 16.000/mês,de 3 a 4 anos,Menos de 1 ano,True,14000,-20.0,-44.0
30-34,Masculino,Branca,Norte,Pós-graduação,Empregado (CLT),Cientista de Dados,Pleno,de R$ 6.001/mês a R$ 8.000/mês,de 3 a 4 anos,Não tive experiência na área de TI/Engenharia de Software antes de começar a trabalhar na área de dados,False,7000,-5.0,-60.0
30-34,Feminino,Branca,Sudeste,Pós-graduação,Empregado (CLT),Analytics Engineer,Pleno,de R$ 6.001/mês a R$ 8.000/mês,de 3 a 4 anos,Não tive experiência na área de TI/Engenharia de Software antes de começar a trabalhar na área de dados,True,7000,-20.0,-44.0
30-34,Masculino,Amarela,Sudeste,Graduação/Bacharelado,Empregado (CLT),Analista de Dados,Sênior,de R$ 16.001/mês a R$ 20.000/mês,de 5 a 6 anos,Não tive experiência na área de TI/Engenharia de Software antes de começar a trabalhar na área de dados,True,18000,-20.0,-44.0
30-34,Masculino,Branca,Centro-oeste,Pós-graduação,Empregado (CLT),Analista de Dados,Sênior,de R$ 16.001/mês a R$ 20.000/mês,de 5 a 6 anos,Não tive experiência na área de TI/Engenharia de Software antes de começar a trabalhar na área de dados,True,18000,-15.0,-52.0
30-34,Masculino,Branca,Sudeste,Graduação/Bacharelado,Empregado (CLT),Arquiteto de Dados,Pleno,de R$ 8.001/mês a R$ 12.000/mês,de 7 a 10 anos,de 3 a 4 anos,True,10000,-20.0,-44.0
30-34,Masculino,Parda,Sudeste,Mestrado,Empregado (CLT),Cientista de Dados,Sênior,de R$ 16.001/mês a R$ 20.000/mês,de 7 a 10 anos,Menos de 1 ano,True,18000,-20.0,-44.0
30-34,Masculino,Branca,Sudeste,Pós-graduação,Empregado (CLT),Cientista de Dados,Sênior,de R$ 12.001/mês a R$ 16.000/mês,de 3 a 4 anos,de 1 a 2 anos,True,14000,-20.0,-44.0
30-34,Masculino,Amarela,Sul,Graduação/Bacharelado,Empregado (CLT),Analista de BI,Pleno,de R$ 8.001/mês a R$ 12.000/mês,de 7 a 10 anos,Não tive experiência na área de TI/Engenharia de Software antes de começar a trabalhar na área de dados,True,10000,-27.0,-51.0
30-34,Masculino,Branca,Sudeste,Doutorado ou Phd,Empregado (CLT),Cientista de Dados,Sênior,de R$ 16.001/mês a R$ 20.000/mês,de 3 a 4 anos,Não tive experiência na área de TI/Engenharia de Software antes de começar a trabalhar na área de dados,True,18000,-20.0,-44.0
30-34,Masculino,Parda,Sudeste,Pós-graduação,Empregado (CLT),Analista de Dados,Pleno,de R$ 6.001/mês a R$ 8.000/mês,de 5 a 6 anos,de 3 a 4 anos,False,7000,-20.0,-44.0
30-34,Masculino,Branca,,Pós-graduação,Empregado (CLT),Analista de Dados,Pleno,de R$ 8.001/mês a R$ 12.000/mês,de 1 a 2 anos,Não tive experiência na área de TI/Engenharia de Software antes de começar a trabalhar na área de dados,True,10000,,
30-34,Feminino,Branca,Sudeste,Mestrado,Estagiário,Analista de BI,Júnior,de R$ 1.001/mês a R$ 2.000/mês,Menos de 1 ano,Não tive experiência na área de TI/Engenharia de Software antes de começar a trabalhar na área de dados,False,1500,-20.0,-44.0
30-34,Masculino,Parda,Sul,Pós-graduação,Empregado (CLT),Eng. Machine Learning,Pleno,de R$ 6.001/mês a R$ 8.000/mês,de 1 a 2 anos,de 7 a 10 anos,False,7000,-27.0,-51.0
30-34,Feminino,Branca,Nordeste,Mestrado,Empregado (CLT),Cientista de Dados,Sênior,de R$ 12.001/mês a R$ 16.000/mês,de 7 a 10 anos,Não tive experiência na área de TI/Engenharia de Software antes de começar a trabalhar na área de dados,True,14000,-8.0,-38.0
30-34,Masculino,Branca,Sudeste,Pós-graduação,Servidor Público,Analista de Dados,Júnior,de R$ 8.001/mês a R$ 12.000/mês,de 3 a 4 anos,Não tive experiência na área de TI/Engenharia de Software antes de começar a trabalhar na área de dados,False,10000,-20.0,-44.0
30-34,Masculino,Branca,Sul,Mestrado,Empregado (CLT),Cientista de Dados,Sênior,de R$ 12.001/mês a R$ 16.000/mês,de 7 a 10 anos,de 3 a 4 anos,True,14000,-27.0,-51.0
30-34,Masculino,Branca,Sul,Graduação/Bacharelado,Empregado (CLT),Analista de Dados,Pleno,de R$ 12.001/mês a R$ 16.000/mês,de 3 a 4 anos,de 7 a 10 anos,True,14000,-27.0,-51.0
30-34,Masculino,Branca,Sul,Pós-graduação,Empregado (CLT),Product Manager,Sênior,de R$ 12.001/mês a R$ 16.000/mês,Menos de 1 ano,de 3 a 4 anos,True,14000,-27.0,-51.0
30-34,Masculino,Branca,Sul,Estudante de Graduação,Empregado (CLT),Analista de Suporte,Sênior,de R$ 4.001/mês a R$ 6.000/mês,Não tenho experiência na área de dados,Não tive experiência na área de TI/Engenharia de Software antes de começar a trabalhar na área de dados,False,5000,-27.0,-51.0
30-34,Feminino,Branca,Sudeste,Pós-graduação,Empregado (CLT),Analista de BI,Sênior,de R$ 8.001/mês a R$ 12.000/mês,de 3 a 4 anos,Não tive experiência na área de TI/Engenharia de Software antes de começar a trabalhar na área de dados,False,10000,-20.0,-44.0
30-34,Feminino,Parda,Sul,Pós-graduação,Empregado (CLT),Analytics Engineer,Pleno,de R$ 6.001/mês a R$ 8.000/mês,de 1 a 2 anos,Não tive experiência na área de TI/Engenharia de Software antes de começar a trabalhar na área de dados,True,7000,-27.0,-51.0
30-34,Masculino,Branca,Sudeste,Graduação/Bacharelado,Empregado (CLT),Analista de Dados,Pleno,de R$ 6.001/mês a R$ 8.000/mês,de 1 a 2 anos,Mais de 10 anos,True,7000,-20.0,-44.0
30-34,Masculino,Branca,Sul,Pós-graduação,Empregado (CLT),Analista de Dados,Pleno,de R$ 6.001/mês a R$ 8.000/mês,de 3 a 4 anos,Não tive experiência na área de TI/Engenharia de Software antes de começar a trabalhar na área de dados,True,7000,-27.0,-51.0
30-34,Masculino,Parda,Nordeste,Pós-graduação,Empregado (CLT),Outro,Júnior,de R$ 1.001/mês a R$ 2.000/mês,Não tenho experiência na área de dados,Não tive experiência na área de TI/Engenharia de Software antes de começar a trabalhar na área de dados,False,1500,-8.0,-38.0
30-34,Masculino,Branca,Nordeste,Graduação/Bacharelado,Empregado (CLT),Analista de Negócios,Pleno,de R$ 4.001/mês a R$ 6.000/mês,de 1 a 2 anos,Não tive experiência na área de TI/Engenharia de Software antes de começar a trabalhar na área de dados,False,5000,-8.0,-38.0
30-34,Masculino,Preta,Sudeste,Pós-graduação,Empregado (CLT),Engenheiro de Dados,Júnior,de R$ 3.001/mês a R$ 4.000/mês,de 1 a 2 anos,Menos de 1 ano,True,3500,-20.0,-44.0
30-34,Masculino,Branca,Sudeste,Graduação/Bacharelado,Servidor Público,Outro,Júnior,de R$ 2.001/mês a R$ 3.000/mês,Não tenho experiência na área de dados,Não tive experiência na área de TI/Engenharia de Software antes de começar a trabalhar na área de dados,True,2500,-20.0,-44.0
30-34,Feminino,Preta,Sudeste,Graduação/Bacharelado,Empregado (CLT),Analista de Dados,Júnior,de R$ 6.001/mês a R$ 8.000/mês,de 1 a 2 anos,Não tive experiência na área de TI/Engenharia de Software antes de começar a trabalhar na área de dados,True,7000,-20.0,-44.0
30-34,Masculino,Parda,Sudeste,Não tenho graduação formal,Empregado (CLT),Outro,Júnior,de R$ 3.001/mês a R$ 4.000/mês,Não tenho experiência na área de dados,Não tive experiência na área de TI/Engenharia de Software antes de começar a trabalhar na área de dados,False,3500,-20.0,-44.0
30-34,Feminino,Branca,Sudeste,Mestrado,Empregado (CLT),Cientista de Dados,Pleno,de R$ 12.001/mês a R$ 16.000/mês,de 3 a 4 anos,de 5 a 6 anos,True,14000,-20.0,-44.0
30-34,Masculino,Branca,Sudeste,Doutorado ou Phd,Empregado (CLT),Cientista de Dados,Sênior,de R$ 16.001/mês a R$ 20.000/mês,de 5 a 6 anos,Não tive experiência na área de TI/Engenharia de Software antes de começar a trabalhar na área de dados,False,18000,-20.0,-44.0
30-34,Masculino,Preta,Nordeste,Graduação/Bacharelado,Empregado (CLT),Analista de Suporte,Pleno,de R$ 4.001/mês a R$ 6.000/mês,Não tenho experiência na área de dados,Não tive experiência na área de TI/Engenharia de Software antes de começar a trabalhar na área de dados,False,5000,-8.0,-38.0
30-34,Masculino,Parda,Sul,Graduação/Bacharelado,Empregado (CLT),Analista de BI,Pleno,de R$ 4.001/mês a R$ 6.000/mês,de 1 a 2 anos,Menos de 1 ano,True,5000,-27.0,-51.0
30-34,Masculino,Branca,Sudeste,Mestrado,Empregado (CLT),Cientista de Dados,Sênior,de R$ 8.001/mês a R$ 12.000/mês,de 3 a 4 anos,de 1 a 2 anos,False,10000,-20.0,-44.0
30-34,Masculino,Branca,Sudeste,Mestrado,Empregado (CLT),Eng. Machine Learning,Pleno,de R$ 12.001/mês a R$ 16.000/mês,de 5 a 6 anos,de 3 a 4 anos,False,14000,-20.0,-44.0
30-34,Masculino,Parda,Sul,Estudante de Graduação,Empregado (CLT),Engenheiro de Dados,Pleno,de R$ 8.001/mês a R$ 12.000/mês,de 5 a 6 anos,de 1 a 2 anos,True,10000,-27.0,-51.0
30-34,Masculino,Branca,Sudeste,Doutorado ou Phd,Empregado (CLT),Cientista de Dados,Sênior,de R$ 16.001/mês a R$ 20.000/mês,Mais de 10 anos,Não tive experiência na área de TI/Engenharia de Software antes de começar a trabalhar na área de dados,False,18000,-20.0,-44.0
30-34,Masculino,Parda,Sudeste,Graduação/Bacharelado,Empreendedor ou Empregado (CNPJ),Engenheiro de Dados,Pleno,de R$ 6.001/mês a R$ 8.000/mês,de 1 a 2 anos,de 1 a 2 anos,False,7000,-20.0,-44.0
30-34,Feminino,Branca,Sudeste,Pós-graduação,Empregado (CLT),Engenheiro de Dados,Júnior,de R$ 4.001/mês a R$ 6.000/mês,de 1 a 2 anos,Menos de 1 ano,True,5000,-20.0,-44.0
30-34,Feminino,Branca,Sul,Mestrado,Empregado (CLT),Analista de Dados,Pleno,de R$ 6.001/mês a R$ 8.000/mês,de 1 a 2 anos,Menos de 1 ano,True,7000,-27.0,-51.0
30-34,Masculino,Branca,Sudeste,Doutorado ou Phd,Empregado (CLT),Cientista de Dados,Sênior,de R$ 12.001/mês a R$ 16.000/mês,de 7 a 10 anos,Não tive experiência na área de TI/Engenharia de Software antes de começar a trabalhar na área de dados,True,14000,-20.0,-44.0
30-34,Masculino,Branca,Sudeste,Graduação/Bacharelado,Vivo no Brasil e trabalho remoto para empresa de fora do Brasil,Analytics Engineer,Sênior,de R$ 30.001/mês a R$ 40.000/mês,de 5 a 6 anos,Não tive experiência na área de TI/Engenharia de Software antes de começar a trabalhar na área de dados,True,35000,-20.0,-44.0
30-34,Masculino,Branca,Sudeste,Graduação/Bacharelado,Empregado (CLT),Engenheiro de Dados,Sênior,de R$ 12.001/mês a R$ 16.000/mês,de 7 a 10 anos,Não tive experiência na área de TI/Engenharia de Software antes de começar a trabalhar na área de dados,True,14000,-20.0,-44.0
30-34,Feminino,Parda,Sudeste,Mestrado,Empregado (CLT),Cientista de Dados,Pleno,de R$ 8.001/mês a R$ 12.000/mês,de 3 a 4 anos,Não tive experiência na área de TI/Engenharia de Software antes de começar a trabalhar na área de dados,True,10000,-20.0,-44.0
30-34,Masculino,Amarela,Sul,Pós-graduação,Empregado (CLT),Engenheiro de Dados,Pleno,de R$ 8.001/mês a R$ 12.000/mês,de 3 a 4 anos,Não tive experiência na área de TI/Engenharia de Software antes de começar a trabalhar na área de dados,False,10000,-27.0,-51.0
30-34,Masculino,Parda,Sudeste,Mestrado,Empregado (CLT),Cientista de Dados,Sênior,de R$ 12.001/mês a R$ 16.000/mês,de 3 a 4 anos,Menos de 1 ano,True,14000,-20.0,-44.0
30-34,Feminino,Parda,Sudeste,Graduação/Bacharelado,Empregado (CLT),Analista de Dados,Júnior,de R$ 2.001/mês a R$ 3.000/mês,Menos de 1 ano,Não tive experiência na área de TI/Engenharia de Software antes de começar a trabalhar na área de dados,False,2500,-20.0,-44.0
30-34,Masculino,Preta,Sudeste,Pós-graduação,Empregado (CLT),Product Manager,Sênior,de R$ 12.001/mês a R$ 16.000/mês,Mais de 10 anos,de 1 a 2 anos,True,14000,-20.0,-44.0
30-34,Masculino,Branca,Sul,Estudante de Graduação,Empregado (CLT),Analista de Dados,Júnior,de R$ 4.001/mês a R$ 6.000/mês,de 1 a 2 anos,Não tive experiência na área de TI/Engenharia de Software antes de começar a trabalhar na área de dados,True,5000,-27.0,-51.0
30-34,Feminino,Branca,Sudeste,Doutorado ou Phd,Empregado (CLT),Cientista de Dados,Sênior,de R$ 12.001/mês a R$ 16.000/mês,Mais de 10 anos,Não tive experiência na área de TI/Engenharia de Software antes de começar a trabalhar na área de dados,False,14000,-20.0,-44.0
30-34,Feminino,Parda,Sudeste,Pós-graduação,Empregado (CLT),Analista de Negócios,Sênior,de R$ 16.001/mês a R$ 20.000/mês,Mais de 10 anos,Menos de 1 ano,False,18000,-20.0,-44.0
30-34,Masculino,Branca,Sudeste,Pós-graduação,Empregado (CLT),Analista de Dados,Pleno,de R$ 6.001/mês a R$ 8.000/mês,de 3 a 4 anos,Não tive experiência na área de TI/Engenharia de Software antes de começar a trabalhar na área de dados,False,7000,-20.0,-44.0
30-34,Feminino,Branca,Sudeste,Pós-graduação,Estagiário,Analista de Dados,Júnior,de R$ 2.001/mês a R$ 3.000/mês,de 1 a 2 anos,Não tive experiência na área de TI/Engenharia de Software antes de começar a trabalhar na área de dados,False,2500,-20.0,-44.0
30-34,Feminino,Branca,Sul,Pós-graduação,Empregado (CLT),Product Manager,Sênior,de R$ 8.001/mês a R$ 12.000/mês,de 3 a 4 anos,Não tive experiência na área de TI/Engenharia de Software antes de começar a trabalhar na área de dados,True,10000,-27.0,-51.0
30-34,Feminino,Parda,Sul,Mestrado,Empregado (CLT),Cientista de Dados,Sênior,de R$ 12.001/mês a R$ 16.000/mês,de 5 a 6 anos,Não tive experiência na área de TI/Engenharia de Software antes de começar a trabalhar na área de dados,True,14000,-27.0,-51.0
30-34,Feminino,Branca,Sudeste,Graduação/Bacharelado,Empregado (CLT),Analista de Dados,Sênior,de R$ 8.001/mês a R$ 12.000/mês,Mais de 10 anos,de 1 a 2 anos,True,10000,-20.0,-44.0
30-34,Masculino,Branca,Sul,Graduação/Bacharelado,Empregado (CLT),Analista de BI,Sênior,de R$ 6.001/mês a R$ 8.000/mês,de 1 a 2 anos,Não tive experiência na área de TI/Engenharia de Software antes de começar a trabalhar na área de dados,True,7000,-27.0,-51.0
30-34,Masculino,Branca,Sudeste,Pós-graduação,Empregado (CLT),Analista de Dados,Júnior,de R$ 8.001/mês a R$ 12.000/mês,de 3 a 4 anos,Não tive experiência na área de TI/Engenharia de Software antes de começar a trabalhar na área de dados,True,10000,-20.0,-44.0
30-34,Feminino,Branca,Sul,Graduação/Bacharelado,Empregado (CLT),Analista de Negócios,Sênior,de R$ 8.001/mês a R$ 12.000/mês,de 3 a 4 anos,Não tive experiência na área de TI/Engenharia de Software antes de começar a trabalhar na área de dados,True,10000,-27.0,-51.0
30-34,Masculino,Branca,Sul,Pós-graduação,Empregado (CLT),Product Manager,Sênior,de R$ 6.001/mês a R$ 8.000/mês,de 3 a 4 anos,de 7 a 10 anos,False,7000,-27.0,-51.0
30-34,Masculino,Branca,Sul,Graduação/Bacharelado,Empregado (CLT),Analista de Dados,Sênior,de R$ 8.001/mês a R$ 12.000/mês,de 3 a 4 anos,de 1 a 2 anos,True,10000,-27.0,-51.0
30-34,Feminino,Branca,Sudeste,Pós-graduação,Empregado (CLT),Outro,Sênior,de R$ 4.001/mês a R$ 6.000/mês,Menos de 1 ano,Não tive experiência na área de TI/Engenharia de Software antes de começar a trabalhar na área de dados,True,5000,-20.0,-44.0
30-34,Masculino,Branca,,Pós-graduação,Vivo fora do Brasil e trabalho para empresa de fora do Brasil,Analista de Negócios,Sênior,de R$ 25.001/mês a R$ 30.000/mês,de 3 a 4 anos,Não tive experiência na área de TI/Engenharia de Software antes de começar a trabalhar na área de dados,True,27500,,
30-34,Masculino,Prefiro não informar,Sul,Pós-graduação,Vivo no Brasil e trabalho remoto para empresa de fora do Brasil,Eng. Machine Learning,Sênior,de R$ 25.001/mês a R$ 30.000/mês,de 3 a 4 anos,Não tive experiência na área de TI/Engenharia de Software antes de começar a trabalhar na área de dados,False,27500,-27.0,-51.0
30-34,Masculino,Branca,Sudeste,Mestrado,Empregado (CLT),Analista de BI,Pleno,de R$ 12.001/mês a R$ 16.000/mês,de 3 a 4 anos,de 1 a 2 anos,True,14000,-20.0,-44.0
30-34,Masculino,Branca,Sudeste,Graduação/Bacharelado,Empregado (CLT),Engenheiro de Dados,Sênior,de R$ 12.001/mês a R$ 16.000/mês,de 7 a 10 anos,Menos de 1 ano,True,14000,-20.0,-44.0
30-34,Masculino,Branca,Sudeste,Pós-graduação,Empregado (CLT),Analista de Dados,Sênior,de R$ 8.001/mês a R$ 12.000/mês,de 1 a 2 anos,Não tive experiência na área de TI/Engenharia de Software antes de começar a trabalhar na área de dados,True,10000,-20.0,-44.0
30-34,Feminino,Branca,Sudeste,Pós-graduação,Freelancer,Analista de Negócios,Júnior,de R$ 1.001/mês a R$ 2.000/mês,Menos de 1 ano,de 1 a 2 anos,False,1500,-20.0,-44.0
30-34,Masculino,Preta,Centro-oeste,Graduação/Bacharelado,Empregado (CLT),Outro,Júnior,de R$ 2.001/mês a R$ 3.000/mês,Não tenho experiência na área de dados,Não tive experiência na área de TI/Engenharia de Software antes de começar a trabalhar na área de dados,False,2500,-15.0,-52.0
30-34,Masculino,Branca,Centro-oeste,Pós-graduação,Empregado (CLT),Cientista de Dados,Sênior,de R$ 12.001/mês a R$ 16.000/mês,de 7 a 10 anos,de 7 a 10 anos,True,14000,-15.0,-52.0
30-34,Feminino,Branca,Sul,Mestrado,Empregado (CLT),Analista de Negócios,Pleno,de R$ 4.001/mês a R$ 6.000/mês,de 3 a 4 anos,Não tive experiência na área de TI/Engenharia de Software antes de começar a trabalhar na área de dados,True,5000,-27.0,-51.0
30-34,Masculino,Preta,Nordeste,Mestrado,Empregado (CLT),Cientista de Dados,Sênior,de R$ 20.001/mês a R$ 25.000/mês,de 7 a 10 anos,de 5 a 6 anos,False,22500,-8.0,-38.0
30-34,Masculino,Branca,,Pós-graduação,Empregado (CLT),Analista de Dados,Pleno,de R$ 6.001/mês a R$ 8.000/mês,Mais de 10 anos,Menos de 1 ano,False,7000,,
30-34,Masculino,Branca,Sul,Pós-graduação,Empregado (CLT),Analytics Engineer,Sênior,de R$ 12.001/mês a R$ 16.000/mês,de 5 a 6 anos,Menos de 1 ano,True,14000,-27.0,-51.0
30-34,Masculino,Parda,Nordeste,Não tenho graduação formal,Empregado (CLT),Analista de Suporte,Júnior,de R$ 2.001/mês a R$ 3.000/mês,Não tenho experiência na área de dados,Não tive experiência na área de TI/Engenharia de Software antes de começar a trabalhar na área de dados,True,2500,-8.0,-38.0
30-34,Masculino,Branca,Sul,Pós-graduação,Empregado (CLT),Outro,Júnior,de R$ 4.001/mês a R$ 6.000/mês,Menos de 1 ano,Não tive experiência na área de TI/Engenharia de Software antes de começar a trabalhar na área de dados,True,5000,-27.0,-51.0
30-34,Masculino,Parda,Sudeste,Graduação/Bacharelado,Empregado (CLT),Outro,Pleno,de R$ 3.001/mês a R$ 4.000/mês,Não tenho experiência na área de dados,Não tive experiência na área de TI/Engenharia de Software antes de começar a trabalhar na área de dados,True,3500,-20.0,-44.0
30-34,Feminino,Branca,Sudeste,Pós-graduação,Empregado (CLT),Product Manager,Pleno,de R$ 8.001/mês a R$ 12.000/mês,de 1 a 2 anos,Menos de 1 ano,True,10000,-20.0,-44.0
30-34,Feminino,Parda,Nordeste,Mestrado,Empregado (CLT),Product Manager,Sênior,de R$ 8.001/mês a R$ 12.000/mês,de 3 a 4 anos,Não tive experiência na área de TI/Engenharia de Software antes de começar a trabalhar na área de dados,True,10000,-8.0,-38.0
30-34,Masculino,Branca,Sudeste,Mestrado,Empregado (CLT),Analytics Engineer,Sênior,de R$ 8.001/mês a R$ 12.000/mês,de 7 a 10 anos,de 3 a 4 anos,False,10000,-20.0,-44.0
30-34,Masculino,Branca,Sudeste,Pós-graduação,Empregado (CLT),Analista de Dados,Sênior,de R$ 8.001/mês a R$ 12.000/mês,de 3 a 4 anos,Não tive experiência na área de TI/Engenharia de Software antes de começar a trabalhar na área de dados,False,10000,-20.0,-44.0
30-34,Feminino,Branca,Sul,Pós-graduação,Empregado (CLT),Cientista de Dados,Sênior,de R$ 12.001/mês a R$ 16.000/mês,de 5 a 6 anos,de 3 a 4 anos,False,14000,-27.0,-51.0
30-34,Masculino,Branca,Sudeste,Mestrado,Empregado (CLT),Engenheiro de Dados,Sênior,de R$ 8.001/mês a R$ 12.000/mês,de 5 a 6 anos,Não tive experiência na área de TI/Engenharia de Software antes de começar a trabalhar na área de dados,False,10000,-20.0,-44.0
30-34,Masculino,Branca,Sudeste,Pós-graduação,Vivo no Brasil e trabalho remoto para empresa de fora do Brasil,Engenheiro de Dados,Sênior,de R$ 30.001/mês a R$ 40.000/mês,de 7 a 10 anos,de 3 a 4 anos,True,35000,-20.0,-44.0
30-34,Feminino,Branca,Sudeste,Graduação/Bacharelado,Empregado (CLT),Analista de Dados,Pleno,de R$ 3.001/mês a R$ 4.000/mês,de 3 a 4 anos,Não tive experiência na área de TI/Engenharia de Software antes de começar a trabalhar na área de dados,False,3500,-20.0,-44.0
30-34,Masculino,Branca,,Não tenho graduação formal,Vivo fora do Brasil e trabalho para empresa de fora do Brasil,Engenheiro de Dados,Sênior,de R$ 20.001/mês a R$ 25.000/mês,de 5 a 6 anos,de 1 a 2 anos,True,22500,,
30-34,Masculino,Parda,Centro-oeste,Pós-graduação,Servidor Público,Analista de Suporte,Pleno,de R$ 2.001/mês a R$ 3.000/mês,de 1 a 2 anos,de 5 a 6 anos,False,2500,-15.0,-52.0
30-34,Feminino,Parda,Nordeste,Pós-graduação,Estagiário,Desenvolvedor,Júnior,de R$ 1.001/mês a R$ 2.000/mês,de 1 a 2 anos,Não tive experiência na área de TI/Engenharia de Software antes de começar a trabalhar na área de dados,True,1500,-8.0,-38.0
30-34,Masculino,Branca,Sudeste,Estudante de Graduação,Empregado (CLT),Cientista de Dados,Sênior,de R$ 8.001/mês a R$ 12.000/mês,de 3 a 4 anos,de 1 a 2 anos,True,10000,-20.0,-44.0
30-34,Masculino,Branca,Sul,Graduação/Bacharelado,Empregado (CLT),Analista de Dados,Pleno,de R$ 6.001/mês a R$ 8.000/mês,de 5 a 6 anos,Não tive experiência na área de TI/Engenharia de Software antes de começar a trabalhar na área de dados,False,7000,-27.0,-51.0
30-34,Masculino,Branca,Sul,Pós-graduação,Empregado (CLT),Engenheiro de Dados,Sênior,de R$ 12.001/mês a R$ 16.000/mês,Mais de 10 anos,de 3 a 4 anos,True,14000,-27.0,-51.0
30-34,Masculino,Parda,Sudeste,Pós-graduação,Empregado (CLT),Analista de BI,Sênior,de R$ 4.001/mês a R$ 6.000/mês,de 3 a 4 anos,Não tive experiência na área de TI/Engenharia de Software antes de começar a trabalhar na área de dados,True,5000,-20.0,-44.0
30-34,Feminino,Branca,Sudeste,Pós-graduação,Empregado (CLT),Analista de BI,Sênior,de R$ 8.001/mês a R$ 12.000/mês,de 5 a 6 anos,Não tive experiência na área de TI/Engenharia de Software antes de começar a trabalhar na área de dados,True,10000,-20.0,-44.0
30-34,Masculino,Parda,Sudeste,Pós-graduação,Empregado (CLT),Analista de BI,Pleno,de R$ 4.001/mês a R$ 6.000/mês,de 1 a 2 anos,Mais de 10 anos,False,5000,-20.0,-44.0
30-34,Masculino,Branca,Sudeste,Pós-graduação,Empreendedor ou Empregado (CNPJ),Analista de Dados,Pleno,de R$ 6.001/mês a R$ 8.000/mês,de 3 a 4 anos,Menos de 1 ano,True,7000,-20.0,-44.0
30-34,Feminino,Branca,,Mestrado,Empregado (CLT),Analista de Dados,Sênior,de R$ 8.001/mês a R$ 12.000/mês,Mais de 10 anos,Não tive experiência na área de TI/Engenharia de Software antes de começar a trabalhar na área de dados,True,10000,,
30-34,Masculino,Branca,Nordeste,Doutorado ou Phd,Empregado (CLT),Cientista de Dados,Pleno,de R$ 4.001/mês a R$ 6.000/mês,de 1 a 2 anos,Não tive experiência na área de TI/Engenharia de Software antes de começar a trabalhar na área de dados,True,5000,-8.0,-38.0
30-34,Masculino,Branca,Sudeste,Graduação/Bacharelado,Empreendedor ou Empregado (CNPJ),Analista de BI,Pleno,de R$ 3.001/mês a R$ 4.000/mês,de 1 a 2 anos,Menos de 1 ano,False,3500,-20.0,-44.0
30-34,Masculino,Branca,Sudeste,Graduação/Bacharelado,Empregado (CLT),Analista de Dados,Pleno,de R$ 4.001/mês a R$ 6.000/mês,de 1 a 2 anos,Menos de 1 ano,False,5000,-20.0,-44.0
30-34,Masculino,Preta,Sudeste,Doutorado ou Phd,Empreendedor ou Empregado (CNPJ),Cientista de Dados,Pleno,de R$ 8.001/mês a R$ 12.000/mês,de 1 a 2 anos,de 1 a 2 anos,True,10000,-20.0,-44.0
30-34,Feminino,Branca,Sul,Mestrado,Empregado (CLT),Analista de Dados,Pleno,de R$ 6.001/mês a R$ 8.000/mês,de 1 a 2 anos,Não tive experiência na área de TI/Engenharia de Software antes de começar a trabalhar na área de dados,True,7000,-27.0,-51.0
30-34,Masculino,Branca,Nordeste,Doutorado ou Phd,Empregado (CLT),Cientista de Dados,Sênior,de R$ 12.001/mês a R$ 16.000/mês,de 3 a 4 anos,de 3 a 4 anos,True,14000,-8.0,-38.0
30-34,Masculino,Parda,Sudeste,Mestrado,Empregado (CLT),Analista de Negócios,Pleno,de R$ 8.001/mês a R$ 12.000/mês,Menos de 1 ano,Não tive experiência na área de TI/Engenharia de Software antes de começar a trabalhar na área de dados,True,10000,-20.0,-44.0
30-34,Masculino,Parda,Sudeste,Graduação/Bacharelado,Empregado (CLT),Cientista de Dados,Sênior,de R$ 12.001/mês a R$ 16.000/mês,de 5 a 6 anos,Não tive experiência na área de TI/Engenharia de Software antes de começar a trabalhar na área de dados,False,14000,-20.0,-44.0
30-34,Feminino,Branca,Sudeste,Graduação/Bacharelado,Empreendedor ou Empregado (CNPJ),Analista de Dados,Pleno,de R$ 6.001/mês a R$ 8.000/mês,de 3 a 4 anos,Não tive experiência na área de TI/Engenharia de Software antes de começar a trabalhar na área de dados,False,7000,-20.0,-44.0
30-34,Feminino,Branca,Nordeste,Mestrado,Empregado (CLT),Cientista de Dados,Pleno,de R$ 12.001/mês a R$ 16.000/mês,de 3 a 4 anos,Menos de 1 ano,False,14000,-8.0,-38.0
30-34,Masculino,Parda,,Pós-graduação,Vivo fora do Brasil e trabalho para empresa de fora do Brasil,Engenheiro de Dados,Pleno,de R$ 30.001/mês a R$ 40.000/mês,de 5 a 6 anos,Não tive experiência na área de TI/Engenharia de Software antes de começar a trabalhar na área de dados,True,35000,,
30-34,Masculino,Branca,Sudeste,Pós-graduação,Empregado (CLT),Outro,Júnior,de R$ 4.001/mês a R$ 6.000/mês,de 1 a 2 anos,de 1 a 2 anos,False,5000,-20.0,-44.0
30-34,Feminino,Parda,Nordeste,Mestrado,Servidor Público,Analista de BI,Pleno,de R$ 8.001/mês a R$ 12.000/mês,de 3 a 4 anos,Não tive experiência na área de TI/Engenharia de Software antes de começar a trabalhar na área de dados,True,10000,-8.0,-38.0
30-34,Masculino,Parda,Sudeste,Graduação/Bacharelado,Empregado (CLT),Analista de Negócios,Sênior,de R$ 8.001/mês a R$ 12.000/mês,de 3 a 4 anos,Não tive experiência na área de TI/Engenharia de Software antes de começar a trabalhar na área de dados,False,10000,-20.0,-44.0
30-34,Masculino,Parda,Sudeste,Doutorado ou Phd,Empregado (CLT),Cientista de Dados,Sênior,de R$ 8.001/mês a R$ 12.000/mês,de 7 a 10 anos,Não tive experiência na área de TI/Engenharia de Software antes de começar a trabalhar na área de dados,True,10000,-20.0,-44.0
30-34,Masculino,Branca,Sudeste,Graduação/Bacharelado,Empregado (CLT),Analista de Dados,Sênior,de R$ 8.001/mês a R$ 12.000/mês,de 7 a 10 anos,Não tive experiência na área de TI/Engenharia de Software antes de começar a trabalhar na área de dados,False,10000,-20.0,-44.0
30-34,Masculino,Branca,Sudeste,Pós-graduação,Empregado (CLT),Engenheiro de Dados,Sênior,de R$ 12.001/mês a R$ 16.000/mês,Mais de 10 anos,de 1 a 2 anos,True,14000,-20.0,-44.0
30-34,Masculino,Branca,Sul,Pós-graduação,Empregado (CLT),Analista de Negócios,Pleno,de R$ 8.001/mês a R$ 12.000/mês,de 3 a 4 anos,Não tive experiência na área de TI/Engenharia de Software antes de começar a trabalhar na área de dados,True,10000,-27.0,-51.0
30-34,Feminino,Parda,Sudeste,Graduação/Bacharelado,Freelancer,Professor/Pesquisador,Pleno,de R$ 8.001/mês a R$ 12.000/mês,de 3 a 4 anos,Não tive experiência na área de TI/Engenharia de Software antes de começar a trabalhar na área de dados,True,10000,-20.0,-44.0
30-34,Masculino,Branca,Sudeste,Doutorado ou Phd,Empregado (CLT),Eng. Machine Learning,Pleno,de R$ 8.001/mês a R$ 12.000/mês,de 5 a 6 anos,Não tive experiência na área de TI/Engenharia de Software antes de começar a trabalhar na área de dados,False,10000,-20.0,-44.0
30-34,Masculino,Parda,Sudeste,Pós-graduação,Empregado (CLT),Analista de Negócios,Sênior,de R$ 8.001/mês a R$ 12.000/mês,de 3 a 4 anos,Não tive experiência na área de TI/Engenharia de Software antes de começar a trabalhar na área de dados,True,10000,-20.0,-44.0
30-34,Prefiro não informar,Prefiro não informar,Norte,Não tenho graduação formal,Servidor Público,Analytics Engineer,Júnior,de R$ 2.001/mês a R$ 3.000/mês,Não tenho experiência na área de dados,Não tive experiência na área de TI/Engenharia de Software antes de começar a trabalhar na área de dados,True,2500,-5.0,-60.0
30-34,Masculino,Branca,Sudeste,Graduação/Bacharelado,Empregado (CLT),Analista de Dados,Júnior,de R$ 2.001/mês a R$ 3.000/mês,de 3 a 4 anos,Não tive experiência na área de TI/Engenharia de Software antes de começar a trabalhar na área de dados,False,2500,-20.0,-44.0
30-34,Masculino,Branca,Sudeste,Graduação/Bacharelado,Empregado (CLT),Analista de Dados,Júnior,de R$ 2.001/mês a R$ 3.000/mês,de 3 a 4 anos,Não tive experiência na área de TI/Engenharia de Software antes de começar a trabalhar na área de dados,False,2500,-20.0,-44.0
30-34,Masculino,Parda,Sudeste,Pós-graduação,Empreendedor ou Empregado (CNPJ),Engenheiro de Dados,Sênior,de R$ 16.001/mês a R$ 20.000/mês,de 3 a 4 anos,de 7 a 10 anos,True,18000,-20.0,-44.0
30-34,Masculino,Branca,Sudeste,Graduação/Bacharelado,Empregado (CLT),Analista de BI,Pleno,de R$ 6.001/mês a R$ 8.000/mês,de 3 a 4 anos,Não tive experiência na área de TI/Engenharia de Software antes de começar a trabalhar na área de dados,False,7000,-20.0,-44.0
30-34,Masculino,Branca,Nordeste,Graduação/Bacharelado,Empregado (CLT),Engenheiro de Dados,Júnior,de R$ 8.001/mês a R$ 12.000/mês,de 1 a 2 anos,Não tive experiência na área de TI/Engenharia de Software antes de começar a trabalhar na área de dados,True,10000,-8.0,-38.0
30-34,Feminino,Branca,Sudeste,Pós-graduação,Empreendedor ou Empregado (CNPJ),Outro,Pleno,de R$ 3.001/mês a R$ 4.000/mês,de 1 a 2 anos,Não tive experiência na área de TI/Engenharia de Software antes de começar a trabalhar na área de dados,True,3500,-20.0,-44.0
30-34,Masculino,Branca,Sudeste,Graduação/Bacharelado,Empregado (CLT),Cientista de Dados,Pleno,de R$ 6.001/mês a R$ 8.000/mês,de 5 a 6 anos,Não tive experiência na área de TI/Engenharia de Software antes de começar a trabalhar na área de dados,True,7000,-20.0,-44.0
30-34,Feminino,Branca,Sudeste,Mestrado,Empregado (CLT),Cientista de Dados,Pleno,de R$ 8.001/mês a R$ 12.000/mês,Mais de 10 anos,Não tive experiência na área de TI/Engenharia de Software antes de começar a trabalhar na área de dados,False,10000,-20.0,-44.0
30-34,Masculino,Branca,Sudeste,Pós-graduação,Empregado (CLT),Analista de Dados,Pleno,de R$ 4.001/mês a R$ 6.000/mês,de 7 a 10 anos,Não tive experiência na área de TI/Engenharia de Software antes de começar a trabalhar na área de dados,False,5000,-20.0,-44.0
30-34,Masculino,Branca,Sul,Graduação/Bacharelado,Empregado (CLT),Analista de BI,Pleno,de R$ 8.001/mês a R$ 12.000/mês,de 5 a 6 anos,de 7 a 10 anos,True,10000,-27.0,-51.0
30-34,Masculino,Branca,Sul,Pós-graduação,Empregado (CLT),Analista de Dados,Sênior,de R$ 8.001/mês a R$ 12.000/mês,de 7 a 10 anos,de 5 a 6 anos,False,10000,-27.0,-51.0
30-34,Feminino,Branca,Sudeste,Pós-graduação,Empregado (CLT),Engenheiro de Dados,Pleno,de R$ 8.001/mês a R$ 12.000/mês,de 1 a 2 anos,Não tive experiência na área de TI/Engenharia de Software antes de começar a trabalhar na área de dados,True,10000,-20.0,-44.0
30-34,Masculino,Branca,Sudeste,Mestrado,Vivo no Brasil e trabalho remoto para empresa de fora do Brasil,Cientista de Dados,Sênior,de R$ 20.001/mês a R$ 25.000/mês,de 5 a 6 anos,de 1 a 2 anos,False,22500,-20.0,-44.0
35-39,Masculino,Branca,Sudeste,Pós-graduação,Empreendedor ou Empregado (CNPJ),Analista de Dados,Pleno,de R$ 4.001/mês a R$ 6.000/mês,de 3 a 4 anos,Não tive experiência na área de TI/Engenharia de Software antes de começar a trabalhar na área de dados,True,5000,-20.0,-44.0
35-39,Masculino,Branca,,Graduação/Bacharelado,Vivo fora do Brasil e trabalho para empresa de fora do Brasil,Desenvolvedor,Pleno,de R$ 30.001/mês a R$ 40.000/mês,Menos de 1 ano,de 5 a 6 anos,True,35000,,
35-39,Masculino,Parda,Sudeste,Mestrado,Empregado (CLT),Analista de Dados,Sênior,de R$ 8.001/mês a R$ 12.000/mês,de 3 a 4 anos,Não tive experiência na área de TI/Engenharia de Software antes de começar a trabalhar na área de dados,True,10000,-20.0,-44.0
35-39,Feminino,Branca,Sudeste,Pós-graduação,Vivo no Brasil e trabalho remoto para empresa de fora do Brasil,Eng. Machine Learning,Sênior,Acima de R$ 40.001/mês,de 5 a 6 anos,Não tive experiência na área de TI/Engenharia de Software antes de começar a trabalhar na área de dados,True,45000,-20.0,-44.0
35-39,Masculino,Branca,Sul,Pós-graduação,Empregado (CLT),Analista de BI,Sênior,de R$ 8.001/mês a R$ 12.000/mês,de 7 a 10 anos,Não tive experiência na área de TI/Engenharia de Software antes de começar a trabalhar na área de dados,True,10000,-27.0,-51.0
35-39,Feminino,Amarela,Sudeste,Graduação/Bacharelado,Empregado (CLT),Engenheiro de Dados,Pleno,de R$ 8.001/mês a R$ 12.000/mês,de 5 a 6 anos,Não tive experiência na área de TI/Engenharia de Software antes de começar a trabalhar na área de dados,True,10000,-20.0,-44.0
35-39,Feminino,Branca,Sudeste,Pós-graduação,Empregado (CLT),Analista de Dados,Sênior,de R$ 8.001/mês a R$ 12.000/mês,de 7 a 10 anos,de 1 a 2 anos,True,10000,-20.0,-44.0
35-39,Masculino,Branca,Sudeste,Doutorado ou Phd,Empregado (CLT),Cientista de Dados,Sênior,de R$ 12.001/mês a R$ 16.000/mês,de 3 a 4 anos,Não tive experiência na área de TI/Engenharia de Software antes de começar a trabalhar na área de dados,True,14000,-20.0,-44.0
35-39,Masculino,Branca,Sudeste,Pós-graduação,Empregado (CLT),Engenheiro de Dados,Sênior,de R$ 16.001/mês a R$ 20.000/mês,de 5 a 6 anos,de 7 a 10 anos,True,18000,-20.0,-44.0
35-39,Feminino,Parda,Nordeste,Doutorado ou Phd,Empregado (CLT),Analista de Dados,Pleno,de R$ 4.001/mês a R$ 6.000/mês,de 1 a 2 anos,Não tive experiência na área de TI/Engenharia de Software antes de começar a trabalhar na área de dados,True,5000,-8.0,-38.0
35-39,Feminino,Branca,Sudeste,Pós-graduação,Vivo no Brasil e trabalho remoto para empresa de fora do Brasil,Product Manager,Sênior,de R$ 25.001/mês a R$ 30.000/mês,de 7 a 10 anos,de 5 a 6 anos,True,27500,-20.0,-44.0
35-39,Feminino,Branca,Sul,Pós-graduação,Empregado (CLT),Analytics Engineer,Sênior,de R$ 6.001/mês a R$ 8.000/mês,de 5 a 6 anos,Não tive experiência na área de TI/Engenharia de Software antes de começar a trabalhar na área de dados,False,7000,-27.0,-51.0
35-39,Feminino,Branca,Sudeste,Pós-graduação,Empregado (CLT),Analista de Dados,Pleno,de R$ 6.001/mês a R$ 8.000/mês,de 1 a 2 anos,Mais de 10 anos,True,7000,-20.0,-44.0
35-39,Masculino,Parda,Sudeste,Graduação/Bacharelado,Empregado (CLT),Analista de BI,Pleno,de R$ 4.001/mês a R$ 6.000/mês,de 1 a 2 anos,Não tive experiência na área de TI/Engenharia de Software antes de começar a trabalhar na área de dados,True,5000,-20.0,-44.0
35-39,Masculino,Branca,Sudeste,Graduação/Bacharelado,Vivo no Brasil e trabalho remoto para empresa de fora do Brasil,Engenheiro de Dados,Pleno,de R$ 25.001/mês a R$ 30.000/mês,de 3 a 4 anos,de 5 a 6 anos,True,27500,-20.0,-44.0
35-39,Feminino,Parda,Sudeste,Pós-graduação,Empregado (CLT),Analytics Engineer,Pleno,de R$ 8.001/mês a R$ 12.000/mês,de 1 a 2 anos,Não tive experiência na área de TI/Engenharia de Software antes de começar a trabalhar na área de dados,True,10000,-20.0,-44.0
35-39,Masculino,Branca,Sul,Pós-graduação,Empregado (CLT),Desenvolvedor,Sênior,de R$ 12.001/mês a R$ 16.000/mês,de 5 a 6 anos,de 5 a 6 anos,True,14000,-27.0,-51.0
35-39,Feminino,Branca,Sudeste,Pós-graduação,Empregado (CLT),Engenheiro de Dados,Sênior,de R$ 8.001/mês a R$ 12.000/mês,de 1 a 2 anos,Não tive experiência na área de TI/Engenharia de Software antes de começar a trabalhar na área de dados,True,10000,-20.0,-44.0
35-39,Masculino,Parda,Centro-oeste,Pós-graduação,Empregado (CLT),Analytics Engineer,Sênior,de R$ 8.001/mês a R$ 12.000/mês,de 5 a 6 anos,de 5 a 6 anos,True,10000,-15.0,-52.0
35-39,Masculino,Parda,Sudeste,Graduação/Bacharelado,Empregado (CLT),Analista de Negócios,Pleno,de R$ 6.001/mês a R$ 8.000/mês,de 3 a 4 anos,Não tive experiência na área de TI/Engenharia de Software antes de começar a trabalhar na área de dados,True,7000,-20.0,-44.0
35-39,Masculino,Preta,Sudeste,Graduação/Bacharelado,Empregado (CLT),Analista de Dados,Pleno,de R$ 6.001/mês a R$ 8.000/mês,de 3 a 4 anos,Não tive experiência na área de TI/Engenharia de Software antes de começar a trabalhar na área de dados,False,7000,-20.0,-44.0
35-39,Feminino,Parda,Sudeste,Graduação/Bacharelado,Empregado (CLT),Eng. Machine Learning,Sênior,de R$ 6.001/mês a R$ 8.000/mês,de 3 a 4 anos,Menos de 1 ano,False,7000,-20.0,-44.0
35-39,Feminino,Parda,Sudeste,Graduação/Bacharelado,Empregado (CLT),Engenheiro de Dados,Sênior,de R$ 8.001/mês a R$ 12.000/mês,de 3 a 4 anos,de 7 a 10 anos,False,10000,-20.0,-44.0
35-39,Feminino,Parda,Sul,Pós-graduação,Empreendedor ou Empregado (CNPJ),Cientista de Dados,Pleno,de R$ 12.001/mês a R$ 16.000/mês,de 7 a 10 anos,de 1 a 2 anos,False,14000,-27.0,-51.0
35-39,Masculino,Branca,Centro-oeste,Doutorado ou Phd,Empregado (CLT),Cientista de Dados,Sênior,de R$ 25.001/mês a R$ 30.000/mês,de 3 a 4 anos,Não tive experiência na área de TI/Engenharia de Software antes de começar a trabalhar na área de dados,True,27500,-15.0,-52.0
35-39,Masculino,Branca,Sudeste,Graduação/Bacharelado,Empregado (CLT),Analista de BI,Júnior,de R$ 3.001/mês a R$ 4.000/mês,de 5 a 6 anos,de 3 a 4 anos,False,3500,-20.0,-44.0
35-39,Feminino,Branca,Sudeste,Pós-graduação,Servidor Público,Outro,Pleno,de R$ 6.001/mês a R$ 8.000/mês,Não tenho experiência na área de dados,Não tive experiência na área de TI/Engenharia de Software antes de começar a trabalhar na área de dados,False,7000,-20.0,-44.0
35-39,Masculino,Branca,Sudeste,Pós-graduação,Empregado (CLT),Analista de Negócios,Pleno,de R$ 3.001/mês a R$ 4.000/mês,de 3 a 4 anos,Não tive experiência na área de TI/Engenharia de Software antes de começar a trabalhar na área de dados,False,3500,-20.0,-44.0
35-39,Feminino,Preta,Nordeste,Doutorado ou Phd,Empregado (CLT),Cientista de Dados,Pleno,de R$ 8.001/mês a R$ 12.000/mês,de 3 a 4 anos,Não tive experiência na área de TI/Engenharia de Software antes de começar a trabalhar na área de dados,True,10000,-8.0,-38.0
35-39,Masculino,Parda,Sudeste,Mestrado,Empregado (CLT),Cientista de Dados,Pleno,de R$ 8.001/mês a R$ 12.000/mês,de 3 a 4 anos,Não tive experiência na área de TI/Engenharia de Software antes de começar a trabalhar na área de dados,True,10000,-20.0,-44.0
35-39,Masculino,Preta,Centro-oeste,Pós-graduação,Servidor Público,Analista de Dados,Pleno,de R$ 12.001/mês a R$ 16.000/mês,de 3 a 4 anos,Não tive experiência na área de TI/Engenharia de Software antes de começar a trabalhar na área de dados,True,14000,-15.0,-52.0
35-39,Masculino,Branca,Nordeste,Estudante de Graduação,Empregado (CLT),Outro,Júnior,de R$ 2.001/mês a R$ 3.000/mês,Menos de 1 ano,de 1 a 2 anos,False,2500,-8.0,-38.0
35-39,Masculino,Branca,Sudeste,Graduação/Bacharelado,Empregado (CLT),Outras Engenharias,Sênior,de R$ 4.001/mês a R$ 6.000/mês,Não tenho experiência na área de dados,Não tive experiência na área de TI/Engenharia de Software antes de começar a trabalhar na área de dados,False,5000,-20.0,-44.0
35-39,Masculino,Branca,Sul,Pós-graduação,Empregado (CLT),Analista de Dados,Júnior,de R$ 4.001/mês a R$ 6.000/mês,Menos de 1 ano,Não tive experiência na área de TI/Engenharia de Software antes de começar a trabalhar na área de dados,True,5000,-27.0,-51.0
35-39,Masculino,Branca,Sul,Graduação/Bacharelado,Empregado (CLT),Analista de BI,Pleno,de R$ 6.001/mês a R$ 8.000/mês,de 3 a 4 anos,Não tive experiência na área de TI/Engenharia de Software antes de começar a trabalhar na área de dados,True,7000,-27.0,-51.0
35-39,Masculino,Branca,Sul,Pós-graduação,Empregado (CLT),Analista de Negócios,Júnior,de R$ 4.001/mês a R$ 6.000/mês,de 3 a 4 anos,de 1 a 2 anos,True,5000,-27.0,-51.0
35-39,Masculino,Parda,Centro-oeste,Pós-graduação,Empregado (CLT),Analista de Negócios,Júnior,de R$ 3.001/mês a R$ 4.000/mês,de 1 a 2 anos,Menos de 1 ano,True,3500,-15.0,-52.0
35-39,Masculino,Branca,,Mestrado,Vivo fora do Brasil e trabalho para empresa de fora do Brasil,Engenheiro de Dados,Sênior,de R$ 30.001/mês a R$ 40.000/mês,de 5 a 6 anos,Mais de 10 anos,True,35000,,
35-39,Masculino,Branca,Sudeste,Pós-graduação,Empregado (CLT),Analista de BI,Pleno,de R$ 8.001/mês a R$ 12.000/mês,de 5 a 6 anos,Não tive experiência na área de TI/Engenharia de Software antes de começar a trabalhar na área de dados,False,10000,-20.0,-44.0
35-39,Masculino,Branca,Sudeste,Pós-graduação,Empregado (CLT),Analytics Engineer,Pleno,de R$ 4.001/mês a R$ 6.000/mês,de 3 a 4 anos,Não tive experiência na área de TI/Engenharia de Software antes de começar a trabalhar na área de dados,True,5000,-20.0,-44.0
35-39,Masculino,Parda,Sul,Pós-graduação,Empregado (CLT),Analista de Dados,Júnior,de R$ 3.001/mês a R$ 4.000/mês,de 3 a 4 anos,Não tive experiência na área de TI/Engenharia de Software antes de começar a trabalhar na área de dados,False,3500,-27.0,-51.0
35-39,Masculino,Branca,Sudeste,Pós-graduação,Empregado (CLT),Analista de Dados,Sênior,de R$ 8.001/mês a R$ 12.000/mês,de 3 a 4 anos,de 7 a 10 anos,True,10000,-20.0,-44.0
35-39,Masculino,Branca,Sul,Pós-graduação,Empregado (CLT),Cientista de Dados,Sênior,de R$ 12.001/mês a R$ 16.000/mês,de 7 a 10 anos,de 1 a 2 anos,True,14000,-27.0,-51.0
35-39,Masculino,Branca,Sudeste,Pós-graduação,Vivo no Brasil e trabalho remoto para empresa de fora do Brasil,Engenheiro de Dados,Sênior,Acima de R$ 40.001/mês,de 7 a 10 anos,Não tive experiência na área de TI/Engenharia de Software antes de começar a trabalhar na área de dados,True,45000,-20.0,-44.0
35-39,Masculino,Branca,Sudeste,Doutorado ou Phd,Empregado (CLT),Cientista de Dados,Sênior,de R$ 12.001/mês a R$ 16.000/mês,de 5 a 6 anos,Não tive experiência na área de TI/Engenharia de Software antes de começar a trabalhar na área de dados,True,14000,-20.0,-44.0
35-39,Masculino,Branca,Sudeste,Doutorado ou Phd,Empregado (CLT),Cientista de Dados,Sênior,de R$ 12.001/mês a R$ 16.000/mês,de 3 a 4 anos,Não tive experiência na área de TI/Engenharia de Software antes de começar a trabalhar na área de dados,True,14000,-20.0,-44.0
35-39,Masculino,Parda,Sudeste,Não tenho graduação formal,Empregado (CLT),Analista de BI,Pleno,de R$ 8.001/mês a R$ 12.000/mês,de 5 a 6 anos,Não tive experiência na área de TI/Engenharia de Software antes de começar a trabalhar na área de dados,True,10000,-20.0,-44.0
35-39,Masculino,Branca,Nordeste,Mestrado,Empregado (CLT),Engenheiro de Dados,Pleno,de R$ 12.001/mês a R$ 16.000/mês,de 5 a 6 anos,Não tive experiência na área de TI/Engenharia de Software antes de começar a trabalhar na área de dados,True,14000,-8.0,-38.0
35-39,Feminino,Parda,Sul,Pós-graduação,Empregado (CLT),Engenheiro de Dados,Pleno,de R$ 6.001/mês a R$ 8.000/mês,de 1 a 2 anos,Não tive experiência na área de TI/Engenharia de Software antes de começar a trabalhar na área de dados,False,7000,-27.0,-51.0
35-39,Masculino,Branca,Nordeste,Mestrado,Empregado (CLT),Cientista de Dados,Sênior,de R$ 12.001/mês a R$ 16.000/mês,de 7 a 10 anos,Não tive experiência na área de TI/Engenharia de Software antes de começar a trabalhar na área de dados,True,14000,-8.0,-38.0
35-39,Masculino,Parda,Sudeste,Graduação/Bacharelado,Empregado (CLT),Engenheiro de Dados,Sênior,de R$ 8.001/mês a R$ 12.000/mês,de 5 a 6 anos,Não tive experiência na área de TI/Engenharia de Software antes de começar a trabalhar na área de dados,True,10000,-20.0,-44.0
35-39,Masculino,Branca,Nordeste,Pós-graduação,Empregado (CLT),Engenheiro de Dados,Pleno,de R$ 6.001/mês a R$ 8.000/mês,de 3 a 4 anos,de 7 a 10 anos,True,7000,-8.0,-38.0
35-39,Feminino,Branca,Sudeste,Graduação/Bacharelado,Empregado (CLT),Analista de Negócios,Sênior,de R$ 12.001/mês a R$ 16.000/mês,de 7 a 10 anos,de 3 a 4 anos,True,14000,-20.0,-44.0
35-39,Masculino,Branca,Sul,Pós-graduação,Empregado (CLT),Analista de BI,Pleno,de R$ 6.001/mês a R$ 8.000/mês,de 5 a 6 anos,de 3 a 4 anos,False,7000,-27.0,-51.0
35-39,Feminino,Parda,Centro-oeste,Doutorado ou Phd,Empregado (CLT),Eng. Machine Learning,Sênior,de R$ 12.001/mês a R$ 16.000/mês,de 3 a 4 anos,Menos de 1 ano,True,14000,-15.0,-52.0
35-39,Masculino,Branca,Sudeste,Pós-graduação,Empregado (CLT),Product Manager,Pleno,de R$ 8.001/mês a R$ 12.000/mês,Menos de 1 ano,de 3 a 4 anos,True,10000,-20.0,-44.0
35-39,Masculino,Parda,Sudeste,Pós-graduação,Empregado (CLT),Analista de Negócios,Sênior,de R$ 8.001/mês a R$ 12.000/mês,de 1 a 2 anos,de 7 a 10 anos,True,10000,-20.0,-44.0
35-39,Feminino,Branca,Sudeste,Graduação/Bacharelado,Empregado (CLT),Analista de Dados,Sênior,de R$ 8.001/mês a R$ 12.000/mês,de 1 a 2 anos,Não tive experiência na área de TI/Engenharia de Software antes de começar a trabalhar na área de dados,True,10000,-20.0,-44.0
35-39,Masculino,Branca,Sul,Graduação/Bacharelado,Empregado (CLT),Eng. Machine Learning,Sênior,de R$ 16.001/mês a R$ 20.000/mês,de 5 a 6 anos,Não tive experiência na área de TI/Engenharia de Software antes de começar a trabalhar na área de dados,True,18000,-27.0,-51.0
35-39,Feminino,Branca,Sudeste,Pós-graduação,Empregado (CLT),Analista de Dados,Pleno,de R$ 6.001/mês a R$ 8.000/mês,de 3 a 4 anos,Não tive experiência na área de TI/Engenharia de Software antes de começar a trabalhar na área de dados,False,7000,-20.0,-44.0
35-39,Masculino,Branca,Sul,Graduação/Bacharelado,Empregado (CLT),Engenheiro de Dados,Sênior,de R$ 12.001/mês a R$ 16.000/mês,de 3 a 4 anos,Mais de 10 anos,True,14000,-27.0,-51.0
35-39,Feminino,Amarela,Sudeste,Pós-graduação,Empregado (CLT),Cientista de Dados,Sênior,de R$ 20.001/mês a R$ 25.000/mês,Mais de 10 anos,Mais de 10 anos,False,22500,-20.0,-44.0
35-39,Masculino,Parda,Sudeste,Mestrado,Empregado (CLT),Cientista de Dados,Sênior,de R$ 12.001/mês a R$ 16.000/mês,de 3 a 4 anos,Não tive experiência na área de TI/Engenharia de Software antes de começar a trabalhar na área de dados,True,14000,-20.0,-44.0
35-39,Masculino,Branca,Nordeste,Pós-graduação,Empregado (CLT),Analista de Dados,Pleno,de R$ 3.001/mês a R$ 4.000/mês,de 1 a 2 anos,Não tive experiência na área de TI/Engenharia de Software antes de começar a trabalhar na área de dados,False,3500,-8.0,-38.0
35-39,Masculino,Parda,Sudeste,Pós-graduação,Empregado (CLT),Analista de Dados,Pleno,de R$ 4.001/mês a R$ 6.000/mês,de 1 a 2 anos,de 5 a 6 anos,True,5000,-20.0,-44.0
35-39,Masculino,Parda,Sudeste,Estudante de Graduação,Empregado (CLT),Analista de Dados,Júnior,de R$ 3.001/mês a R$ 4.000/mês,de 1 a 2 anos,de 7 a 10 anos,True,3500,-20.0,-44.0
35-39,Masculino,Branca,,Pós-graduação,Vivo fora do Brasil e trabalho para empresa de fora do Brasil,Analista de Negócios,Sênior,de R$ 25.001/mês a R$ 30.000/mês,de 1 a 2 anos,Não tive experiência na área de TI/Engenharia de Software antes de começar a trabalhar na área de dados,False,27500,,
35-39,Masculino,Branca,Sul,Doutorado ou Phd,Empregado (CLT),Cientista de Dados,Sênior,de R$ 12.001/mês a R$ 16.000/mês,de 1 a 2 anos,Não tive experiência na área de TI/Engenharia de Software antes de começar a trabalhar na área de dados,True,14000,-27.0,-51.0
35-39,Feminino,Parda,Sudeste,Graduação/Bacharelado,Empregado (CLT),Engenheiro de Dados,Sênior,de R$ 8.001/mês a R$ 12.000/mês,de 3 a 4 anos,Não tive experiência na área de TI/Engenharia de Software antes de começar a trabalhar na área de dados,True,10000,-20.0,-44.0
35-39,Masculino,Preta,,Pós-graduação,Servidor Público,Outro,Júnior,de R$ 8.001/mês a R$ 12.000/mês,Não tenho experiência na área de dados,Menos de 1 ano,False,10000,,
35-39,Masculino,Branca,Sul,Pós-graduação,Vivo no Brasil e trabalho remoto para empresa de fora do Brasil,Eng. Machine Learning,Sênior,de R$ 20.001/mês a R$ 25.000/mês,de 7 a 10 anos,de 7 a 10 anos,True,22500,-27.0,-51.0
35-39,Masculino,Parda,Sudeste,Pós-graduação,Empregado (CLT),Analytics Engineer,Sênior,de R$ 12.001/mês a R$ 16.000/mês,Mais de 10 anos,de 1 a 2 anos,True,14000,-20.0,-44.0
35-39,Masculino,Parda,Sudeste,Mestrado,Vivo no Brasil e trabalho remoto para empresa de fora do Brasil,Eng. Machine Learning,Sênior,de R$ 20.001/mês a R$ 25.000/mês,de 5 a 6 anos,Menos de 1 ano,True,22500,-20.0,-44.0
35-39,Masculino,Branca,Sudeste,Graduação/Bacharelado,Empregado (CLT),Analista de Dados,Pleno,de R$ 4.001/mês a R$ 6.000/mês,de 3 a 4 anos,de 5 a 6 anos,False,5000,-20.0,-44.0
35-39,Masculino,Parda,Sudeste,Pós-graduação,Empreendedor ou Empregado (CNPJ),Analista de Dados,Pleno,de R$ 12.001/mês a R$ 16.000/mês,de 5 a 6 anos,Menos de 1 ano,True,14000,-20.0,-44.0
35-39,Masculino,Branca,Sul,Graduação/Bacharelado,Empregado (CLT),Product Manager,Sênior,de R$ 8.001/mês a R$ 12.000/mês,de 3 a 4 anos,Menos de 1 ano,True,10000,-27.0,-51.0
35-39,Masculino,Branca,Sul,Pós-graduação,Empregado (CLT),Engenheiro de Dados,Sênior,de R$ 12.001/mês a R$ 16.000/mês,Mais de 10 anos,Mais de 10 anos,False,14000,-27.0,-51.0
35-39,Feminino,Branca,Sul,Mestrado,Empregado (CLT),Product Manager,Sênior,de R$ 12.001/mês a R$ 16.000/mês,de 3 a 4 anos,Não tive experiência na área de TI/Engenharia de Software antes de começar a trabalhar na área de dados,True,14000,-27.0,-51.0
35-39,Masculino,Parda,Sul,Pós-graduação,Empregado (CLT),Analista de BI,Sênior,de R$ 8.001/mês a R$ 12.000/mês,de 5 a 6 anos,de 1 a 2 anos,True,10000,-27.0,-51.0
35-39,Masculino,Parda,Sudeste,Pós-graduação,Empregado (CLT),Analytics Engineer,Sênior,de R$ 16.001/mês a R$ 20.000/mês,Mais de 10 anos,Não tive experiência na área de TI/Engenharia de Software antes de começar a trabalhar na área de dados,True,18000,-20.0,-44.0
35-39,Masculino,Branca,Sul,Pós-graduação,Empregado (CLT),Engenheiro de Dados,Sênior,de R$ 12.001/mês a R$ 16.000/mês,de 7 a 10 anos,de 5 a 6 anos,True,14000,-27.0,-51.0
35-39,Masculino,Parda,Nordeste,Pós-graduação,Empregado (CLT),Engenheiro de Dados,Sênior,de R$ 8.001/mês a R$ 12.000/mês,de 5 a 6 anos,de 1 a 2 anos,True,10000,-8.0,-38.0
35-39,Masculino,Branca,Sul,Pós-graduação,Empregado (CLT),Engenheiro de Dados,Sênior,de R$ 12.001/mês a R$ 16.000/mês,de 3 a 4 anos,de 5 a 6 anos,True,14000,-27.0,-51.0
35-39,Masculino,Branca,Sul,Pós-graduação,Empregado (CLT),Analista de Negócios,Sênior,de R$ 6.001/mês a R$ 8.000/mês,Mais de 10 anos,Mais de 10 anos,True,7000,-27.0,-51.0
35-39,Feminino,Parda,Sul,Pós-graduação,Empregado (CLT),Analista de Dados,Pleno,de R$ 8.001/mês a R$ 12.000/mês,de 5 a 6 anos,Menos de 1 ano,True,10000,-27.0,-51.0
35-39,Masculino,Branca,Sudeste,Pós-graduação,Empregado (CLT),Analista de Dados,Sênior,de R$ 6.001/mês a R$ 8.000/mês,de 1 a 2 anos,Não tive experiência na área de TI/Engenharia de Software antes de começar a trabalhar na área de dados,False,7000,-20.0,-44.0
35-39,Masculino,Branca,Nordeste,Pós-graduação,Empregado (CLT),Analista de BI,Sênior,de R$ 12.001/mês a R$ 16.000/mês,de 3 a 4 anos,Não tive experiência na área de TI/Engenharia de Software antes de começar a trabalhar na área de dados,True,14000,-8.0,-38.0
35-39,Masculino,Branca,Sudeste,Graduação/Bacharelado,Empregado (CLT),Outro,Pleno,de R$ 6.001/mês a R$ 8.000/mês,Não tenho experiência na área de dados,de 5 a 6 anos,False,7000,-20.0,-44.0
35-39,Masculino,Branca,Sudeste,Mestrado,Empregado (CLT),Analista de Dados,Pleno,de R$ 4.001/mês a R$ 6.000/mês,de 1 a 2 anos,Não tive experiência na área de TI/Engenharia de Software antes de começar a trabalhar na área de dados,True,5000,-20.0,-44.0
35-39,Feminino,Branca,Sul,Pós-graduação,Empregado (CLT),Engenheiro de Dados,Pleno,de R$ 4.001/mês a R$ 6.000/mês,de 1 a 2 anos,Não tive experiência na área de TI/Engenharia de Software antes de começar a trabalhar na área de dados,False,5000,-27.0,-51.0
35-39,Feminino,Branca,Sul,Mestrado,Empregado (CLT),Analytics Engineer,Sênior,de R$ 8.001/mês a R$ 12.000/mês,de 3 a 4 anos,Não tive experiência na área de TI/Engenharia de Software antes de começar a trabalhar na área de dados,False,10000,-27.0,-51.0
35-39,Masculino,Branca,Sudeste,Doutorado ou Phd,Empregado (CLT),Outro,Sênior,de R$ 6.001/mês a R$ 8.000/mês,de 1 a 2 anos,Não tive experiência na área de TI/Engenharia de Software antes de começar a trabalhar na área de dados,True,7000,-20.0,-44.0
35-39,Masculino,Branca,Nordeste,Graduação/Bacharelado,Empreendedor ou Empregado (CNPJ),Engenheiro de Dados,Pleno,de R$ 12.001/mês a R$ 16.000/mês,de 1 a 2 anos,de 1 a 2 anos,False,14000,-8.0,-38.0
35-39,Feminino,Branca,Sudeste,Graduação/Bacharelado,Empregado (CLT),Analista de Dados,Júnior,de R$ 3.001/mês a R$ 4.000/mês,Menos de 1 ano,Menos de 1 ano,True,3500,-20.0,-44.0
35-39,Masculino,Parda,Sul,Graduação/Bacharelado,Empregado (CLT),Engenheiro de Dados,Sênior,de R$ 8.001/mês a R$ 12.000/mês,de 3 a 4 anos,Mais de 10 anos,False,10000,-27.0,-51.0
35-39,Masculino,Branca,Sul,Graduação/Bacharelado,Empregado (CLT),Analista de Dados,Sênior,de R$ 12.001/mês a R$ 16.000/mês,Mais de 10 anos,de 5 a 6 anos,True,14000,-27.0,-51.0
35-39,Masculino,Branca,Sudeste,Pós-graduação,Empregado (CLT),Arquiteto de Dados,Sênior,de R$ 25.001/mês a R$ 30.000/mês,Mais de 10 anos,Menos de 1 ano,True,27500,-20.0,-44.0
35-39,Feminino,Parda,Sudeste,Mestrado,Empregado (CLT),Cientista de Dados,Sênior,de R$ 12.001/mês a R$ 16.000/mês,de 7 a 10 anos,Não tive experiência na área de TI/Engenharia de Software antes de começar a trabalhar na área de dados,False,14000,-20.0,-44.0
35-39,Masculino,Branca,Sudeste,Graduação/Bacharelado,Empreendedor ou Empregado (CNPJ),Outro,Júnior,de R$ 3.001/mês a R$ 4.000/mês,Não tenho experiência na área de dados,de 3 a 4 anos,False,3500,-20.0,-44.0
35-39,Masculino,Branca,Sudeste,Pós-graduação,Empregado (CLT),Desenvolvedor,Sênior,de R$ 30.001/mês a R$ 40.000/mês,de 5 a 6 anos,Mais de 10 anos,True,35000,-20.0,-44.0
35-39,Masculino,Parda,Sudeste,Graduação/Bacharelado,Empregado (CLT),Eng. Machine Learning,Sênior,de R$ 16.001/mês a R$ 20.000/mês,Mais de 10 anos,Mais de 10 anos,True,18000,-20.0,-44.0
35-39,Masculino,Branca,Centro-oeste,Estudante de Graduação,Empregado (CLT),Cientista de Dados,Júnior,de R$ 6.001/mês a R$ 8.000/mês,Menos de 1 ano,Não tive experiência na área de TI/Engenharia de Software antes de começar a trabalhar na área de dados,True,7000,-15.0,-52.0
35-39,Masculino,Preta,,Pós-graduação,Servidor Público,Outro,Júnior,de R$ 8.001/mês a R$ 12.000/mês,Não tenho experiência na área de dados,Menos de 1 ano,False,10000,,
35-39,Feminino,Parda,Centro-oeste,Mestrado,Empregado (CLT),Analista de Dados,Pleno,de R$ 8.001/mês a R$ 12.000/mês,de 5 a 6 anos,Não tive experiência na área de TI/Engenharia de Software antes de começar a trabalhar na área de dados,False,10000,-15.0,-52.0
35-39,Masculino,Parda,Sudeste,Graduação/Bacharelado,Empregado (CLT),Engenheiro de Dados,Pleno,de R$ 8.001/mês a R$ 12.000/mês,de 3 a 4 anos,Não tive experiência na área de TI/Engenharia de Software antes de começar a trabalhar na área de dados,True,10000,-20.0,-44.0
35-39,Masculino,Parda,Sudeste,Graduação/Bacharelado,Empregado (CLT),Engenheiro de Dados,Pleno,de R$ 6.001/mês a R$ 8.000/mês,de 3 a 4 anos,Não tive experiência na área de TI/Engenharia de Software antes de começar a trabalhar na área de dados,True,7000,-20.0,-44.0
35-39,Masculino,Branca,Nordeste,Graduação/Bacharelado,Empregado (CLT),Outro,Júnior,de R$ 2.001/mês a R$ 3.000/mês,Menos de 1 ano,Não tive experiência na área de TI/Engenharia de Software antes de começar a trabalhar na área de dados,False,2500,-8.0,-38.0
35-39,Masculino,Branca,,Graduação/Bacharelado,Vivo fora do Brasil e trabalho para empresa de fora do Brasil,Eng. Machine Learning,Pleno,de R$ 25.001/mês a R$ 30.000/mês,de 3 a 4 anos,de 3 a 4 anos,False,27500,,
35-39,Masculino,Branca,Sudeste,Mestrado,Empregado (CLT),Cientista de Dados,Sênior,de R$ 12.001/mês a R$ 16.000/mês,de 5 a 6 anos,Menos de 1 ano,False,14000,-20.0,-44.0
35-39,Feminino,Branca,,Pós-graduação,Empregado (CLT),Analista de BI,Júnior,de R$ 4.001/mês a R$ 6.000/mês,de 3 a 4 anos,Não tive experiência na área de TI/Engenharia de Software antes de começar a trabalhar na área de dados,False,5000,,
35-39,Masculino,Branca,Sudeste,Graduação/Bacharelado,Empregado (CLT),Analista de Negócios,Sênior,de R$ 8.001/mês a R$ 12.000/mês,de 7 a 10 anos,Não tive experiência na área de TI/Engenharia de Software antes de começar a trabalhar na área de dados,False,10000,-20.0,-44.0
35-39,Masculino,Branca,Norte,Graduação/Bacharelado,Empreendedor ou Empregado (CNPJ),Engenheiro de Dados,Júnior,de R$ 3.001/mês a R$ 4.000/mês,de 1 a 2 anos,Menos de 1 ano,True,3500,-5.0,-60.0
35-39,Feminino,Branca,Sudeste,Graduação/Bacharelado,Desempregado e não estou buscando recolocação,Analista de Negócios,Sênior,de R$ 8.001/mês a R$ 12.000/mês,de 1 a 2 anos,Não tive experiência na área de TI/Engenharia de Software antes de começar a trabalhar na área de dados,False,10000,-20.0,-44.0
35-39,Masculino,Branca,Sudeste,Graduação/Bacharelado,Empregado (CLT),Cientista de Dados,Pleno,de R$ 8.001/mês a R$ 12.000/mês,de 3 a 4 anos,Não tive experiência na área de TI/Engenharia de Software antes de começar a trabalhar na área de dados,True,10000,-20.0,-44.0
35-39,Masculino,Amarela,Norte,Graduação/Bacharelado,Empregado (CLT),Engenheiro de Dados,Sênior,de R$ 8.001/mês a R$ 12.000/mês,de 5 a 6 anos,de 1 a 2 anos,True,10000,-5.0,-60.0
35-39,Masculino,Amarela,Sudeste,Mestrado,Empregado (CLT),Cientista de Dados,Pleno,de R$ 8.001/mês a R$ 12.000/mês,de 5 a 6 anos,de 1 a 2 anos,False,10000,-20.0,-44.0
35-39,Masculino,Parda,Sul,Estudante de Graduação,Empregado (CLT),Analista de BI,Pleno,de R$ 4.001/mês a R$ 6.000/mês,de 1 a 2 anos,Não tive experiência na área de TI/Engenharia de Software antes de começar a trabalhar na área de dados,True,5000,-27.0,-51.0
35-39,Masculino,Branca,Sudeste,Pós-graduação,Empregado (CLT),Cientista de Dados,Sênior,de R$ 16.001/mês a R$ 20.000/mês,de 3 a 4 anos,Não tive experiência na área de TI/Engenharia de Software antes de começar a trabalhar na área de dados,True,18000,-20.0,-44.0
35-39,Masculino,Branca,Sudeste,Pós-graduação,Empregado (CLT),Analista de BI,Sênior,de R$ 6.001/mês a R$ 8.000/mês,de 1 a 2 anos,Não tive experiência na área de TI/Engenharia de Software antes de começar a trabalhar na área de dados,False,7000,-20.0,-44.0
35-39,Masculino,Branca,Sudeste,Mestrado,Empreendedor ou Empregado (CNPJ),Cientista de Dados,Sênior,de R$ 20.001/mês a R$ 25.000/mês,Mais de 10 anos,Não tive experiência na área de TI/Engenharia de Software antes de começar a trabalhar na área de dados,False,22500,-20.0,-44.0
35-39,Masculino,Branca,Sudeste,Graduação/Bacharelado,Empregado (CLT),Analista de Dados,Pleno,de R$ 3.001/mês a R$ 4.000/mês,de 1 a 2 anos,Menos de 1 ano,False,3500,-20.0,-44.0
35-39,Masculino,Parda,Sudeste,Pós-graduação,Empreendedor ou Empregado (CNPJ),Analista de Dados,Pleno,de R$ 8.001/mês a R$ 12.000/mês,de 3 a 4 anos,Não tive experiência na área de TI/Engenharia de Software antes de começar a trabalhar na área de dados,True,10000,-20.0,-44.0
35-39,Masculino,Parda,Sudeste,Pós-graduação,Empregado (CLT),Eng. Machine Learning,Pleno,de R$ 6.001/mês a R$ 8.000/mês,de 3 a 4 anos,Não tive experiência na área de TI/Engenharia de Software antes de começar a trabalhar na área de dados,True,7000,-20.0,-44.0
35-39,Masculino,Branca,Sudeste,Pós-graduação,Empregado (CLT),Analista de Dados,Pleno,de R$ 8.001/mês a R$ 12.000/mês,de 3 a 4 anos,Não tive experiência na área de TI/Engenharia de Software antes de começar a trabalhar na área de dados,True,10000,-20.0,-44.0
35-39,Feminino,Branca,Sudeste,Pós-graduação,Empregado (CLT),Cientista de Dados,Júnior,de R$ 6.001/mês a R$ 8.000/mês,Menos de 1 ano,de 1 a 2 anos,True,7000,-20.0,-44.0
35-39,Masculino,Branca,Sul,Mestrado,Empregado (CLT),Cientista de Dados,Pleno,de R$ 8.001/mês a R$ 12.000/mês,Mais de 10 anos,Não tive experiência na área de TI/Engenharia de Software antes de começar a trabalhar na área de dados,True,10000,-27.0,-51.0
35-39,Feminino,Branca,Sudeste,Graduação/Bacharelado,Empregado (CLT),Analista de Dados,Sênior,de R$ 8.001/mês a R$ 12.000/mês,Mais de 10 anos,Não tive experiência na área de TI/Engenharia de Software antes de começar a trabalhar na área de dados,True,10000,-20.0,-44.0
35-39,Masculino,Parda,Sul,Doutorado ou Phd,Empregado (CLT),Eng. Machine Learning,Pleno,de R$ 12.001/mês a R$ 16.000/mês,de 5 a 6 anos,Mais de 10 anos,True,14000,-27.0,-51.0
35-39,Masculino,Parda,Sudeste,Pós-graduação,Empregado (CLT),Cientista de Dados,Sênior,de R$ 8.001/mês a R$ 12.000/mês,de 3 a 4 anos,Não tive experiência na área de TI/Engenharia de Software antes de começar a trabalhar na área de dados,False,10000,-20.0,-44.0
35-39,Feminino,Branca,Nordeste,Pós-graduação,Empregado (CLT),Outro,Júnior,de R$ 1.001/mês a R$ 2.000/mês,Não tenho experiência na área de dados,Não tive experiência na área de TI/Engenharia de Software antes de começar a trabalhar na área de dados,False,1500,-8.0,-38.0
35-39,Masculino,Branca,Sudeste,Graduação/Bacharelado,Empregado (CLT),Engenheiro de Dados,Sênior,de R$ 20.001/mês a R$ 25.000/mês,de 5 a 6 anos,Não tive experiência na área de TI/Engenharia de Software antes de começar a trabalhar na área de dados,True,22500,-20.0,-44.0
35-39,Feminino,Branca,Norte,Pós-graduação,Servidor Público,Product Manager,Pleno,de R$ 12.001/mês a R$ 16.000/mês,de 5 a 6 anos,Menos de 1 ano,False,14000,-5.0,-60.0
35-39,Feminino,Branca,Sudeste,Mestrado,Empreendedor ou Empregado (CNPJ),Analytics Engineer,Sênior,de R$ 12.001/mês a R$ 16.000/mês,de 5 a 6 anos,Não tive experiência na área de TI/Engenharia de Software antes de começar a trabalhar na área de dados,True,14000,-20.0,-44.0
35-39,Feminino,Branca,Sudeste,Pós-graduação,Servidor Público,Outro,Sênior,de R$ 6.001/mês a R$ 8.000/mês,Não tenho experiência na área de dados,Não tive experiência na área de TI/Engenharia de Software antes de começar a trabalhar na área de dados,False,7000,-20.0,-44.0
35-39,Feminino,Branca,Sudeste,Mestrado,Empregado (CLT),Outro,Júnior,de R$ 6.001/mês a R$ 8.000/mês,Menos de 1 ano,Não tive experiência na área de TI/Engenharia de Software antes de começar a trabalhar na área de dados,True,7000,-20.0,-44.0
35-39,Masculino,Parda,Centro-oeste,Pós-graduação,Empregado (CLT),Analista de BI,Sênior,de R$ 8.001/mês a R$ 12.000/mês,de 5 a 6 anos,Não tive experiência na área de TI/Engenharia de Software antes de começar a trabalhar na área de dados,True,10000,-15.0,-52.0
35-39,Feminino,Parda,Sudeste,Pós-graduação,Empregado (CLT),Analista de BI,Sênior,de R$ 8.001/mês a R$ 12.000/mês,de 1 a 2 anos,Menos de 1 ano,True,10000,-20.0,-44.0
35-39,Masculino,Parda,Sudeste,Pós-graduação,Empregado (CLT),Cientista de Dados,Pleno,de R$ 8.001/mês a R$ 12.000/mês,de 5 a 6 anos,Não tive experiência na área de TI/Engenharia de Software antes de começar a trabalhar na área de dados,False,10000,-20.0,-44.0
35-39,Feminino,Parda,Sul,Estudante de Graduação,Estagiário,Desenvolvedor,Júnior,de R$ 2.001/mês a R$ 3.000/mês,de 1 a 2 anos,Menos de 1 ano,False,2500,-27.0,-51.0
35-39,Masculino,Branca,Sul,Pós-graduação,Empregado (CLT),Analista de Dados,Pleno,de R$ 4.001/mês a R$ 6.000/mês,de 3 a 4 anos,Não tive experiência na área de TI/Engenharia de Software antes de começar a trabalhar na área de dados,False,5000,-27.0,-51.0
35-39,Masculino,Branca,Sudeste,Pós-graduação,Empregado (CLT),Analista de Dados,Sênior,de R$ 6.001/mês a R$ 8.000/mês,de 3 a 4 anos,Não tive experiência na área de TI/Engenharia de Software antes de começar a trabalhar na área de dados,True,7000,-20.0,-44.0
35-39,Masculino,Branca,Sudeste,Mestrado,Empregado (CLT),Cientista de Dados,Sênior,de R$ 8.001/mês a R$ 12.000/mês,de 5 a 6 anos,de 7 a 10 anos,False,10000,-20.0,-44.0
35-39,Masculino,Parda,Sudeste,Não tenho graduação formal,Empregado (CLT),Engenheiro de Dados,Pleno,de R$ 4.001/mês a R$ 6.000/mês,de 3 a 4 anos,Não tive experiência na área de TI/Engenharia de Software antes de começar a trabalhar na área de dados,False,5000,-20.0,-44.0
35-39,Masculino,Parda,Sudeste,Graduação/Bacharelado,Empregado (CLT),Analista de Dados,Pleno,de R$ 20.001/mês a R$ 25.000/mês,de 3 a 4 anos,Não tive experiência na área de TI/Engenharia de Software antes de começar a trabalhar na área de dados,True,22500,-20.0,-44.0
35-39,Masculino,Parda,Sudeste,Pós-graduação,Prefiro não informar,Outro,Júnior,de R$ 8.001/mês a R$ 12.000/mês,Não tenho experiência na área de dados,de 5 a 6 anos,True,10000,-20.0,-44.0
35-39,Masculino,Branca,Sul,Pós-graduação,Empregado (CLT),Engenheiro de Dados,Sênior,de R$ 12.001/mês a R$ 16.000/mês,Mais de 10 anos,Mais de 10 anos,False,14000,-27.0,-51.0
35-39,Masculino,Branca,Sudeste,Pós-graduação,Empregado (CLT),Engenheiro de Dados,Sênior,de R$ 16.001/mês a R$ 20.000/mês,de 7 a 10 anos,de 3 a 4 anos,True,18000,-20.0,-44.0
35-39,Feminino,Branca,Sul,Graduação/Bacharelado,Empregado (CLT),Analista de Negócios,Júnior,de R$ 3.001/mês a R$ 4.000/mês,Menos de 1 ano,Não tive experiência na área de TI/Engenharia de Software antes de começar a trabalhar na área de dados,False,3500,-27.0,-51.0
35-39,Masculino,Parda,,Graduação/Bacharelado,Vivo fora do Brasil e trabalho para empresa de fora do Brasil,Eng. Machine Learning,Pleno,de R$ 30.001/mês a R$ 40.000/mês,de 7 a 10 anos,de 1 a 2 anos,True,35000,,
35-39,Masculino,Branca,Sudeste,Pós-graduação,Empregado (CLT),Engenheiro de Dados,Sênior,de R$ 30.001/mês a R$ 40.000/mês,de 5 a 6 anos,Mais de 10 anos,True,35000,-20.0,-44.0
35-39,Feminino,Branca,Sudeste,Estudante de Graduação,Empreendedor ou Empregado (CNPJ),Engenheiro de Dados,Sênior,de R$ 20.001/mês a R$ 25.000/mês,de 5 a 6 anos,Não tive experiência na área de TI/Engenharia de Software antes de começar a trabalhar na área de dados,True,22500,-20.0,-44.0
35-39,Masculino,Preta,Sudeste,Mestrado,Empregado (CLT),Engenheiro de Dados,Sênior,de R$ 20.001/mês a R$ 25.000/mês,Mais de 10 anos,de 7 a 10 anos,False,22500,-20.0,-44.0
35-39,Masculino,Amarela,,Graduação/Bacharelado,Empregado (CLT),Engenheiro de Dados,Sênior,de R$ 20.001/mês a R$ 25.000/mês,de 7 a 10 anos,Não tive experiência na área de TI/Engenharia de Software antes de começar a trabalhar na área de dados,False,22500,,
35-39,Feminino,Branca,Centro-oeste,Pós-graduação,Empregado (CLT),Analista de BI,Sênior,de R$ 12.001/mês a R$ 16.000/mês,Mais de 10 anos,Não tive experiência na área de TI/Engenharia de Software antes de começar a trabalhar na área de dados,False,14000,-15.0,-52.0
35-39,Masculino,Prefiro não informar,Sudeste,Graduação/Bacharelado,Empregado (CLT),Estatístico,Júnior,de R$ 4.001/mês a R$ 6.000/mês,de 1 a 2 anos,Não tive experiência na área de TI/Engenharia de Software antes de começar a trabalhar na área de dados,True,5000,-20.0,-44.0
35-39,Feminino,Amarela,Sul,Pós-graduação,Empregado (CLT),Analista de BI,Pleno,de R$ 6.001/mês a R$ 8.000/mês,de 3 a 4 anos,Não tive experiência na área de TI/Engenharia de Software antes de começar a trabalhar na área de dados,True,7000,-27.0,-51.0
35-39,Masculino,Branca,Sul,Mestrado,Empregado (CLT),Outras Engenharias,Pleno,de R$ 12.001/mês a R$ 16.000/mês,de 7 a 10 anos,Não tive experiência na área de TI/Engenharia de Software antes de começar a trabalhar na área de dados,True,14000,-27.0,-51.0
35-39,Masculino,Branca,,Mestrado,Vivo fora do Brasil e trabalho para empresa de fora do Brasil,Cientista de Dados,Sênior,Acima de R$ 40.001/mês,Mais de 10 anos,de 1 a 2 anos,True,45000,,
35-39,Masculino,Parda,Sudeste,Graduação/Bacharelado,Empregado (CLT),Engenheiro de Dados,Sênior,de R$ 8.001/mês a R$ 12.000/mês,de 7 a 10 anos,Mais de 10 anos,True,10000,-20.0,-44.0
35-39,Masculino,Branca,Sul,Estudante de Graduação,Empreendedor ou Empregado (CNPJ),Engenheiro de Dados,Pleno,de R$ 16.001/mês a R$ 20.000/mês,de 5 a 6 anos,de 7 a 10 anos,True,18000,-27.0,-51.0
35-39,Masculino,Branca,Sudeste,Pós-graduação,Empregado (CLT),Analista de Negócios,Sênior,de R$ 12.001/mês a R$ 16.000/mês,Mais de 10 anos,Menos de 1 ano,False,14000,-20.0,-44.0
35-39,Masculino,Branca,Sul,Pós-graduação,Empregado (CLT),Engenheiro de Dados,Sênior,de R$ 12.001/mês a R$ 16.000/mês,Mais de 10 anos,Não tive experiência na área de TI/Engenharia de Software antes de começar a trabalhar na área de dados,True,14000,-27.0,-51.0
35-39,Masculino,Branca,Sul,Estudante de Graduação,Empregado (CLT),Analista de Dados,Júnior,de R$ 4.001/mês a R$ 6.000/mês,Menos de 1 ano,Não tive experiência na área de TI/Engenharia de Software antes de começar a trabalhar na área de dados,True,5000,-27.0,-51.0
35-39,Masculino,Parda,Centro-oeste,Graduação/Bacharelado,Empregado (CLT),Analista de BI,Pleno,de R$ 4.001/mês a R$ 6.000/mês,de 1 a 2 anos,de 1 a 2 anos,True,5000,-15.0,-52.0
35-39,Masculino,Parda,Centro-oeste,Graduação/Bacharelado,Empregado (CLT),Analista de BI,Pleno,de R$ 4.001/mês a R$ 6.000/mês,de 1 a 2 anos,de 1 a 2 anos,True,5000,-15.0,-52.0
35-39,Masculino,Parda,Sudeste,Graduação/Bacharelado,Empregado (CLT),Analista de BI,Pleno,de R$ 8.001/mês a R$ 12.000/mês,de 3 a 4 anos,Não tive experiência na área de TI/Engenharia de Software antes de começar a trabalhar na área de dados,False,10000,-20.0,-44.0
35-39,Feminino,Branca,Sudeste,Mestrado,Empregado (CLT),Eng. Machine Learning,Sênior,de R$ 8.001/mês a R$ 12.000/mês,de 5 a 6 anos,de 5 a 6 anos,True,10000,-20.0,-44.0
35-39,Masculino,Branca,Sul,Doutorado ou Phd,Empregado (CLT),Analista de BI,Sênior,de R$ 8.001/mês a R$ 12.000/mês,de 3 a 4 anos,Não tive experiência na área de TI/Engenharia de Software antes de começar a trabalhar na área de dados,True,10000,-27.0,-51.0
35-39,Masculino,Branca,Sudeste,Estudante de Graduação,Empregado (CLT),Analista de Negócios,Júnior,de R$ 6.001/mês a R$ 8.000/mês,de 5 a 6 anos,de 1 a 2 anos,False,7000,-20.0,-44.0
35-39,Masculino,Parda,Nordeste,Graduação/Bacharelado,Empregado (CLT),Analista de Dados,Sênior,de R$ 8.001/mês a R$ 12.000/mês,de 7 a 10 anos,de 1 a 2 anos,False,10000,-8.0,-38.0
35-39,Feminino,Amarela,Sudeste,Graduação/Bacharelado,Empregado (CLT),Analista de Dados,Pleno,de R$ 8.001/mês a R$ 12.000/mês,de 1 a 2 anos,de 1 a 2 anos,True,10000,-20.0,-44.0
35-39,Feminino,Branca,Sudeste,Graduação/Bacharelado,Empregado (CLT),Analista de Dados,Pleno,de R$ 6.001/mês a R$ 8.000/mês,de 3 a 4 anos,Não tive experiência na área de TI/Engenharia de Software antes de começar a trabalhar na área de dados,False,7000,-20.0,-44.0
35-39,Masculino,Branca,Sudeste,Pós-graduação,Empregado (CLT),Analytics Engineer,Sênior,de R$ 12.001/mês a R$ 16.000/mês,de 7 a 10 anos,de 3 a 4 anos,False,14000,-20.0,-44.0
35-39,Feminino,Branca,Sul,Pós-graduação,Empregado (CLT),Analista de Dados,Sênior,de R$ 12.001/mês a R$ 16.000/mês,de 5 a 6 anos,Não tive experiência na área de TI/Engenharia de Software antes de começar a trabalhar na área de dados,True,14000,-27.0,-51.0
35-39,Masculino,Branca,Sul,Pós-graduação,Empregado (CLT),Analista de Negócios,Sênior,de R$ 16.001/mês a R$ 20.000/mês,de 5 a 6 anos,Não tive experiência na área de TI/Engenharia de Software antes de começar a trabalhar na área de dados,False,18000,-27.0,-51.0
35-39,Feminino,Preta,,Pós-graduação,Empregado (CLT),Eng. Machine Learning,Pleno,de R$ 12.001/mês a R$ 16.000/mês,de 3 a 4 anos,de 7 a 10 anos,True,14000,,
35-39,Masculino,Branca,Sul,Doutorado ou Phd,Empregado (CLT),Cientista de Dados,Sênior,de R$ 16.001/mês a R$ 20.000/mês,de 3 a 4 anos,de 3 a 4 anos,True,18000,-27.0,-51.0
35-39,Masculino,Branca,Sul,Pós-graduação,Empregado (CLT),Analista de Negócios,Sênior,de R$ 16.001/mês a R$ 20.000/mês,de 5 a 6 anos,de 3 a 4 anos,False,18000,-27.0,-51.0
35-39,Masculino,Branca,,Graduação/Bacharelado,Vivo fora do Brasil e trabalho para empresa de fora do Brasil,Outro,Júnior,de R$ 12.001/mês a R$ 16.000/mês,Menos de 1 ano,de 5 a 6 anos,False,14000,,
35-39,Masculino,Parda,Centro-oeste,Pós-graduação,Empregado (CLT),Product Manager,Pleno,de R$ 4.001/mês a R$ 6.000/mês,de 3 a 4 anos,de 3 a 4 anos,True,5000,-15.0,-52.0
35-39,Masculino,Branca,Sudeste,Mestrado,Empregado (CLT),Cientista de Dados,Sênior,de R$ 16.001/mês a R$ 20.000/mês,de 3 a 4 anos,de 1 a 2 anos,True,18000,-20.0,-44.0
35-39,Feminino,Preta,Nordeste,Pós-graduação,Empregado (CLT),Analytics Engineer,Sênior,de R$ 12.001/mês a R$ 16.000/mês,Mais de 10 anos,de 1 a 2 anos,True,14000,-8.0,-38.0
35-39,Masculino,Branca,Sudeste,Graduação/Bacharelado,Empregado (CLT),Analista de Dados,Sênior,de R$ 6.001/mês a R$ 8.000/mês,de 5 a 6 anos,de 3 a 4 anos,True,7000,-20.0,-44.0
35-39,Masculino,Branca,Sudeste,Pós-graduação,Empregado (CLT),Cientista de Dados,Pleno,de R$ 6.001/mês a R$ 8.000/mês,Menos de 1 ano,Mais de 10 anos,True,7000,-20.0,-44.0
35-39,Masculino,Branca,Sudeste,Mestrado,Empregado (CLT),Cientista de Dados,Pleno,de R$ 8.001/mês a R$ 12.000/mês,de 3 a 4 anos,Não tive experiência na área de TI/Engenharia de Software antes de começar a trabalhar na área de dados,False,10000,-20.0,-44.0
35-39,Masculino,Branca,Sudeste,Graduação/Bacharelado,Empreendedor ou Empregado (CNPJ),Analista de BI,Pleno,de R$ 8.001/mês a R$ 12.000/mês,de 1 a 2 anos,Mais de 10 anos,False,10000,-20.0,-44.0
35-39,Masculino,Parda,Sudeste,Graduação/Bacharelado,Empregado (CLT),Analista de Dados,Pleno,de R$ 8.001/mês a R$ 12.000/mês,de 3 a 4 anos,de 3 a 4 anos,True,10000,-20.0,-44.0
35-39,Masculino,Parda,Sudeste,Pós-graduação,Empregado (CLT),Analista de Dados,Pleno,de R$ 4.001/mês a R$ 6.000/mês,de 3 a 4 anos,Não tive experiência na área de TI/Engenharia de Software antes de começar a trabalhar na área de dados,True,5000,-20.0,-44.0
35-39,Masculino,Branca,Sudeste,Pós-graduação,Empregado (CLT),Analista de Dados,Sênior,de R$ 8.001/mês a R$ 12.000/mês,Mais de 10 anos,Não tive experiência na área de TI/Engenharia de Software antes de começar a trabalhar na área de dados,True,10000,-20.0,-44.0
35-39,Masculino,Amarela,Norte,Graduação/Bacharelado,Empreendedor ou Empregado (CNPJ),Analista de Dados,Sênior,de R$ 8.001/mês a R$ 12.000/mês,de 7 a 10 anos,Menos de 1 ano,True,10000,-5.0,-60.0
35-39,Masculino,Branca,Sul,Pós-graduação,Vivo fora do Brasil e trabalho para empresa de fora do Brasil,Engenheiro de Dados,Sênior,de R$ 30.001/mês a R$ 40.000/mês,de 5 a 6 anos,Mais de 10 anos,True,35000,-27.0,-51.0
35-39,Masculino,Branca,Sul,Doutorado ou Phd,Empregado (CLT),Cientista de Dados,Pleno,de R$ 12.001/mês a R$ 16.000/mês,de 3 a 4 anos,Não tive experiência na área de TI/Engenharia de Software antes de começar a trabalhar na área de dados,False,14000,-27.0,-51.0
35-39,Feminino,Branca,Nordeste,Graduação/Bacharelado,Empregado (CLT),Outro,Sênior,de R$ 16.001/mês a R$ 20.000/mês,de 7 a 10 anos,Não tive experiência na área de TI/Engenharia de Software antes de começar a trabalhar na área de dados,True,18000,-8.0,-38.0
35-39,Feminino,Parda,Sudeste,Mestrado,Empregado (CLT),Product Manager,Sênior,de R$ 12.001/mês a R$ 16.000/mês,de 3 a 4 anos,de 3 a 4 anos,True,14000,-20.0,-44.0
35-39,Feminino,Parda,Sudeste,Pós-graduação,Empregado (CLT),Cientista de Dados,Sênior,de R$ 8.001/mês a R$ 12.000/mês,Mais de 10 anos,Não tive experiência na área de TI/Engenharia de Software antes de começar a trabalhar na área de dados,False,10000,-20.0,-44.0
35-39,Masculino,Branca,Sul,Estudante de Graduação,Empregado (CLT),Analista de BI,Pleno,de R$ 4.001/mês a R$ 6.000/mês,de 7 a 10 anos,de 3 a 4 anos,True,5000,-27.0,-51.0
35-39,Masculino,Branca,Sudeste,Estudante de Graduação,Estagiário,Analista de Dados,Júnior,de R$ 2.001/mês a R$ 3.000/mês,Menos de 1 ano,Não tive experiência na área de TI/Engenharia de Software antes de começar a trabalhar na área de dados,True,2500,-20.0,-44.0
35-39,Masculino,Branca,Sudeste,Pós-graduação,Empregado (CLT),Analista de Dados,Sênior,de R$ 8.001/mês a R$ 12.000/mês,de 3 a 4 anos,Não tive experiência na área de TI/Engenharia de Software antes de começar a trabalhar na área de dados,True,10000,-20.0,-44.0
35-39,Feminino,Outra,,Pós-graduação,Vivo fora do Brasil e trabalho para empresa de fora do Brasil,Outro,Pleno,de R$ 3.001/mês a R$ 4.000/mês,de 1 a 2 anos,Não tive experiência na área de TI/Engenharia de Software antes de começar a trabalhar na área de dados,False,3500,,
35-39,Masculino,Branca,Sul,Graduação/Bacharelado,Empregado (CLT),Desenvolvedor,Sênior,de R$ 6.001/mês a R$ 8.000/mês,de 7 a 10 anos,de 7 a 10 anos,True,7000,-27.0,-51.0
35-39,Masculino,Branca,Sudeste,Pós-graduação,Empregado (CLT),Product Manager,Sênior,de R$ 8.001/mês a R$ 12.000/mês,de 3 a 4 anos,Não tive experiência na área de TI/Engenharia de Software antes de começar a trabalhar na área de dados,True,10000,-20.0,-44.0
35-39,Feminino,Parda,Sudeste,Pós-graduação,Empregado (CLT),Cientista de Dados,Pleno,de R$ 6.001/mês a R$ 8.000/mês,de 1 a 2 anos,Não tive experiência na área de TI/Engenharia de Software antes de começar a trabalhar na área de dados,True,7000,-20.0,-44.0
35-39,Masculino,Parda,Sudeste,Graduação/Bacharelado,Empregado (CLT),Analista de Dados,Pleno,de R$ 6.001/mês a R$ 8.000/mês,de 3 a 4 anos,Não tive experiência na área de TI/Engenharia de Software antes de começar a trabalhar na área de dados,True,7000,-20.0,-44.0
35-39,Masculino,Branca,Sul,Pós-graduação,Empregado (CLT),Analista de Dados,Sênior,de R$ 12.001/mês a R$ 16.000/mês,Mais de 10 anos,Não tive experiência na área de TI/Engenharia de Software antes de começar a trabalhar na área de dados,True,14000,-27.0,-51.0
35-39,Masculino,Branca,Sudeste,Pós-graduação,Empregado (CLT),Analista de Dados,Sênior,de R$ 12.001/mês a R$ 16.000/mês,de 5 a 6 anos,Menos de 1 ano,True,14000,-20.0,-44.0
35-39,Masculino,Branca,Sudeste,Doutorado ou Phd,Empregado (CLT),Cientista de Dados,Sênior,de R$ 12.001/mês a R$ 16.000/mês,de 1 a 2 anos,de 5 a 6 anos,True,14000,-20.0,-44.0
35-39,Masculino,Branca,Sudeste,Graduação/Bacharelado,Empregado (CLT),Analista de Negócios,Sênior,de R$ 8.001/mês a R$ 12.000/mês,de 7 a 10 anos,de 3 a 4 anos,True,10000,-20.0,-44.0
35-39,Masculino,Branca,Sudeste,Doutorado ou Phd,Empregado (CLT),Cientista de Dados,Sênior,de R$ 12.001/mês a R$ 16.000/mês,de 3 a 4 anos,de 3 a 4 anos,True,14000,-20.0,-44.0
35-39,Masculino,Branca,Centro-oeste,Graduação/Bacharelado,Empregado (CLT),Engenheiro de Dados,Júnior,de R$ 2.001/mês a R$ 3.000/mês,Não tenho experiência na área de dados,Não tive experiência na área de TI/Engenharia de Software antes de começar a trabalhar na área de dados,True,2500,-15.0,-52.0
35-39,Masculino,Branca,Sul,Estudante de Graduação,Empregado (CLT),Analista de Dados,Júnior,de R$ 4.001/mês a R$ 6.000/mês,de 3 a 4 anos,de 3 a 4 anos,True,5000,-27.0,-51.0
35-39,Masculino,Branca,Sul,Pós-graduação,Empregado (CLT),Desenvolvedor,Sênior,de R$ 8.001/mês a R$ 12.000/mês,Mais de 10 anos,Mais de 10 anos,True,10000,-27.0,-51.0
35-39,Masculino,Amarela,Centro-oeste,Pós-graduação,Empregado (CLT),Engenheiro de Dados,Sênior,de R$ 8.001/mês a R$ 12.000/mês,de 3 a 4 anos,de 5 a 6 anos,True,10000,-15.0,-52.0
35-39,Feminino,Parda,Sudeste,Pós-graduação,Empregado (CLT),Outro,Sênior,de R$ 8.001/mês a R$ 12.000/mês,de 1 a 2 anos,Não tive experiência na área de TI/Engenharia de Software antes de começar a trabalhar na área de dados,True,10000,-20.0,-44.0
35-39,Masculino,Branca,Sudeste,Pós-graduação,Empregado (CLT),Outras Engenharias,Pleno,de R$ 16.001/mês a R$ 20.000/mês,de 5 a 6 anos,Menos de 1 ano,True,18000,-20.0,-44.0
35-39,Masculino,Branca,Sul,Graduação/Bacharelado,Empregado (CLT),Desenvolvedor,Pleno,de R$ 8.001/mês a R$ 12.000/mês,Não tenho experiência na área de dados,Mais de 10 anos,True,10000,-27.0,-51.0
35-39,Masculino,Branca,Sudeste,Pós-graduação,Empregado (CLT),Product Manager,Sênior,de R$ 16.001/mês a R$ 20.000/mês,de 5 a 6 anos,de 3 a 4 anos,True,18000,-20.0,-44.0
35-39,Feminino,Branca,Sudeste,Mestrado,Empregado (CLT),Analytics Engineer,Sênior,de R$ 12.001/mês a R$ 16.000/mês,Mais de 10 anos,Não tive experiência na área de TI/Engenharia de Software antes de começar a trabalhar na área de dados,False,14000,-20.0,-44.0
35-39,Feminino,Branca,Sudeste,Graduação/Bacharelado,Empregado (CLT),Engenheiro de Dados,Pleno,de R$ 6.001/mês a R$ 8.000/mês,de 3 a 4 anos,de 3 a 4 anos,False,7000,-20.0,-44.0
35-39,Masculino,Branca,Sul,Graduação/Bacharelado,Empregado (CLT),Engenheiro de Dados,Sênior,de R$ 8.001/mês a R$ 12.000/mês,Mais de 10 anos,Menos de 1 ano,True,10000,-27.0,-51.0
35-39,Masculino,Branca,Sudeste,Pós-graduação,Empregado (CLT),Analytics Engineer,Sênior,de R$ 16.001/mês a R$ 20.000/mês,de 7 a 10 anos,de 5 a 6 anos,True,18000,-20.0,-44.0
35-39,Masculino,Preta,Sudeste,Graduação/Bacharelado,Empregado (CLT),Analytics Engineer,Sênior,de R$ 8.001/mês a R$ 12.000/mês,de 7 a 10 anos,de 5 a 6 anos,False,10000,-20.0,-44.0
35-39,Masculino,Parda,Nordeste,Mestrado,Empregado (CLT),Eng. Machine Learning,Sênior,de R$ 12.001/mês a R$ 16.000/mês,de 3 a 4 anos,Não tive experiência na área de TI/Engenharia de Software antes de começar a trabalhar na área de dados,True,14000,-8.0,-38.0
35-39,Masculino,Parda,Sudeste,Pós-graduação,Empregado (CLT),Desenvolvedor,Sênior,de R$ 16.001/mês a R$ 20.000/mês,Não tenho experiência na área de dados,Mais de 10 anos,True,18000,-20.0,-44.0
35-39,Masculino,Parda,Sudeste,Pós-graduação,Empregado (CLT),Analista de Negócios,Pleno,de R$ 6.001/mês a R$ 8.000/mês,de 1 a 2 anos,Não tive experiência na área de TI/Engenharia de Software antes de começar a trabalhar na área de dados,True,7000,-20.0,-44.0
35-39,Masculino,Branca,Sudeste,Pós-graduação,Empregado (CLT),Outro,Pleno,de R$ 6.001/mês a R$ 8.000/mês,de 1 a 2 anos,de 1 a 2 anos,False,7000,-20.0,-44.0
35-39,Masculino,Branca,Sul,Pós-graduação,Empregado (CLT),Desenvolvedor,Sênior,de R$ 12.001/mês a R$ 16.000/mês,de 5 a 6 anos,de 7 a 10 anos,True,14000,-27.0,-51.0
35-39,Masculino,Branca,Sudeste,Doutorado ou Phd,Empregado (CLT),Cientista de Dados,Pleno,de R$ 12.001/mês a R$ 16.000/mês,de 5 a 6 anos,Não tive experiência na área de TI/Engenharia de Software antes de começar a trabalhar na área de dados,False,14000,-20.0,-44.0
35-39,Masculino,Branca,Sul,Pós-graduação,Empregado (CLT),Eng. Machine Learning,Sênior,de R$ 8.001/mês a R$ 12.000/mês,de 7 a 10 anos,de 5 a 6 anos,False,10000,-27.0,-51.0
35-39,Masculino,Branca,Sudeste,Graduação/Bacharelado,Empregado (CLT),Engenheiro de Dados,Sênior,de R$ 12.001/mês a R$ 16.000/mês,de 7 a 10 anos,Mais de 10 anos,True,14000,-20.0,-44.0
35-39,Masculino,Parda,Nordeste,Doutorado ou Phd,Estagiário,Engenheiro de Dados,Pleno,Menos de R$ 1.000/mês,de 1 a 2 anos,Não tive experiência na área de TI/Engenharia de Software antes de começar a trabalhar na área de dados,False,500,-8.0,-38.0
35-39,Feminino,Parda,Centro-oeste,Pós-graduação,Servidor Público,Analista de BI,Júnior,de R$ 2.001/mês a R$ 3.000/mês,Menos de 1 ano,Não tive experiência na área de TI/Engenharia de Software antes de começar a trabalhar na área de dados,False,2500,-15.0,-52.0
35-39,Masculino,Preta,Sudeste,Pós-graduação,Empregado (CLT),Analista de Suporte,Pleno,de R$ 4.001/mês a R$ 6.000/mês,Não tenho experiência na área de dados,Mais de 10 anos,True,5000,-20.0,-44.0
35-39,Masculino,Branca,Nordeste,Pós-graduação,Servidor Público,Cientista de Dados,Sênior,de R$ 25.001/mês a R$ 30.000/mês,de 3 a 4 anos,Não tive experiência na área de TI/Engenharia de Software antes de começar a trabalhar na área de dados,True,27500,-8.0,-38.0
35-39,Masculino,Branca,Nordeste,Pós-graduação,Empregado (CLT),Engenheiro de Dados,Pleno,de R$ 8.001/mês a R$ 12.000/mês,de 3 a 4 anos,Não tive experiência na área de TI/Engenharia de Software antes de começar a trabalhar na área de dados,True,10000,-8.0,-38.0
35-39,Feminino,Branca,Sul,Doutorado ou Phd,Servidor Público,Cientista de Dados,Pleno,de R$ 12.001/mês a R$ 16.000/mês,de 3 a 4 anos,de 5 a 6 anos,True,14000,-27.0,-51.0
35-39,Masculino,Branca,Sul,Mestrado,Empregado (CLT),Analista de BI,Pleno,de R$ 6.001/mês a R$ 8.000/mês,de 3 a 4 anos,de 1 a 2 anos,True,7000,-27.0,-51.0
35-39,Masculino,Branca,Centro-oeste,Pós-graduação,Empreendedor ou Empregado (CNPJ),Desenvolvedor,Pleno,de R$ 6.001/mês a R$ 8.000/mês,de 1 a 2 anos,de 1 a 2 anos,True,7000,-15.0,-52.0
35-39,Feminino,Branca,Sudeste,Mestrado,Empregado (CLT),Cientista de Dados,Sênior,de R$ 8.001/mês a R$ 12.000/mês,de 7 a 10 anos,Não tive experiência na área de TI/Engenharia de Software antes de começar a trabalhar na área de dados,False,10000,-20.0,-44.0
35-39,Masculino,Branca,Sul,Graduação/Bacharelado,Empreendedor ou Empregado (CNPJ),Engenheiro de Dados,Júnior,de R$ 3.001/mês a R$ 4.000/mês,Menos de 1 ano,Não tive experiência na área de TI/Engenharia de Software antes de começar a trabalhar na área de dados,True,3500,-27.0,-51.0
35-39,Feminino,Parda,Sudeste,Graduação/Bacharelado,Empregado (CLT),Analista de Negócios,Sênior,de R$ 12.001/mês a R$ 16.000/mês,de 7 a 10 anos,Não tive experiência na área de TI/Engenharia de Software antes de começar a trabalhar na área de dados,True,14000,-20.0,-44.0
35-39,Masculino,Branca,Sudeste,Não tenho graduação formal,Servidor Público,Outro,Júnior,de R$ 6.001/mês a R$ 8.000/mês,Menos de 1 ano,Não tive experiência na área de TI/Engenharia de Software antes de começar a trabalhar na área de dados,False,7000,-20.0,-44.0
35-39,Masculino,Branca,Sudeste,Não tenho graduação formal,Servidor Público,Outro,Júnior,de R$ 6.001/mês a R$ 8.000/mês,Não tenho experiência na área de dados,Não tive experiência na área de TI/Engenharia de Software antes de começar a trabalhar na área de dados,False,7000,-20.0,-44.0
35-39,Masculino,Parda,Centro-oeste,Pós-graduação,Empreendedor ou Empregado (CNPJ),Cientista de Dados,Pleno,de R$ 12.001/mês a R$ 16.000/mês,de 3 a 4 anos,de 7 a 10 anos,False,14000,-15.0,-52.0
35-39,Feminino,Parda,Sudeste,Pós-graduação,Empregado (CLT),Analista de Dados,Júnior,de R$ 4.001/mês a R$ 6.000/mês,de 1 a 2 anos,de 1 a 2 anos,True,5000,-20.0,-44.0
35-39,Feminino,Branca,Sudeste,Doutorado ou Phd,Empregado (CLT),Outro,Sênior,de R$ 12.001/mês a R$ 16.000/mês,de 7 a 10 anos,Não tive experiência na área de TI/Engenharia de Software antes de começar a trabalhar na área de dados,False,14000,-20.0,-44.0
35-39,Feminino,Amarela,Sul,Pós-graduação,Empregado (CLT),Analista de BI,Pleno,de R$ 6.001/mês a R$ 8.000/mês,de 3 a 4 anos,Não tive experiência na área de TI/Engenharia de Software antes de começar a trabalhar na área de dados,True,7000,-27.0,-51.0
35-39,Feminino,Branca,Sudeste,Graduação/Bacharelado,Empregado (CLT),Analista de Negócios,Sênior,de R$ 8.001/mês a R$ 12.000/mês,Mais de 10 anos,Não tive experiência na área de TI/Engenharia de Software antes de começar a trabalhar na área de dados,True,10000,-20.0,-44.0
35-39,Feminino,Branca,Sudeste,Mestrado,Empreendedor ou Empregado (CNPJ),Analista de BI,Pleno,de R$ 4.001/mês a R$ 6.000/mês,de 1 a 2 anos,Não tive experiência na área de TI/Engenharia de Software antes de começar a trabalhar na área de dados,False,5000,-20.0,-44.0
35-39,Feminino,Branca,Sudeste,Pós-graduação,Empregado (CLT),Analista de Dados,Pleno,de R$ 8.001/mês a R$ 12.000/mês,de 7 a 10 anos,Não tive experiência na área de TI/Engenharia de Software antes de começar a trabalhar na área de dados,True,10000,-20.0,-44.0
35-39,Masculino,Parda,Sudeste,Mestrado,Servidor Público,Desenvolvedor,Sênior,de R$ 12.001/mês a R$ 16.000/mês,de 7 a 10 anos,Não tive experiência na área de TI/Engenharia de Software antes de começar a trabalhar na área de dados,True,14000,-20.0,-44.0
35-39,Masculino,Branca,Sudeste,Graduação/Bacharelado,Empregado (CLT),Cientista de Dados,Sênior,de R$ 16.001/mês a R$ 20.000/mês,de 3 a 4 anos,Não tive experiência na área de TI/Engenharia de Software antes de começar a trabalhar na área de dados,True,18000,-20.0,-44.0
35-39,Feminino,Branca,Sudeste,Pós-graduação,Empregado (CLT),Desenvolvedor,Sênior,de R$ 16.001/mês a R$ 20.000/mês,de 1 a 2 anos,de 7 a 10 anos,True,18000,-20.0,-44.0
35-39,Feminino,Branca,Sudeste,Mestrado,Empregado (CLT),Analytics Engineer,Sênior,de R$ 12.001/mês a R$ 16.000/mês,de 7 a 10 anos,Não tive experiência na área de TI/Engenharia de Software antes de começar a trabalhar na área de dados,False,14000,-20.0,-44.0
35-39,Masculino,Branca,Sudeste,Pós-graduação,Empregado (CLT),Analista de Dados,Sênior,de R$ 16.001/mês a R$ 20.000/mês,de 7 a 10 anos,Não tive experiência na área de TI/Engenharia de Software antes de começar a trabalhar na área de dados,True,18000,-20.0,-44.0
35-39,Masculino,Branca,,Pós-graduação,Vivo fora do Brasil e trabalho para empresa de fora do Brasil,Engenheiro de Dados,Sênior,de R$ 16.001/mês a R$ 20.000/mês,Mais de 10 anos,de 5 a 6 anos,True,18000,,
35-39,Masculino,Parda,Nordeste,Estudante de Graduação,Empregado (CLT),Analista de Dados,Pleno,de R$ 6.001/mês a R$ 8.000/mês,de 3 a 4 anos,Não tive experiência na área de TI/Engenharia de Software antes de começar a trabalhar na área de dados,False,7000,-8.0,-38.0
35-39,Masculino,Parda,Sudeste,Mestrado,Empregado (CLT),Desenvolvedor,Sênior,Acima de R$ 40.001/mês,de 1 a 2 anos,de 7 a 10 anos,False,45000,-20.0,-44.0
35-39,Feminino,Amarela,Sudeste,Graduação/Bacharelado,Empregado (CLT),Engenheiro de Dados,Pleno,de R$ 8.001/mês a R$ 12.000/mês,de 5 a 6 anos,Não tive experiência na área de TI/Engenharia de Software antes de começar a trabalhar na área de dados,True,10000,-20.0,-44.0
35-39,Masculino,Parda,Sudeste,Mestrado,Empregado (CLT),Cientista de Dados,Sênior,de R$ 16.001/mês a R$ 20.000/mês,de 7 a 10 anos,Não tive experiência na área de TI/Engenharia de Software antes de começar a trabalhar na área de dados,False,18000,-20.0,-44.0
35-39,Masculino,Branca,Sul,Pós-graduação,Empregado (CLT),Engenheiro de Dados,Sênior,de R$ 12.001/mês a R$ 16.000/mês,Mais de 10 anos,Mais de 10 anos,True,14000,-27.0,-51.0
35-39,Feminino,Branca,Sudeste,Pós-graduação,Empregado (CLT),Analista de Dados,Júnior,de R$ 6.001/mês a R$ 8.000/mês,de 1 a 2 anos,Não tive experiência na área de TI/Engenharia de Software antes de começar a trabalhar na área de dados,True,7000,-20.0,-44.0
35-39,Masculino,Branca,Sul,Mestrado,Empregado (CLT),Analista de Dados,Sênior,de R$ 6.001/mês a R$ 8.000/mês,Mais de 10 anos,Não tive experiência na área de TI/Engenharia de Software antes de começar a trabalhar na área de dados,False,7000,-27.0,-51.0
35-39,Masculino,Branca,Sudeste,Graduação/Bacharelado,Empregado (CLT),Analista de Dados,Pleno,de R$ 4.001/mês a R$ 6.000/mês,de 1 a 2 anos,Não tive experiência na área de TI/Engenharia de Software antes de começar a trabalhar na área de dados,True,5000,-20.0,-44.0
35-39,Masculino,Branca,Sudeste,Graduação/Bacharelado,Empregado (CLT),Analista de Negócios,Pleno,de R$ 6.001/mês a R$ 8.000/mês,Não tenho experiência na área de dados,Não tive experiência na área de TI/Engenharia de Software antes de começar a trabalhar na área de dados,False,7000,-20.0,-44.0
35-39,Feminino,Branca,Sul,Doutorado ou Phd,Empregado (CLT),Cientista de Dados,Pleno,de R$ 6.001/mês a R$ 8.000/mês,de 1 a 2 anos,de 3 a 4 anos,True,7000,-27.0,-51.0
35-39,Masculino,Branca,Sudeste,Graduação/Bacharelado,Empregado (CLT),Analista de Dados,Pleno,de R$ 6.001/mês a R$ 8.000/mês,de 3 a 4 anos,Não tive experiência na área de TI/Engenharia de Software antes de começar a trabalhar na área de dados,True,7000,-20.0,-44.0
35-39,Masculino,Parda,Sudeste,Pós-graduação,Empregado (CLT),Desenvolvedor,Sênior,de R$ 20.001/mês a R$ 25.000/mês,Mais de 10 anos,de 7 a 10 anos,False,22500,-20.0,-44.0
35-39,Masculino,Branca,Nordeste,Pós-graduação,Empregado (CLT),Analista de BI,Pleno,de R$ 4.001/mês a R$ 6.000/mês,de 3 a 4 anos,Não tive experiência na área de TI/Engenharia de Software antes de começar a trabalhar na área de dados,False,5000,-8.0,-38.0
35-39,Feminino,Branca,Sudeste,Doutorado ou Phd,Empreendedor ou Empregado (CNPJ),Cientista de Dados,Sênior,de R$ 8.001/mês a R$ 12.000/mês,de 5 a 6 anos,Não tive experiência na área de TI/Engenharia de Software antes de começar a trabalhar na área de dados,True,10000,-20.0,-44.0
35-39,Feminino,Branca,Sul,Doutorado ou Phd,Empregado (CLT),Cientista de Dados,Pleno,de R$ 4.001/mês a R$ 6.000/mês,de 5 a 6 anos,Não tive experiência na área de TI/Engenharia de Software antes de começar a trabalhar na área de dados,True,5000,-27.0,-51.0
35-39,Masculino,Branca,Nordeste,Graduação/Bacharelado,Empregado (CLT),Analista de Dados,Sênior,de R$ 8.001/mês a R$ 12.000/mês,de 3 a 4 anos,de 7 a 10 anos,True,10000,-8.0,-38.0
35-39,Feminino,Branca,Sudeste,Mestrado,Empregado (CLT),Product Manager,Sênior,de R$ 12.001/mês a R$ 16.000/mês,de 1 a 2 anos,Mais de 10 anos,True,14000,-20.0,-44.0
35-39,Masculino,Branca,Nordeste,Graduação/Bacharelado,Empreendedor ou Empregado (CNPJ),Analista de Dados,Pleno,de R$ 6.001/mês a R$ 8.000/mês,de 3 a 4 anos,de 7 a 10 anos,True,7000,-8.0,-38.0
35-39,Masculino,Branca,Sudeste,Pós-graduação,Empreendedor ou Empregado (CNPJ),Engenheiro de Dados,Sênior,de R$ 12.001/mês a R$ 16.000/mês,de 3 a 4 anos,Não tive experiência na área de TI/Engenharia de Software antes de começar a trabalhar na área de dados,True,14000,-20.0,-44.0
35-39,Feminino,Branca,Sudeste,Graduação/Bacharelado,Empregado (CLT),Outro,Sênior,de R$ 12.001/mês a R$ 16.000/mês,Mais de 10 anos,Não tive experiência na área de TI/Engenharia de Software antes de começar a trabalhar na área de dados,True,14000,-20.0,-44.0
35-39,Feminino,Branca,Sul,Mestrado,Empregado (CLT),Analista de Dados,Sênior,de R$ 8.001/mês a R$ 12.000/mês,de 3 a 4 anos,Não tive experiência na área de TI/Engenharia de Software antes de começar a trabalhar na área de dados,True,10000,-27.0,-51.0
35-39,Feminino,Branca,Sul,Pós-graduação,Empregado (CLT),Product Manager,Sênior,de R$ 16.001/mês a R$ 20.000/mês,de 1 a 2 anos,de 7 a 10 anos,True,18000,-27.0,-51.0
35-39,Feminino,Amarela,Sudeste,Doutorado ou Phd,Empregado (CLT),Cientista de Dados,Pleno,de R$ 8.001/mês a R$ 12.000/mês,de 3 a 4 anos,Não tive experiência na área de TI/Engenharia de Software antes de começar a trabalhar na área de dados,True,10000,-20.0,-44.0
35-39,Masculino,Parda,Sudeste,Doutorado ou Phd,Empregado (CLT),Cientista de Dados,Pleno,de R$ 8.001/mês a R$ 12.000/mês,de 3 a 4 anos,Não tive experiência na área de TI/Engenharia de Software antes de começar a trabalhar na área de dados,False,10000,-20.0,-44.0
35-39,Masculino,Branca,Sudeste,Estudante de Graduação,Empregado (CLT),Engenheiro de Dados,Júnior,de R$ 3.001/mês a R$ 4.000/mês,de 3 a 4 anos,de 3 a 4 anos,False,3500,-20.0,-44.0
35-39,Feminino,Branca,Sudeste,Mestrado,Empregado (CLT),Analista de Dados,Pleno,de R$ 4.001/mês a R$ 6.000/mês,de 3 a 4 anos,Não tive experiência na área de TI/Engenharia de Software antes de começar a trabalhar na área de dados,False,5000,-20.0,-44.0
35-39,Masculino,Branca,Sudeste,Pós-graduação,Empregado (CLT),Engenheiro de Dados,Pleno,de R$ 4.001/mês a R$ 6.000/mês,de 3 a 4 anos,Mais de 10 anos,True,5000,-20.0,-44.0
35-39,Feminino,Branca,Sul,Estudante de Graduação,Estagiário,Analista de Dados,Júnior,de R$ 1.001/mês a R$ 2.000/mês,Menos de 1 ano,de 3 a 4 anos,True,1500,-27.0,-51.0
35-39,Masculino,Branca,Sul,Pós-graduação,Empregado (CLT),Desenvolvedor,Sênior,de R$ 12.001/mês a R$ 16.000/mês,de 1 a 2 anos,de 7 a 10 anos,True,14000,-27.0,-51.0
35-39,Masculino,Branca,Nordeste,Pós-graduação,Empregado (CLT),Analista de Suporte,Sênior,de R$ 2.001/mês a R$ 3.000/mês,de 3 a 4 anos,Não tive experiência na área de TI/Engenharia de Software antes de começar a trabalhar na área de dados,False,2500,-8.0,-38.0
35-39,Feminino,Parda,Sul,Pós-graduação,Empregado (CLT),Analista de Dados,Júnior,de R$ 6.001/mês a R$ 8.000/mês,de 1 a 2 anos,Não tive experiência na área de TI/Engenharia de Software antes de começar a trabalhar na área de dados,False,7000,-27.0,-51.0
35-39,Feminino,Parda,Sudeste,Pós-graduação,Empregado (CLT),Analista de Dados,Pleno,de R$ 8.001/mês a R$ 12.000/mês,de 3 a 4 anos,Não tive experiência na área de TI/Engenharia de Software antes de começar a trabalhar na área de dados,True,10000,-20.0,-44.0
35-39,Masculino,Branca,Sul,Pós-graduação,Vivo no Brasil e trabalho remoto para empresa de fora do Brasil,Engenheiro de Dados,Sênior,de R$ 16.001/mês a R$ 20.000/mês,Mais de 10 anos,de 7 a 10 anos,True,18000,-27.0,-51.0
35-39,Masculino,Preta,Sudeste,Graduação/Bacharelado,Vivo no Brasil e trabalho remoto para empresa de fora do Brasil,Desenvolvedor,Sênior,de R$ 30.001/mês a R$ 40.000/mês,Não tenho experiência na área de dados,Não tive experiência na área de TI/Engenharia de Software antes de começar a trabalhar na área de dados,True,35000,-20.0,-44.0
35-39,Feminino,Branca,Sudeste,Doutorado ou Phd,Empregado (CLT),Analista de Dados,Sênior,de R$ 12.001/mês a R$ 16.000/mês,Mais de 10 anos,Não tive experiência na área de TI/Engenharia de Software antes de começar a trabalhar na área de dados,True,14000,-20.0,-44.0
35-39,Masculino,Branca,Nordeste,Pós-graduação,Empregado (CLT),Analista de Dados,Júnior,de R$ 4.001/mês a R$ 6.000/mês,de 3 a 4 anos,Não tive experiência na área de TI/Engenharia de Software antes de começar a trabalhar na área de dados,True,5000,-8.0,-38.0
35-39,Masculino,Branca,Sudeste,Pós-graduação,Empregado (CLT),Outro,Sênior,de R$ 16.001/mês a R$ 20.000/mês,Mais de 10 anos,Menos de 1 ano,False,18000,-20.0,-44.0
35-39,Masculino,Parda,Sudeste,Pós-graduação,Empregado (CLT),Engenheiro de Dados,Sênior,de R$ 16.001/mês a R$ 20.000/mês,de 5 a 6 anos,de 1 a 2 anos,True,18000,-20.0,-44.0
35-39,Feminino,Branca,Sudeste,Graduação/Bacharelado,Empregado (CLT),Analista de Negócios,Sênior,de R$ 8.001/mês a R$ 12.000/mês,Menos de 1 ano,de 3 a 4 anos,False,10000,-20.0,-44.0
35-39,Feminino,Branca,Sudeste,Graduação/Bacharelado,Empregado (CLT),Analista de Negócios,Sênior,de R$ 8.001/mês a R$ 12.000/mês,Menos de 1 ano,de 3 a 4 anos,False,10000,-20.0,-44.0
35-39,Masculino,Branca,Sudeste,Mestrado,Empregado (CLT),Eng. Machine Learning,Sênior,de R$ 8.001/mês a R$ 12.000/mês,de 5 a 6 anos,de 7 a 10 anos,False,10000,-20.0,-44.0
35-39,Masculino,Parda,Sudeste,Doutorado ou Phd,Empregado (CLT),Cientista de Dados,Sênior,de R$ 8.001/mês a R$ 12.000/mês,Mais de 10 anos,Não tive experiência na área de TI/Engenharia de Software antes de começar a trabalhar na área de dados,True,10000,-20.0,-44.0
35-39,Feminino,Branca,Sudeste,Pós-graduação,Empregado (CLT),Engenheiro de Dados,Sênior,de R$ 12.001/mês a R$ 16.000/mês,Mais de 10 anos,Não tive experiência na área de TI/Engenharia de Software antes de começar a trabalhar na área de dados,True,14000,-20.0,-44.0
35-39,Masculino,Branca,Sudeste,Mestrado,Empregado (CLT),Cientista de Dados,Pleno,de R$ 8.001/mês a R$ 12.000/mês,Mais de 10 anos,Não tive experiência na área de TI/Engenharia de Software antes de começar a trabalhar na área de dados,True,10000,-20.0,-44.0
35-39,Masculino,Branca,Sudeste,Graduação/Bacharelado,Empregado (CLT),Analista de BI,Sênior,de R$ 8.001/mês a R$ 12.000/mês,de 5 a 6 anos,de 7 a 10 anos,False,10000,-20.0,-44.0
35-39,Masculino,Parda,Sudeste,Pós-graduação,Empregado (CLT),Engenheiro de Dados,Sênior,de R$ 12.001/mês a R$ 16.000/mês,de 5 a 6 anos,de 1 a 2 anos,True,14000,-20.0,-44.0
35-39,Feminino,Branca,Sudeste,Doutorado ou Phd,Empregado (CLT),Cientista de Dados,Sênior,de R$ 20.001/mês a R$ 25.000/mês,Mais de 10 anos,Não tive experiência na área de TI/Engenharia de Software antes de começar a trabalhar na área de dados,True,22500,-20.0,-44.0
35-39,Masculino,Branca,Sudeste,Graduação/Bacharelado,Empregado (CLT),Estatístico,Sênior,de R$ 8.001/mês a R$ 12.000/mês,de 7 a 10 anos,Não tive experiência na área de TI/Engenharia de Software antes de começar a trabalhar na área de dados,True,10000,-20.0,-44.0
35-39,Masculino,Preta,Sul,Graduação/Bacharelado,Estagiário,Product Manager,Júnior,de R$ 1.001/mês a R$ 2.000/mês,Menos de 1 ano,Não tive experiência na área de TI/Engenharia de Software antes de começar a trabalhar na área de dados,True,1500,-27.0,-51.0
35-39,Masculino,Branca,Sudeste,Pós-graduação,Vivo no Brasil e trabalho remoto para empresa de fora do Brasil,Engenheiro de Dados,Sênior,Acima de R$ 40.001/mês,de 7 a 10 anos,Mais de 10 anos,True,45000,-20.0,-44.0
35-39,Masculino,Parda,Centro-oeste,Doutorado ou Phd,Empregado (CLT),Cientista de Dados,Sênior,de R$ 8.001/mês a R$ 12.000/mês,de 7 a 10 anos,de 1 a 2 anos,True,10000,-15.0,-52.0
35-39,Feminino,Branca,Sul,Graduação/Bacharelado,Empregado (CLT),Analista de Negócios,Sênior,de R$ 8.001/mês a R$ 12.000/mês,Mais de 10 anos,Não tive experiência na área de TI/Engenharia de Software antes de começar a trabalhar na área de dados,True,10000,-27.0,-51.0
35-39,Masculino,Branca,Sul,Pós-graduação,Vivo no Brasil e trabalho remoto para empresa de fora do Brasil,Outro,Sênior,de R$ 12.001/mês a R$ 16.000/mês,Não tenho experiência na área de dados,Não tive experiência na área de TI/Engenharia de Software antes de começar a trabalhar na área de dados,True,14000,-27.0,-51.0
35-39,Feminino,Branca,Sudeste,Doutorado ou Phd,Empregado (CLT),Analista de Dados,Júnior,de R$ 4.001/mês a R$ 6.000/mês,de 1 a 2 anos,Não tive experiência na área de TI/Engenharia de Software antes de começar a trabalhar na área de dados,True,5000,-20.0,-44.0
35-39,Masculino,Parda,Sudeste,Pós-graduação,Empregado (CLT),Analista de Dados,Pleno,de R$ 8.001/mês a R$ 12.000/mês,de 5 a 6 anos,Não tive experiência na área de TI/Engenharia de Software antes de começar a trabalhar na área de dados,False,10000,-20.0,-44.0
35-39,Masculino,Preta,Sudeste,Pós-graduação,Empregado (CLT),Engenheiro de Dados,Sênior,de R$ 16.001/mês a R$ 20.000/mês,Mais de 10 anos,Não tive experiência na área de TI/Engenharia de Software antes de começar a trabalhar na área de dados,True,18000,-20.0,-44.0
35-39,Feminino,Branca,Sudeste,Graduação/Bacharelado,Empregado (CLT),Analista de Dados,Sênior,de R$ 12.001/mês a R$ 16.000/mês,de 5 a 6 anos,de 3 a 4 anos,False,14000,-20.0,-44.0
35-39,Masculino,Branca,Sudeste,Pós-graduação,Empregado (CLT),Engenheiro de Dados,Sênior,de R$ 16.001/mês a R$ 20.000/mês,Mais de 10 anos,de 3 a 4 anos,True,18000,-20.0,-44.0
35-39,Feminino,Branca,Sudeste,Pós-graduação,Empreendedor ou Empregado (CNPJ),Analista de BI,Sênior,de R$ 4.001/mês a R$ 6.000/mês,de 7 a 10 anos,de 3 a 4 anos,False,5000,-20.0,-44.0
35-39,Feminino,Branca,Sudeste,Doutorado ou Phd,Empregado (CLT),Cientista de Dados,Sênior,de R$ 16.001/mês a R$ 20.000/mês,de 5 a 6 anos,Não tive experiência na área de TI/Engenharia de Software antes de começar a trabalhar na área de dados,True,18000,-20.0,-44.0
35-39,Masculino,Parda,Sul,Pós-graduação,Empreendedor ou Empregado (CNPJ),Analista de BI,Pleno,de R$ 8.001/mês a R$ 12.000/mês,de 3 a 4 anos,Não tive experiência na área de TI/Engenharia de Software antes de começar a trabalhar na área de dados,False,10000,-27.0,-51.0
35-39,Masculino,Parda,Centro-oeste,Pós-graduação,Empregado (CLT),Desenvolvedor,Sênior,de R$ 6.001/mês a R$ 8.000/mês,de 7 a 10 anos,de 7 a 10 anos,False,7000,-15.0,-52.0
35-39,Masculino,Branca,Sudeste,Graduação/Bacharelado,Estagiário,Cientista de Dados,Júnior,de R$ 3.001/mês a R$ 4.000/mês,Menos de 1 ano,de 1 a 2 anos,True,3500,-20.0,-44.0
35-39,Masculino,Branca,Sudeste,Pós-graduação,Empreendedor ou Empregado (CNPJ),Analista de Dados,Sênior,de R$ 6.001/mês a R$ 8.000/mês,de 7 a 10 anos,Não tive experiência na área de TI/Engenharia de Software antes de começar a trabalhar na área de dados,True,7000,-20.0,-44.0
35-39,Masculino,Branca,Sudeste,Pós-graduação,Empreendedor ou Empregado (CNPJ),Engenheiro de Dados,Pleno,de R$ 12.001/mês a R$ 16.000/mês,de 3 a 4 anos,de 5 a 6 anos,True,14000,-20.0,-44.0
35-39,Masculino,Branca,Sul,Pós-graduação,Empregado (CLT),Arquiteto de Dados,Sênior,de R$ 16.001/mês a R$ 20.000/mês,de 3 a 4 anos,de 3 a 4 anos,True,18000,-27.0,-51.0
35-39,Masculino,Parda,Sudeste,Pós-graduação,Empregado (CLT),Outro,Júnior,de R$ 8.001/mês a R$ 12.000/mês,de 5 a 6 anos,Não tive experiência na área de TI/Engenharia de Software antes de começar a trabalhar na área de dados,True,10000,-20.0,-44.0
35-39,Feminino,Parda,Sul,Mestrado,Empregado (CLT),Cientista de Dados,Sênior,de R$ 8.001/mês a R$ 12.000/mês,de 3 a 4 anos,Não tive experiência na área de TI/Engenharia de Software antes de começar a trabalhar na área de dados,True,10000,-27.0,-51.0
35-39,Feminino,Parda,Sudeste,Pós-graduação,Empregado (CLT),Desenvolvedor,Sênior,de R$ 8.001/mês a R$ 12.000/mês,de 7 a 10 anos,de 1 a 2 anos,False,10000,-20.0,-44.0
35-39,Masculino,Branca,Sul,Graduação/Bacharelado,Empregado (CLT),Engenheiro de Dados,Sênior,de R$ 12.001/mês a R$ 16.000/mês,Mais de 10 anos,Mais de 10 anos,True,14000,-27.0,-51.0
35-39,Masculino,Parda,Sudeste,Pós-graduação,Empregado (CLT),Analista de BI,Pleno,de R$ 4.001/mês a R$ 6.000/mês,de 3 a 4 anos,Menos de 1 ano,True,5000,-20.0,-44.0
35-39,Masculino,Branca,Sul,Pós-graduação,Empregado (CLT),Analista de Dados,Pleno,de R$ 6.001/mês a R$ 8.000/mês,de 3 a 4 anos,Menos de 1 ano,True,7000,-27.0,-51.0
35-39,Masculino,Amarela,Sudeste,Mestrado,Empregado (CLT),Cientista de Dados,Sênior,de R$ 30.001/mês a R$ 40.000/mês,de 7 a 10 anos,de 5 a 6 anos,True,35000,-20.0,-44.0
35-39,Masculino,Amarela,Centro-oeste,Pós-graduação,Empregado (CLT),Outro,Sênior,de R$ 16.001/mês a R$ 20.000/mês,de 7 a 10 anos,de 7 a 10 anos,False,18000,-15.0,-52.0
35-39,Masculino,Branca,,Pós-graduação,Empregado (CLT),Engenheiro de Dados,Sênior,de R$ 25.001/mês a R$ 30.000/mês,Mais de 10 anos,de 1 a 2 anos,True,27500,,
35-39,Feminino,Branca,Sudeste,Pós-graduação,Empregado (CLT),Engenheiro de Dados,Pleno,de R$ 3.001/mês a R$ 4.000/mês,de 3 a 4 anos,de 7 a 10 anos,True,3500,-20.0,-44.0
35-39,Masculino,Branca,Sul,Pós-graduação,Empregado (CLT),Analista de Dados,Pleno,de R$ 4.001/mês a R$ 6.000/mês,de 7 a 10 anos,Não tive experiência na área de TI/Engenharia de Software antes de começar a trabalhar na área de dados,True,5000,-27.0,-51.0
35-39,Masculino,Branca,Nordeste,Mestrado,Empregado (CLT),Eng. Machine Learning,Sênior,de R$ 12.001/mês a R$ 16.000/mês,de 5 a 6 anos,de 1 a 2 anos,True,14000,-8.0,-38.0
35-39,Masculino,Branca,,Mestrado,Vivo fora do Brasil e trabalho para empresa de fora do Brasil,Outro,Sênior,de R$ 6.001/mês a R$ 8.000/mês,de 5 a 6 anos,de 5 a 6 anos,False,7000,,
35-39,Masculino,Parda,Sul,Graduação/Bacharelado,Empregado (CLT),Engenheiro de Dados,Sênior,de R$ 8.001/mês a R$ 12.000/mês,Mais de 10 anos,Mais de 10 anos,True,10000,-27.0,-51.0
35-39,Masculino,Parda,Sudeste,Doutorado ou Phd,Empregado (CLT),Professor/Pesquisador,Pleno,de R$ 4.001/mês a R$ 6.000/mês,de 1 a 2 anos,de 5 a 6 anos,True,5000,-20.0,-44.0
35-39,Masculino,Branca,Sudeste,Pós-graduação,Empregado (CLT),Desenvolvedor,Sênior,de R$ 6.001/mês a R$ 8.000/mês,de 7 a 10 anos,de 7 a 10 anos,True,7000,-20.0,-44.0
35-39,Masculino,Branca,Sul,Graduação/Bacharelado,Empregado (CLT),Engenheiro de Dados,Sênior,de R$ 12.001/mês a R$ 16.000/mês,de 5 a 6 anos,de 7 a 10 anos,False,14000,-27.0,-51.0
35-39,Feminino,Preta,Sul,Pós-graduação,Empregado (CLT),Analista de Dados,Pleno,de R$ 6.001/mês a R$ 8.000/mês,de 3 a 4 anos,Menos de 1 ano,True,7000,-27.0,-51.0
35-39,Masculino,Branca,Sul,Pós-graduação,Empregado (CLT),Analista de Dados,Sênior,de R$ 8.001/mês a R$ 12.000/mês,de 3 a 4 anos,Não tive experiência na área de TI/Engenharia de Software antes de começar a trabalhar na área de dados,True,10000,-27.0,-51.0
35-39,Masculino,Branca,Sul,Graduação/Bacharelado,Empregado (CLT),Analista de Dados,Pleno,de R$ 6.001/mês a R$ 8.000/mês,de 3 a 4 anos,Não tive experiência na área de TI/Engenharia de Software antes de começar a trabalhar na área de dados,True,7000,-27.0,-51.0
35-39,Masculino,Preta,Sudeste,Pós-graduação,Empregado (CLT),Analytics Engineer,Pleno,de R$ 16.001/mês a R$ 20.000/mês,Mais de 10 anos,de 3 a 4 anos,True,18000,-20.0,-44.0
35-39,Masculino,Parda,Sudeste,Pós-graduação,Empregado (CLT),Engenheiro de Dados,Sênior,de R$ 12.001/mês a R$ 16.000/mês,de 5 a 6 anos,de 7 a 10 anos,True,14000,-20.0,-44.0
35-39,Masculino,Branca,,Pós-graduação,Vivo fora do Brasil e trabalho para empresa de fora do Brasil,Engenheiro de Dados,Sênior,de R$ 25.001/mês a R$ 30.000/mês,de 7 a 10 anos,de 3 a 4 anos,False,27500,,
35-39,Masculino,Preta,Sudeste,Pós-graduação,Freelancer,Analista de Dados,Pleno,de R$ 3.001/mês a R$ 4.000/mês,de 1 a 2 anos,Menos de 1 ano,True,3500,-20.0,-44.0
35-39,Masculino,Parda,Sudeste,Pós-graduação,Empregado (CLT),Analista de Dados,Sênior,de R$ 8.001/mês a R$ 12.000/mês,Mais de 10 anos,de 5 a 6 anos,False,10000,-20.0,-44.0
35-39,Masculino,Parda,Sul,Pós-graduação,Empregado (CLT),Product Manager,Sênior,de R$ 12.001/mês a R$ 16.000/mês,Mais de 10 anos,de 1 a 2 anos,True,14000,-27.0,-51.0
35-39,Masculino,Parda,Sudeste,Pós-graduação,Empregado (CLT),Analista de Dados,Sênior,de R$ 8.001/mês a R$ 12.000/mês,de 7 a 10 anos,Mais de 10 anos,True,10000,-20.0,-44.0
35-39,Masculino,Parda,Sudeste,Estudante de Graduação,Empregado (CLT),Analista de Dados,Sênior,de R$ 6.001/mês a R$ 8.000/mês,de 1 a 2 anos,Não tive experiência na área de TI/Engenharia de Software antes de começar a trabalhar na área de dados,False,7000,-20.0,-44.0
35-39,Masculino,Branca,Sudeste,Graduação/Bacharelado,Empregado (CLT),Analista de Dados,Pleno,de R$ 6.001/mês a R$ 8.000/mês,de 3 a 4 anos,Não tive experiência na área de TI/Engenharia de Software antes de começar a trabalhar na área de dados,True,7000,-20.0,-44.0
35-39,Masculino,Branca,Sudeste,Doutorado ou Phd,Empreendedor ou Empregado (CNPJ),Outro,Pleno,de R$ 6.001/mês a R$ 8.000/mês,de 3 a 4 anos,Não tive experiência na área de TI/Engenharia de Software antes de começar a trabalhar na área de dados,False,7000,-20.0,-44.0
35-39,Feminino,Parda,Sudeste,Pós-graduação,Empregado (CLT),Cientista de Dados,Sênior,de R$ 8.001/mês a R$ 12.000/mês,de 3 a 4 anos,Não tive experiência na área de TI/Engenharia de Software antes de começar a trabalhar na área de dados,True,10000,-20.0,-44.0
35-39,Masculino,Branca,Sudeste,Pós-graduação,Empregado (CLT),Analista de Dados,Sênior,de R$ 8.001/mês a R$ 12.000/mês,de 5 a 6 anos,Não tive experiência na área de TI/Engenharia de Software antes de começar a trabalhar na área de dados,False,10000,-20.0,-44.0
35-39,Masculino,Branca,Norte,Mestrado,Empregado (CLT),Eng. Machine Learning,Sênior,de R$ 12.001/mês a R$ 16.000/mês,Mais de 10 anos,Mais de 10 anos,True,14000,-5.0,-60.0
35-39,Feminino,Branca,Sudeste,Estudante de Graduação,Empreendedor ou Empregado (CNPJ),Desenvolvedor,Júnior,de R$ 1.001/mês a R$ 2.000/mês,de 1 a 2 anos,Não tive experiência na área de TI/Engenharia de Software antes de começar a trabalhar na área de dados,False,1500,-20.0,-44.0
35-39,Feminino,Parda,Sudeste,Pós-graduação,Empregado (CLT),Analista de Negócios,Sênior,de R$ 8.001/mês a R$ 12.000/mês,Não tenho experiência na área de dados,de 7 a 10 anos,True,10000,-20.0,-44.0
35-39,Masculino,Branca,Sul,Graduação/Bacharelado,Empregado (CLT),Analista de BI,Pleno,de R$ 4.001/mês a R$ 6.000/mês,de 3 a 4 anos,Não tive experiência na área de TI/Engenharia de Software antes de começar a trabalhar na área de dados,False,5000,-27.0,-51.0
35-39,Masculino,Branca,Sudeste,Doutorado ou Phd,Empregado (CLT),Cientista de Dados,Sênior,de R$ 25.001/mês a R$ 30.000/mês,de 7 a 10 anos,Não tive experiência na área de TI/Engenharia de Software antes de começar a trabalhar na área de dados,True,27500,-20.0,-44.0
35-39,Masculino,Branca,Sudeste,Mestrado,Servidor Público,Outro,Pleno,de R$ 8.001/mês a R$ 12.000/mês,Não tenho experiência na área de dados,Não tive experiência na área de TI/Engenharia de Software antes de começar a trabalhar na área de dados,True,10000,-20.0,-44.0
35-39,Masculino,Branca,Sudeste,Pós-graduação,Empregado (CLT),Analista de Dados,Sênior,de R$ 12.001/mês a R$ 16.000/mês,de 7 a 10 anos,Não tive experiência na área de TI/Engenharia de Software antes de começar a trabalhar na área de dados,True,14000,-20.0,-44.0
35-39,Masculino,Branca,Sudeste,Pós-graduação,Empregado (CLT),Analista de Dados,Júnior,de R$ 2.001/mês a R$ 3.000/mês,Menos de 1 ano,Não tive experiência na área de TI/Engenharia de Software antes de começar a trabalhar na área de dados,True,2500,-20.0,-44.0
35-39,Masculino,Branca,Sudeste,Graduação/Bacharelado,Empreendedor ou Empregado (CNPJ),Professor/Pesquisador,Sênior,de R$ 4.001/mês a R$ 6.000/mês,Não tenho experiência na área de dados,Não tive experiência na área de TI/Engenharia de Software antes de começar a trabalhar na área de dados,False,5000,-20.0,-44.0
35-39,Feminino,Parda,Sudeste,Pós-graduação,Empregado (CLT),Analista de Dados,Sênior,de R$ 6.001/mês a R$ 8.000/mês,de 1 a 2 anos,Não tive experiência na área de TI/Engenharia de Software antes de começar a trabalhar na área de dados,True,7000,-20.0,-44.0
35-39,Feminino,Branca,Sudeste,Graduação/Bacharelado,Empregado (CLT),Outro,Pleno,de R$ 6.001/mês a R$ 8.000/mês,de 7 a 10 anos,Não tive experiência na área de TI/Engenharia de Software antes de começar a trabalhar na área de dados,False,7000,-20.0,-44.0
35-39,Feminino,Branca,Sudeste,Pós-graduação,Empreendedor ou Empregado (CNPJ),Analista de Dados,Sênior,de R$ 8.001/mês a R$ 12.000/mês,de 5 a 6 anos,Não tive experiência na área de TI/Engenharia de Software antes de começar a trabalhar na área de dados,True,10000,-20.0,-44.0
35-39,Feminino,Parda,Sudeste,Graduação/Bacharelado,Empregado (CLT),Analista de BI,Júnior,de R$ 3.001/mês a R$ 4.000/mês,de 1 a 2 anos,de 1 a 2 anos,True,3500,-20.0,-44.0
35-39,Masculino,Parda,Sudeste,Pós-graduação,Empregado (CLT),Engenheiro de Dados,Sênior,de R$ 20.001/mês a R$ 25.000/mês,de 7 a 10 anos,Mais de 10 anos,True,22500,-20.0,-44.0
35-39,Masculino,Branca,,Pós-graduação,Empregado (CLT),Engenheiro de Dados,Sênior,de R$ 25.001/mês a R$ 30.000/mês,de 7 a 10 anos,de 3 a 4 anos,True,27500,,
35-39,Masculino,Branca,Sul,Pós-graduação,Empregado (CLT),Cientista de Dados,Sênior,de R$ 12.001/mês a R$ 16.000/mês,de 7 a 10 anos,Não tive experiência na área de TI/Engenharia de Software antes de começar a trabalhar na área de dados,True,14000,-27.0,-51.0
35-39,Masculino,Branca,Sul,Pós-graduação,Empregado (CLT),Engenheiro de Dados,Sênior,de R$ 8.001/mês a R$ 12.000/mês,Mais de 10 anos,Não tive experiência na área de TI/Engenharia de Software antes de começar a trabalhar na área de dados,True,10000,-27.0,-51.0
35-39,Masculino,Branca,Nordeste,Pós-graduação,Empregado (CLT),Analista de Suporte,Sênior,de R$ 2.001/mês a R$ 3.000/mês,de 3 a 4 anos,Não tive experiência na área de TI/Engenharia de Software antes de começar a trabalhar na área de dados,False,2500,-8.0,-38.0
35-39,Feminino,Parda,Sudeste,Pós-graduação,Empregado (CLT),Outro,Pleno,de R$ 3.001/mês a R$ 4.000/mês,Não tenho experiência na área de dados,de 3 a 4 anos,False,3500,-20.0,-44.0
35-39,Masculino,Branca,Sul,Pós-graduação,Empregado (CLT),Engenheiro de Dados,Sênior,de R$ 16.001/mês a R$ 20.000/mês,de 5 a 6 anos,de 7 a 10 anos,False,18000,-27.0,-51.0
35-39,Masculino,Branca,Sudeste,Pós-graduação,Empregado (CLT),Engenheiro de Dados,Sênior,de R$ 16.001/mês a R$ 20.000/mês,de 5 a 6 anos,de 1 a 2 anos,True,18000,-20.0,-44.0
35-39,Feminino,Outra,Sudeste,Pós-graduação,Vivo no Brasil e trabalho remoto para empresa de fora do Brasil,Analista de Dados,Sênior,de R$ 16.001/mês a R$ 20.000/mês,de 5 a 6 anos,Mais de 10 anos,True,18000,-20.0,-44.0
35-39,Masculino,Amarela,Sudeste,Mestrado,Empregado (CLT),Analista de Dados,Sênior,de R$ 8.001/mês a R$ 12.000/mês,de 3 a 4 anos,de 7 a 10 anos,True,10000,-20.0,-44.0
35-39,Masculino,Branca,Centro-oeste,Pós-graduação,Empregado (CLT),Analista de Dados,Pleno,de R$ 6.001/mês a R$ 8.000/mês,de 3 a 4 anos,Não tive experiência na área de TI/Engenharia de Software antes de começar a trabalhar na área de dados,True,7000,-15.0,-52.0
35-39,Masculino,Amarela,Sudeste,Pós-graduação,Empregado (CLT),Engenheiro de Dados,Sênior,de R$ 16.001/mês a R$ 20.000/mês,Mais de 10 anos,de 1 a 2 anos,False,18000,-20.0,-44.0
35-39,Masculino,Branca,Sudeste,Graduação/Bacharelado,Empregado (CLT),Engenheiro de Dados,Sênior,de R$ 12.001/mês a R$ 16.000/mês,de 5 a 6 anos,Não tive experiência na área de TI/Engenharia de Software antes de começar a trabalhar na área de dados,True,14000,-20.0,-44.0
35-39,Masculino,Parda,Sudeste,Graduação/Bacharelado,Servidor Público,Analista de BI,Júnior,de R$ 8.001/mês a R$ 12.000/mês,de 1 a 2 anos,Não tive experiência na área de TI/Engenharia de Software antes de começar a trabalhar na área de dados,False,10000,-20.0,-44.0
35-39,Masculino,Branca,Sul,Pós-graduação,Empregado (CLT),Analista de Dados,Sênior,de R$ 12.001/mês a R$ 16.000/mês,Mais de 10 anos,de 1 a 2 anos,True,14000,-27.0,-51.0
35-39,Masculino,Parda,Sudeste,Graduação/Bacharelado,Servidor Público,Analista de BI,Júnior,de R$ 8.001/mês a R$ 12.000/mês,de 1 a 2 anos,Não tive experiência na área de TI/Engenharia de Software antes de começar a trabalhar na área de dados,False,10000,-20.0,-44.0
35-39,Masculino,Branca,Sudeste,Pós-graduação,Empregado (CLT),Analista de Dados,Sênior,de R$ 12.001/mês a R$ 16.000/mês,Mais de 10 anos,Não tive experiência na área de TI/Engenharia de Software antes de começar a trabalhar na área de dados,True,14000,-20.0,-44.0
35-39,Masculino,Prefiro não informar,Sudeste,Mestrado,Vivo no Brasil e trabalho remoto para empresa de fora do Brasil,Engenheiro de Dados,Sênior,de R$ 25.001/mês a R$ 30.000/mês,de 5 a 6 anos,Não tive experiência na área de TI/Engenharia de Software antes de começar a trabalhar na área de dados,True,27500,-20.0,-44.0
35-39,Masculino,Parda,Sudeste,Graduação/Bacharelado,Empregado (CLT),Analista de Dados,Pleno,de R$ 8.001/mês a R$ 12.000/mês,de 1 a 2 anos,Menos de 1 ano,True,10000,-20.0,-44.0
35-39,Feminino,Parda,Sudeste,Pós-graduação,Empregado (CLT),Analista de Suporte,Pleno,de R$ 3.001/mês a R$ 4.000/mês,de 3 a 4 anos,Não tive experiência na área de TI/Engenharia de Software antes de começar a trabalhar na área de dados,False,3500,-20.0,-44.0
35-39,Feminino,Parda,Sudeste,Pós-graduação,Freelancer,Analista de Negócios,Pleno,de R$ 4.001/mês a R$ 6.000/mês,de 1 a 2 anos,Não tive experiência na área de TI/Engenharia de Software antes de começar a trabalhar na área de dados,True,5000,-20.0,-44.0
35-39,Feminino,Branca,Sudeste,Pós-graduação,Empregado (CLT),Analista de Dados,Pleno,de R$ 4.001/mês a R$ 6.000/mês,de 3 a 4 anos,Não tive experiência na área de TI/Engenharia de Software antes de começar a trabalhar na área de dados,True,5000,-20.0,-44.0
35-39,Masculino,Branca,Sudeste,Pós-graduação,Empregado (CLT),Analytics Engineer,Sênior,de R$ 16.001/mês a R$ 20.000/mês,de 7 a 10 anos,de 1 a 2 anos,True,18000,-20.0,-44.0
35-39,Masculino,Parda,Centro-oeste,Estudante de Graduação,Empregado (CLT),Analista de Dados,Pleno,de R$ 12.001/mês a R$ 16.000/mês,de 5 a 6 anos,de 7 a 10 anos,True,14000,-15.0,-52.0
35-39,Masculino,Parda,Sudeste,Pós-graduação,Empregado (CLT),Analista de Dados,Sênior,de R$ 6.001/mês a R$ 8.000/mês,de 5 a 6 anos,Menos de 1 ano,True,7000,-20.0,-44.0
35-39,Masculino,Branca,Sudeste,Pós-graduação,Empregado (CLT),Cientista de Dados,Pleno,de R$ 8.001/mês a R$ 12.000/mês,de 3 a 4 anos,de 7 a 10 anos,True,10000,-20.0,-44.0
35-39,Masculino,Parda,Nordeste,Pós-graduação,Empregado (CLT),Desenvolvedor,Sênior,de R$ 6.001/mês a R$ 8.000/mês,de 1 a 2 anos,Mais de 10 anos,True,7000,-8.0,-38.0
35-39,Masculino,Preta,Sudeste,Pós-graduação,Empregado (CLT),Professor/Pesquisador,Pleno,de R$ 4.001/mês a R$ 6.000/mês,de 1 a 2 anos,Não tive experiência na área de TI/Engenharia de Software antes de começar a trabalhar na área de dados,True,5000,-20.0,-44.0
35-39,Masculino,Preta,Sul,Graduação/Bacharelado,Empregado (CLT),Product Manager,Sênior,de R$ 8.001/mês a R$ 12.000/mês,de 1 a 2 anos,de 7 a 10 anos,True,10000,-27.0,-51.0
35-39,Masculino,Branca,Sudeste,Pós-graduação,Empregado (CLT),Analista de BI,Júnior,de R$ 4.001/mês a R$ 6.000/mês,de 1 a 2 anos,Não tive experiência na área de TI/Engenharia de Software antes de começar a trabalhar na área de dados,False,5000,-20.0,-44.0
35-39,Masculino,Branca,,Estudante de Graduação,Freelancer,Outro,Pleno,de R$ 16.001/mês a R$ 20.000/mês,Não tenho experiência na área de dados,Não tive experiência na área de TI/Engenharia de Software antes de começar a trabalhar na área de dados,False,18000,,
35-39,Masculino,Branca,Sudeste,Graduação/Bacharelado,Freelancer,Cientista de Dados,Júnior,de R$ 3.001/mês a R$ 4.000/mês,de 1 a 2 anos,Não tive experiência na área de TI/Engenharia de Software antes de começar a trabalhar na área de dados,False,3500,-20.0,-44.0
35-39,Masculino,Branca,Sul,Mestrado,Empregado (CLT),Desenvolvedor,Sênior,de R$ 12.001/mês a R$ 16.000/mês,de 3 a 4 anos,de 3 a 4 anos,True,14000,-27.0,-51.0
35-39,Masculino,Parda,Sudeste,Pós-graduação,Empreendedor ou Empregado (CNPJ),Analista de BI,Sênior,de R$ 16.001/mês a R$ 20.000/mês,Mais de 10 anos,Mais de 10 anos,True,18000,-20.0,-44.0
35-39,Masculino,Parda,Nordeste,Graduação/Bacharelado,Empregado (CLT),Outro,Pleno,de R$ 3.001/mês a R$ 4.000/mês,Não tenho experiência na área de dados,Não tive experiência na área de TI/Engenharia de Software antes de começar a trabalhar na área de dados,False,3500,-8.0,-38.0
35-39,Feminino,Parda,Sudeste,Graduação/Bacharelado,Empregado (CLT),Cientista de Dados,Sênior,de R$ 8.001/mês a R$ 12.000/mês,Mais de 10 anos,Não tive experiência na área de TI/Engenharia de Software antes de começar a trabalhar na área de dados,True,10000,-20.0,-44.0
35-39,Masculino,Branca,Sudeste,Estudante de Graduação,Empregado (CLT),Analista de Suporte,Júnior,de R$ 4.001/mês a R$ 6.000/mês,de 1 a 2 anos,Não tive experiência na área de TI/Engenharia de Software antes de começar a trabalhar na área de dados,True,5000,-20.0,-44.0
35-39,Masculino,Branca,Sul,Graduação/Bacharelado,Empregado (CLT),Engenheiro de Dados,Pleno,de R$ 12.001/mês a R$ 16.000/mês,de 7 a 10 anos,Menos de 1 ano,True,14000,-27.0,-51.0
35-39,Masculino,Branca,Sul,Graduação/Bacharelado,Empregado (CLT),Engenheiro de Dados,Júnior,de R$ 3.001/mês a R$ 4.000/mês,de 1 a 2 anos,Não tive experiência na área de TI/Engenharia de Software antes de começar a trabalhar na área de dados,True,3500,-27.0,-51.0
35-39,Masculino,Parda,Sul,Pós-graduação,Empregado (CLT),Product Manager,Sênior,de R$ 12.001/mês a R$ 16.000/mês,Mais de 10 anos,de 7 a 10 anos,True,14000,-27.0,-51.0
35-39,Feminino,Branca,Sudeste,Pós-graduação,Empregado (CLT),Analista de Dados,Pleno,de R$ 8.001/mês a R$ 12.000/mês,de 5 a 6 anos,de 3 a 4 anos,True,10000,-20.0,-44.0
35-39,Masculino,Branca,Sudeste,Graduação/Bacharelado,Empregado (CLT),Cientista de Dados,Júnior,de R$ 4.001/mês a R$ 6.000/mês,de 1 a 2 anos,Não tive experiência na área de TI/Engenharia de Software antes de começar a trabalhar na área de dados,True,5000,-20.0,-44.0
35-39,Masculino,Branca,Sudeste,Pós-graduação,Empregado (CLT),Analista de Dados,Sênior,de R$ 6.001/mês a R$ 8.000/mês,de 1 a 2 anos,Não tive experiência na área de TI/Engenharia de Software antes de começar a trabalhar na área de dados,False,7000,-20.0,-44.0
35-39,Masculino,Branca,Sul,Graduação/Bacharelado,Prefiro não informar,Desenvolvedor,Sênior,de R$ 6.001/mês a R$ 8.000/mês,Mais de 10 anos,de 1 a 2 anos,True,7000,-27.0,-51.0
35-39,Masculino,Branca,Sul,Mestrado,Empregado (CLT),Desenvolvedor,Júnior,de R$ 3.001/mês a R$ 4.000/mês,de 3 a 4 anos,Menos de 1 ano,False,3500,-27.0,-51.0
35-39,Masculino,Branca,Sudeste,Graduação/Bacharelado,Empregado (CLT),Analista de BI,Sênior,de R$ 8.001/mês a R$ 12.000/mês,Mais de 10 anos,Não tive experiência na área de TI/Engenharia de Software antes de começar a trabalhar na área de dados,True,10000,-20.0,-44.0
35-39,Masculino,Branca,Centro-oeste,Graduação/Bacharelado,Empreendedor ou Empregado (CNPJ),Engenheiro de Dados,Sênior,de R$ 16.001/mês a R$ 20.000/mês,de 5 a 6 anos,de 7 a 10 anos,True,18000,-15.0,-52.0
35-39,Feminino,Branca,,Mestrado,Vivo fora do Brasil e trabalho para empresa de fora do Brasil,Cientista de Dados,Pleno,de R$ 6.001/mês a R$ 8.000/mês,de 3 a 4 anos,Não tive experiência na área de TI/Engenharia de Software antes de começar a trabalhar na área de dados,True,7000,,
35-39,Masculino,Parda,Norte,Doutorado ou Phd,Servidor Público,Analista de Dados,Sênior,de R$ 16.001/mês a R$ 20.000/mês,de 7 a 10 anos,de 7 a 10 anos,True,18000,-5.0,-60.0
35-39,Masculino,Branca,Sudeste,Pós-graduação,Empregado (CLT),Analista de BI,Pleno,de R$ 4.001/mês a R$ 6.000/mês,de 1 a 2 anos,Não tive experiência na área de TI/Engenharia de Software antes de começar a trabalhar na área de dados,True,5000,-20.0,-44.0
35-39,Masculino,Indígena,Nordeste,Pós-graduação,Empregado (CLT),Analytics Engineer,Sênior,de R$ 8.001/mês a R$ 12.000/mês,de 3 a 4 anos,de 1 a 2 anos,True,10000,-8.0,-38.0
35-39,Feminino,Branca,Sul,Doutorado ou Phd,Empregado (CLT),Cientista de Dados,Sênior,de R$ 8.001/mês a R$ 12.000/mês,Mais de 10 anos,Não tive experiência na área de TI/Engenharia de Software antes de começar a trabalhar na área de dados,True,10000,-27.0,-51.0
35-39,Masculino,Preta,Sudeste,Graduação/Bacharelado,Empregado (CLT),Engenheiro de Dados,Sênior,de R$ 12.001/mês a R$ 16.000/mês,de 3 a 4 anos,Não tive experiência na área de TI/Engenharia de Software antes de começar a trabalhar na área de dados,True,14000,-20.0,-44.0
35-39,Feminino,Parda,Sudeste,Estudante de Graduação,Empregado (CLT),Outro,Pleno,de R$ 4.001/mês a R$ 6.000/mês,Não tenho experiência na área de dados,Não tive experiência na área de TI/Engenharia de Software antes de começar a trabalhar na área de dados,True,5000,-20.0,-44.0
35-39,Masculino,Branca,Sul,Pós-graduação,Empregado (CLT),Engenheiro de Dados,Sênior,de R$ 8.001/mês a R$ 12.000/mês,Mais de 10 anos,de 7 a 10 anos,True,10000,-27.0,-51.0
35-39,Masculino,Branca,Sul,Mestrado,Empregado (CLT),Cientista de Dados,Sênior,de R$ 8.001/mês a R$ 12.000/mês,de 5 a 6 anos,Não tive experiência na área de TI/Engenharia de Software antes de começar a trabalhar na área de dados,True,10000,-27.0,-51.0
35-39,Feminino,Branca,Sul,Pós-graduação,Empregado (CLT),Analytics Engineer,Pleno,de R$ 4.001/mês a R$ 6.000/mês,de 1 a 2 anos,Mais de 10 anos,False,5000,-27.0,-51.0
35-39,Masculino,Parda,Centro-oeste,Pós-graduação,Vivo no Brasil e trabalho remoto para empresa de fora do Brasil,Analista de Dados,Sênior,de R$ 30.001/mês a R$ 40.000/mês,de 5 a 6 anos,Não tive experiência na área de TI/Engenharia de Software antes de começar a trabalhar na área de dados,True,35000,-15.0,-52.0
35-39,Feminino,Branca,Sudeste,Estudante de Graduação,Empregado (CLT),Analista de Dados,Júnior,de R$ 1.001/mês a R$ 2.000/mês,de 1 a 2 anos,Não tive experiência na área de TI/Engenharia de Software antes de começar a trabalhar na área de dados,False,1500,-20.0,-44.0
35-39,Masculino,Preta,Sudeste,Pós-graduação,Empreendedor ou Empregado (CNPJ),Cientista de Dados,Júnior,de R$ 4.001/mês a R$ 6.000/mês,Menos de 1 ano,Não tive experiência na área de TI/Engenharia de Software antes de começar a trabalhar na área de dados,True,5000,-20.0,-44.0
35-39,Masculino,Preta,Nordeste,Pós-graduação,Empregado (CLT),Analista de BI,Sênior,de R$ 12.001/mês a R$ 16.000/mês,de 3 a 4 anos,Mais de 10 anos,True,14000,-8.0,-38.0
35-39,Feminino,Parda,Sudeste,Pós-graduação,Empregado (CLT),Analista de Suporte,Pleno,de R$ 4.001/mês a R$ 6.000/mês,Mais de 10 anos,Não tive experiência na área de TI/Engenharia de Software antes de começar a trabalhar na área de dados,False,5000,-20.0,-44.0
35-39,Masculino,Branca,Sul,Pós-graduação,Empregado (CLT),Engenheiro de Dados,Sênior,de R$ 8.001/mês a R$ 12.000/mês,de 5 a 6 anos,Não tive experiência na área de TI/Engenharia de Software antes de começar a trabalhar na área de dados,True,10000,-27.0,-51.0
35-39,Feminino,Branca,Sul,Mestrado,Empregado (CLT),Analista de Dados,Pleno,de R$ 6.001/mês a R$ 8.000/mês,de 3 a 4 anos,de 7 a 10 anos,True,7000,-27.0,-51.0
35-39,Masculino,Branca,Sul,Pós-graduação,Empregado (CLT),Arquiteto de Dados,Sênior,de R$ 16.001/mês a R$ 20.000/mês,de 7 a 10 anos,Mais de 10 anos,True,18000,-27.0,-51.0
35-39,Masculino,Parda,Centro-oeste,Pós-graduação,Empregado (CLT),Engenheiro de Dados,Sênior,de R$ 12.001/mês a R$ 16.000/mês,Mais de 10 anos,de 1 a 2 anos,False,14000,-15.0,-52.0
35-39,Feminino,Amarela,Sudeste,Graduação/Bacharelado,Empregado (CLT),Analytics Engineer,Júnior,de R$ 6.001/mês a R$ 8.000/mês,de 3 a 4 anos,Menos de 1 ano,True,7000,-20.0,-44.0
35-39,Masculino,Branca,Sudeste,Pós-graduação,Empregado (CLT),Analista de BI,Sênior,de R$ 8.001/mês a R$ 12.000/mês,de 5 a 6 anos,Menos de 1 ano,True,10000,-20.0,-44.0
35-39,Masculino,Branca,Sul,Pós-graduação,Empregado (CLT),Cientista de Dados,Pleno,de R$ 12.001/mês a R$ 16.000/mês,de 3 a 4 anos,Não tive experiência na área de TI/Engenharia de Software antes de começar a trabalhar na área de dados,True,14000,-27.0,-51.0
35-39,Masculino,Branca,Sul,Pós-graduação,Empregado (CLT),Analista de Dados,Sênior,de R$ 8.001/mês a R$ 12.000/mês,de 7 a 10 anos,de 3 a 4 anos,True,10000,-27.0,-51.0
35-39,Feminino,Parda,Sul,Estudante de Graduação,Empregado (CLT),Outro,Júnior,de R$ 2.001/mês a R$ 3.000/mês,Não tenho experiência na área de dados,Não tive experiência na área de TI/Engenharia de Software antes de começar a trabalhar na área de dados,True,2500,-27.0,-51.0
35-39,Masculino,Parda,Sudeste,Graduação/Bacharelado,Empregado (CLT),Engenheiro de Dados,Sênior,de R$ 25.001/mês a R$ 30.000/mês,Mais de 10 anos,Mais de 10 anos,True,27500,-20.0,-44.0
35-39,Masculino,Parda,Sul,Pós-graduação,Empregado (CLT),Analista de Dados,Sênior,de R$ 8.001/mês a R$ 12.000/mês,de 3 a 4 anos,Não tive experiência na área de TI/Engenharia de Software antes de começar a trabalhar na área de dados,True,10000,-27.0,-51.0
35-39,Masculino,Parda,Sudeste,Graduação/Bacharelado,Empregado (CLT),Engenheiro de Dados,Pleno,de R$ 8.001/mês a R$ 12.000/mês,de 3 a 4 anos,Não tive experiência na área de TI/Engenharia de Software antes de começar a trabalhar na área de dados,True,10000,-20.0,-44.0
35-39,Masculino,Parda,Centro-oeste,Pós-graduação,Empregado (CLT),Analytics Engineer,Sênior,de R$ 12.001/mês a R$ 16.000/mês,Mais de 10 anos,Não tive experiência na área de TI/Engenharia de Software antes de começar a trabalhar na área de dados,False,14000,-15.0,-52.0
35-39,Masculino,Preta,Sul,Pós-graduação,Empregado (CLT),Desenvolvedor,Sênior,de R$ 8.001/mês a R$ 12.000/mês,Menos de 1 ano,de 5 a 6 anos,True,10000,-27.0,-51.0
35-39,Masculino,Branca,,Pós-graduação,Freelancer,Analista de Dados,Pleno,de R$ 30.001/mês a R$ 40.000/mês,de 3 a 4 anos,Não tive experiência na área de TI/Engenharia de Software antes de começar a trabalhar na área de dados,False,35000,,
35-39,Feminino,Branca,Sul,Pós-graduação,Empregado (CLT),Product Manager,Sênior,de R$ 16.001/mês a R$ 20.000/mês,Mais de 10 anos,Não tive experiência na área de TI/Engenharia de Software antes de começar a trabalhar na área de dados,True,18000,-27.0,-51.0
35-39,Masculino,Parda,Sudeste,Graduação/Bacharelado,Empregado (CLT),Analista de Negócios,Pleno,de R$ 8.001/mês a R$ 12.000/mês,de 3 a 4 anos,Não tive experiência na área de TI/Engenharia de Software antes de começar a trabalhar na área de dados,False,10000,-20.0,-44.0
35-39,Feminino,Parda,Sul,Pós-graduação,Empregado (CLT),Analytics Engineer,Sênior,de R$ 6.001/mês a R$ 8.000/mês,de 5 a 6 anos,Não tive experiência na área de TI/Engenharia de Software antes de começar a trabalhar na área de dados,False,7000,-27.0,-51.0
35-39,Masculino,Branca,Nordeste,Doutorado ou Phd,Servidor Público,Professor/Pesquisador,Júnior,de R$ 8.001/mês a R$ 12.000/mês,de 5 a 6 anos,de 5 a 6 anos,True,10000,-8.0,-38.0
35-39,Masculino,Parda,Sudeste,Graduação/Bacharelado,Empregado (CLT),Arquiteto de Dados,Sênior,de R$ 12.001/mês a R$ 16.000/mês,Mais de 10 anos,Mais de 10 anos,False,14000,-20.0,-44.0
35-39,Masculino,Branca,Sul,Pós-graduação,Empregado (CLT),Analista de Dados,Sênior,de R$ 6.001/mês a R$ 8.000/mês,de 1 a 2 anos,Não tive experiência na área de TI/Engenharia de Software antes de começar a trabalhar na área de dados,True,7000,-27.0,-51.0
35-39,Feminino,Branca,Sudeste,Pós-graduação,Empregado (CLT),Analista de Dados,Sênior,de R$ 8.001/mês a R$ 12.000/mês,de 3 a 4 anos,Não tive experiência na área de TI/Engenharia de Software antes de começar a trabalhar na área de dados,True,10000,-20.0,-44.0
35-39,Masculino,Branca,Sul,Pós-graduação,Empregado (CLT),Analista de BI,Pleno,de R$ 6.001/mês a R$ 8.000/mês,Menos de 1 ano,Mais de 10 anos,True,7000,-27.0,-51.0
35-39,Masculino,Branca,Sudeste,Pós-graduação,Empregado (CLT),Cientista de Dados,Sênior,de R$ 20.001/mês a R$ 25.000/mês,Mais de 10 anos,Não tive experiência na área de TI/Engenharia de Software antes de começar a trabalhar na área de dados,True,22500,-20.0,-44.0
35-39,Masculino,Branca,Sudeste,Mestrado,Empregado (CLT),Engenheiro de Dados,Sênior,de R$ 16.001/mês a R$ 20.000/mês,de 7 a 10 anos,de 7 a 10 anos,True,18000,-20.0,-44.0
35-39,Feminino,Branca,Sudeste,Doutorado ou Phd,Empregado (CLT),Cientista de Dados,Sênior,de R$ 16.001/mês a R$ 20.000/mês,Mais de 10 anos,Não tive experiência na área de TI/Engenharia de Software antes de começar a trabalhar na área de dados,True,18000,-20.0,-44.0
35-39,Masculino,Branca,Centro-oeste,Graduação/Bacharelado,Vivo no Brasil e trabalho remoto para empresa de fora do Brasil,Analista de Negócios,Pleno,de R$ 12.001/mês a R$ 16.000/mês,de 3 a 4 anos,de 1 a 2 anos,True,14000,-15.0,-52.0
35-39,Masculino,Branca,Sudeste,Graduação/Bacharelado,Empregado (CLT),Outras Engenharias,Pleno,de R$ 6.001/mês a R$ 8.000/mês,Menos de 1 ano,Não tive experiência na área de TI/Engenharia de Software antes de começar a trabalhar na área de dados,True,7000,-20.0,-44.0
35-39,Masculino,Parda,Nordeste,Mestrado,Empregado (CLT),Cientista de Dados,Sênior,de R$ 20.001/mês a R$ 25.000/mês,Mais de 10 anos,Não tive experiência na área de TI/Engenharia de Software antes de começar a trabalhar na área de dados,True,22500,-8.0,-38.0
35-39,Masculino,Branca,Sudeste,Pós-graduação,Empregado (CLT),Engenheiro de Dados,Sênior,de R$ 12.001/mês a R$ 16.000/mês,Mais de 10 anos,Não tive experiência na área de TI/Engenharia de Software antes de começar a trabalhar na área de dados,True,14000,-20.0,-44.0
35-39,Masculino,Branca,Sul,Pós-graduação,Empregado (CLT),Analytics Engineer,Sênior,de R$ 12.001/mês a R$ 16.000/mês,de 5 a 6 anos,de 7 a 10 anos,True,14000,-27.0,-51.0
35-39,Feminino,Parda,Sudeste,Graduação/Bacharelado,Empregado (CLT),Cientista de Dados,Sênior,de R$ 8.001/mês a R$ 12.000/mês,Mais de 10 anos,Menos de 1 ano,True,10000,-20.0,-44.0
35-39,Masculino,Parda,Sudeste,Pós-graduação,Empregado (CLT),Analista de Dados,Júnior,de R$ 3.001/mês a R$ 4.000/mês,de 1 a 2 anos,Não tive experiência na área de TI/Engenharia de Software antes de começar a trabalhar na área de dados,False,3500,-20.0,-44.0
35-39,Masculino,Parda,Sudeste,Graduação/Bacharelado,Empregado (CLT),Engenheiro de Dados,Pleno,de R$ 8.001/mês a R$ 12.000/mês,de 7 a 10 anos,de 3 a 4 anos,True,10000,-20.0,-44.0
35-39,Masculino,Branca,Nordeste,Pós-graduação,Empregado (CLT),Eng. Machine Learning,Sênior,de R$ 12.001/mês a R$ 16.000/mês,de 7 a 10 anos,Não tive experiência na área de TI/Engenharia de Software antes de começar a trabalhar na área de dados,True,14000,-8.0,-38.0
35-39,Masculino,Branca,Sul,Pós-graduação,Empregado (CLT),Engenheiro de Dados,Sênior,de R$ 16.001/mês a R$ 20.000/mês,de 7 a 10 anos,Mais de 10 anos,False,18000,-27.0,-51.0
35-39,Masculino,Branca,Sudeste,Pós-graduação,Empregado (CLT),Cientista de Dados,Pleno,de R$ 8.001/mês a R$ 12.000/mês,Mais de 10 anos,de 1 a 2 anos,True,10000,-20.0,-44.0
35-39,Masculino,Parda,Nordeste,Pós-graduação,Empregado (CLT),Analista de BI,Pleno,de R$ 4.001/mês a R$ 6.000/mês,de 3 a 4 anos,de 3 a 4 anos,False,5000,-8.0,-38.0
35-39,Masculino,Branca,Nordeste,Doutorado ou Phd,Empreendedor ou Empregado (CNPJ),Cientista de Dados,Pleno,de R$ 6.001/mês a R$ 8.000/mês,de 1 a 2 anos,Não tive experiência na área de TI/Engenharia de Software antes de começar a trabalhar na área de dados,True,7000,-8.0,-38.0
35-39,Masculino,Parda,Centro-oeste,Pós-graduação,Empregado (CLT),Analista de Suporte,Pleno,de R$ 6.001/mês a R$ 8.000/mês,de 7 a 10 anos,Não tive experiência na área de TI/Engenharia de Software antes de começar a trabalhar na área de dados,True,7000,-15.0,-52.0
35-39,Masculino,Branca,,Pós-graduação,Vivo fora do Brasil e trabalho para empresa de fora do Brasil,Engenheiro de Dados,Pleno,de R$ 30.001/mês a R$ 40.000/mês,de 1 a 2 anos,de 7 a 10 anos,True,35000,,
35-39,Feminino,Parda,Nordeste,Pós-graduação,Empregado (CLT),Analista de Suporte,Pleno,de R$ 4.001/mês a R$ 6.000/mês,de 1 a 2 anos,Não tive experiência na área de TI/Engenharia de Software antes de começar a trabalhar na área de dados,True,5000,-8.0,-38.0
35-39,Feminino,Branca,,Mestrado,Empreendedor ou Empregado (CNPJ),Eng. Machine Learning,Sênior,de R$ 8.001/mês a R$ 12.000/mês,de 3 a 4 anos,Não tive experiência na área de TI/Engenharia de Software antes de começar a trabalhar na área de dados,True,10000,,
35-39,Masculino,Parda,Sul,Mestrado,Empregado (CLT),Cientista de Dados,Pleno,de R$ 8.001/mês a R$ 12.000/mês,de 5 a 6 anos,Não tive experiência na área de TI/Engenharia de Software antes de começar a trabalhar na área de dados,True,10000,-27.0,-51.0
35-39,Masculino,Branca,Sul,Prefiro não informar,Empregado (CLT),Engenheiro de Dados,Sênior,de R$ 16.001/mês a R$ 20.000/mês,de 7 a 10 anos,Mais de 10 anos,True,18000,-27.0,-51.0
35-39,Masculino,Branca,Sudeste,Pós-graduação,Empregado (CLT),Engenheiro de Dados,Sênior,de R$ 8.001/mês a R$ 12.000/mês,Mais de 10 anos,de 7 a 10 anos,True,10000,-20.0,-44.0
35-39,Feminino,Branca,Sudeste,Pós-graduação,Empregado (CLT),Analista de Dados,Sênior,de R$ 8.001/mês a R$ 12.000/mês,de 3 a 4 anos,Não tive experiência na área de TI/Engenharia de Software antes de começar a trabalhar na área de dados,True,10000,-20.0,-44.0
35-39,Masculino,Branca,Sul,Pós-graduação,Servidor Público,Engenheiro de Dados,Pleno,de R$ 12.001/mês a R$ 16.000/mês,de 3 a 4 anos,de 7 a 10 anos,True,14000,-27.0,-51.0
35-39,Masculino,Branca,Nordeste,Graduação/Bacharelado,Empreendedor ou Empregado (CNPJ),Analista de Dados,Júnior,de R$ 2.001/mês a R$ 3.000/mês,de 1 a 2 anos,de 1 a 2 anos,False,2500,-8.0,-38.0
35-39,Masculino,Branca,Nordeste,Mestrado,Empregado (CLT),Cientista de Dados,Sênior,de R$ 16.001/mês a R$ 20.000/mês,de 3 a 4 anos,Não tive experiência na área de TI/Engenharia de Software antes de começar a trabalhar na área de dados,True,18000,-8.0,-38.0
35-39,Masculino,Branca,Sudeste,Mestrado,Empregado (CLT),Cientista de Dados,Sênior,de R$ 12.001/mês a R$ 16.000/mês,Mais de 10 anos,de 7 a 10 anos,False,14000,-20.0,-44.0
35-39,Masculino,Branca,Sul,Graduação/Bacharelado,Empregado (CLT),Cientista de Dados,Pleno,de R$ 8.001/mês a R$ 12.000/mês,de 1 a 2 anos,Não tive experiência na área de TI/Engenharia de Software antes de começar a trabalhar na área de dados,True,10000,-27.0,-51.0
35-39,Masculino,Branca,Nordeste,Mestrado,Empregado (CLT),Engenheiro de Dados,Sênior,de R$ 8.001/mês a R$ 12.000/mês,de 7 a 10 anos,Mais de 10 anos,False,10000,-8.0,-38.0
35-39,Masculino,Branca,Sul,Graduação/Bacharelado,Empregado (CLT),Engenheiro de Dados,Sênior,de R$ 20.001/mês a R$ 25.000/mês,de 5 a 6 anos,de 7 a 10 anos,True,22500,-27.0,-51.0
35-39,Feminino,Branca,Sudeste,Pós-graduação,Empregado (CLT),Analista de Dados,Sênior,de R$ 16.001/mês a R$ 20.000/mês,de 7 a 10 anos,Não tive experiência na área de TI/Engenharia de Software antes de começar a trabalhar na área de dados,True,18000,-20.0,-44.0
35-39,Masculino,Branca,Sudeste,Graduação/Bacharelado,Empregado (CLT),Engenheiro de Dados,Sênior,de R$ 25.001/mês a R$ 30.000/mês,de 7 a 10 anos,de 3 a 4 anos,True,27500,-20.0,-44.0
35-39,Masculino,Branca,Sul,Pós-graduação,Empregado (CLT),Product Manager,Sênior,de R$ 8.001/mês a R$ 12.000/mês,de 3 a 4 anos,Não tive experiência na área de TI/Engenharia de Software antes de começar a trabalhar na área de dados,True,10000,-27.0,-51.0
35-39,Masculino,Amarela,Sudeste,Graduação/Bacharelado,Empregado (CLT),Engenheiro de Dados,Sênior,de R$ 12.001/mês a R$ 16.000/mês,de 7 a 10 anos,Menos de 1 ano,True,14000,-20.0,-44.0
35-39,Masculino,Branca,Sul,Graduação/Bacharelado,Empregado (CLT),Analista de Dados,Pleno,de R$ 4.001/mês a R$ 6.000/mês,Mais de 10 anos,Não tive experiência na área de TI/Engenharia de Software antes de começar a trabalhar na área de dados,True,5000,-27.0,-51.0
35-39,Masculino,Parda,Sudeste,Pós-graduação,Desempregado e não estou buscando recolocação,Analista de Dados,Sênior,de R$ 16.001/mês a R$ 20.000/mês,Mais de 10 anos,de 5 a 6 anos,False,18000,-20.0,-44.0
35-39,Masculino,Branca,Sudeste,Pós-graduação,Empregado (CLT),Analista de BI,Sênior,de R$ 8.001/mês a R$ 12.000/mês,de 3 a 4 anos,Não tive experiência na área de TI/Engenharia de Software antes de começar a trabalhar na área de dados,True,10000,-20.0,-44.0
35-39,Masculino,Preta,Sudeste,Pós-graduação,Empregado (CLT),Analytics Engineer,Sênior,de R$ 16.001/mês a R$ 20.000/mês,Mais de 10 anos,de 3 a 4 anos,True,18000,-20.0,-44.0
35-39,Masculino,Branca,Sudeste,Graduação/Bacharelado,Empregado (CLT),Analista de Dados,Sênior,de R$ 4.001/mês a R$ 6.000/mês,de 7 a 10 anos,Menos de 1 ano,False,5000,-20.0,-44.0
35-39,Masculino,Branca,Sul,Pós-graduação,Empregado (CLT),Engenheiro de Dados,Pleno,de R$ 8.001/mês a R$ 12.000/mês,de 5 a 6 anos,Mais de 10 anos,True,10000,-27.0,-51.0
35-39,Masculino,Branca,Sul,Graduação/Bacharelado,Empregado (CLT),Product Manager,Sênior,de R$ 16.001/mês a R$ 20.000/mês,Mais de 10 anos,de 5 a 6 anos,True,18000,-27.0,-51.0
35-39,Masculino,Parda,Sul,Pós-graduação,Empregado (CLT),Engenheiro de Dados,Sênior,de R$ 8.001/mês a R$ 12.000/mês,de 5 a 6 anos,de 7 a 10 anos,False,10000,-27.0,-51.0
35-39,Masculino,Parda,Sudeste,Graduação/Bacharelado,Empregado (CLT),Analista de Dados,Pleno,de R$ 4.001/mês a R$ 6.000/mês,de 1 a 2 anos,Não tive experiência na área de TI/Engenharia de Software antes de começar a trabalhar na área de dados,False,5000,-20.0,-44.0
35-39,Masculino,Branca,Centro-oeste,Mestrado,Servidor Público,Cientista de Dados,Pleno,de R$ 8.001/mês a R$ 12.000/mês,de 7 a 10 anos,Não tive experiência na área de TI/Engenharia de Software antes de começar a trabalhar na área de dados,True,10000,-15.0,-52.0
35-39,Feminino,Branca,Sul,Mestrado,Empregado (CLT),Product Manager,Sênior,de R$ 8.001/mês a R$ 12.000/mês,de 7 a 10 anos,Mais de 10 anos,True,10000,-27.0,-51.0
35-39,Masculino,Branca,Sul,Graduação/Bacharelado,Empregado (CLT),Engenheiro de Dados,Sênior,de R$ 16.001/mês a R$ 20.000/mês,de 5 a 6 anos,Mais de 10 anos,True,18000,-27.0,-51.0
35-39,Feminino,Branca,Sudeste,Graduação/Bacharelado,Empregado (CLT),Analista de Dados,Sênior,de R$ 8.001/mês a R$ 12.000/mês,Mais de 10 anos,Mais de 10 anos,True,10000,-20.0,-44.0
35-39,Masculino,Branca,Sul,Pós-graduação,Empregado (CLT),Analista de Negócios,Sênior,de R$ 6.001/mês a R$ 8.000/mês,de 5 a 6 anos,Não tive experiência na área de TI/Engenharia de Software antes de começar a trabalhar na área de dados,True,7000,-27.0,-51.0
35-39,Masculino,Branca,Sudeste,Pós-graduação,Empregado (CLT),Analytics Engineer,Sênior,de R$ 8.001/mês a R$ 12.000/mês,de 5 a 6 anos,Mais de 10 anos,True,10000,-20.0,-44.0
35-39,Masculino,Branca,Sudeste,Pós-graduação,Empregado (CLT),Engenheiro de Dados,Sênior,de R$ 12.001/mês a R$ 16.000/mês,Mais de 10 anos,Não tive experiência na área de TI/Engenharia de Software antes de começar a trabalhar na área de dados,True,14000,-20.0,-44.0
35-39,Masculino,Parda,Sudeste,Mestrado,Vivo no Brasil e trabalho remoto para empresa de fora do Brasil,Arquiteto de Dados,Sênior,de R$ 30.001/mês a R$ 40.000/mês,Mais de 10 anos,Mais de 10 anos,False,35000,-20.0,-44.0
35-39,Feminino,Branca,Sudeste,Mestrado,Empregado (CLT),Analista de BI,Pleno,de R$ 6.001/mês a R$ 8.000/mês,de 1 a 2 anos,Não tive experiência na área de TI/Engenharia de Software antes de começar a trabalhar na área de dados,False,7000,-20.0,-44.0
35-39,Feminino,Preta,Sul,Pós-graduação,Empregado (CLT),Analista de Dados,Pleno,de R$ 6.001/mês a R$ 8.000/mês,de 1 a 2 anos,Não tive experiência na área de TI/Engenharia de Software antes de começar a trabalhar na área de dados,True,7000,-27.0,-51.0
35-39,Masculino,Branca,Sudeste,Pós-graduação,Empregado (CLT),Arquiteto de Dados,Sênior,de R$ 20.001/mês a R$ 25.000/mês,de 7 a 10 anos,de 7 a 10 anos,True,22500,-20.0,-44.0
35-39,Masculino,Branca,Sudeste,Pós-graduação,Empregado (CLT),Desenvolvedor,Pleno,de R$ 6.001/mês a R$ 8.000/mês,de 5 a 6 anos,Mais de 10 anos,False,7000,-20.0,-44.0
35-39,Masculino,Branca,Nordeste,Graduação/Bacharelado,Empreendedor ou Empregado (CNPJ),Analista de Dados,Júnior,de R$ 2.001/mês a R$ 3.000/mês,de 1 a 2 anos,de 1 a 2 anos,False,2500,-8.0,-38.0
35-39,Masculino,Parda,Sul,Pós-graduação,Empregado (CLT),Analista de Dados,Sênior,de R$ 12.001/mês a R$ 16.000/mês,Mais de 10 anos,Não tive experiência na área de TI/Engenharia de Software antes de começar a trabalhar na área de dados,True,14000,-27.0,-51.0
35-39,Feminino,Branca,Sul,Pós-graduação,Empregado (CLT),Product Manager,Sênior,de R$ 8.001/mês a R$ 12.000/mês,de 1 a 2 anos,Mais de 10 anos,True,10000,-27.0,-51.0
35-39,Masculino,Branca,Sudeste,Mestrado,Empreendedor ou Empregado (CNPJ),Engenheiro de Dados,Pleno,de R$ 8.001/mês a R$ 12.000/mês,de 3 a 4 anos,Menos de 1 ano,True,10000,-20.0,-44.0
35-39,Masculino,Parda,Sudeste,Pós-graduação,Empregado (CLT),Outro,Sênior,de R$ 30.001/mês a R$ 40.000/mês,Mais de 10 anos,Não tive experiência na área de TI/Engenharia de Software antes de começar a trabalhar na área de dados,False,35000,-20.0,-44.0
35-39,Feminino,Parda,Nordeste,Pós-graduação,Empreendedor ou Empregado (CNPJ),Analista de Dados,Pleno,de R$ 1.001/mês a R$ 2.000/mês,de 1 a 2 anos,de 3 a 4 anos,False,1500,-8.0,-38.0
35-39,Masculino,Parda,Nordeste,Mestrado,Empregado (CLT),Engenheiro de Dados,Sênior,de R$ 25.001/mês a R$ 30.000/mês,de 7 a 10 anos,de 5 a 6 anos,False,27500,-8.0,-38.0
35-39,Feminino,Branca,Sul,Doutorado ou Phd,Empregado (CLT),Product Manager,Sênior,de R$ 12.001/mês a R$ 16.000/mês,de 5 a 6 anos,Não tive experiência na área de TI/Engenharia de Software antes de começar a trabalhar na área de dados,True,14000,-27.0,-51.0
35-39,Masculino,Branca,Nordeste,Pós-graduação,Empregado (CLT),Analista de Dados,Sênior,de R$ 8.001/mês a R$ 12.000/mês,de 7 a 10 anos,de 1 a 2 anos,True,10000,-8.0,-38.0
35-39,Masculino,Branca,Sudeste,Mestrado,Empregado (CLT),Eng. Machine Learning,Sênior,de R$ 20.001/mês a R$ 25.000/mês,de 5 a 6 anos,Não tive experiência na área de TI/Engenharia de Software antes de começar a trabalhar na área de dados,True,22500,-20.0,-44.0
35-39,Masculino,Branca,Sul,Pós-graduação,Empregado (CLT),Engenheiro de Dados,Sênior,de R$ 16.001/mês a R$ 20.000/mês,de 7 a 10 anos,de 7 a 10 anos,True,18000,-27.0,-51.0
35-39,Masculino,Branca,Sudeste,Doutorado ou Phd,Empregado (CLT),Cientista de Dados,Sênior,de R$ 20.001/mês a R$ 25.000/mês,Mais de 10 anos,Não tive experiência na área de TI/Engenharia de Software antes de começar a trabalhar na área de dados,True,22500,-20.0,-44.0
35-39,Masculino,Parda,Sudeste,Graduação/Bacharelado,Empregado (CLT),Analytics Engineer,Sênior,de R$ 12.001/mês a R$ 16.000/mês,de 5 a 6 anos,de 1 a 2 anos,True,14000,-20.0,-44.0
35-39,Masculino,Parda,Nordeste,Mestrado,Empregado (CLT),Desenvolvedor,Sênior,de R$ 8.001/mês a R$ 12.000/mês,Mais de 10 anos,de 7 a 10 anos,False,10000,-8.0,-38.0
35-39,Feminino,Branca,Sudeste,Graduação/Bacharelado,Empregado (CLT),Analista de Suporte,Sênior,de R$ 2.001/mês a R$ 3.000/mês,de 1 a 2 anos,Não tive experiência na área de TI/Engenharia de Software antes de começar a trabalhar na área de dados,False,2500,-20.0,-44.0
35-39,Masculino,Branca,Sudeste,Graduação/Bacharelado,Empregado (CLT),Engenheiro de Dados,Sênior,de R$ 16.001/mês a R$ 20.000/mês,Mais de 10 anos,Mais de 10 anos,True,18000,-20.0,-44.0
35-39,Masculino,Parda,Sudeste,Pós-graduação,Empregado (CLT),Engenheiro de Dados,Sênior,de R$ 12.001/mês a R$ 16.000/mês,de 7 a 10 anos,de 3 a 4 anos,True,14000,-20.0,-44.0
35-39,Masculino,Parda,Sul,Graduação/Bacharelado,Empregado (CLT),Cientista de Dados,Júnior,de R$ 2.001/mês a R$ 3.000/mês,Menos de 1 ano,de 7 a 10 anos,False,2500,-27.0,-51.0
35-39,Masculino,Branca,Sudeste,Mestrado,Empregado (CLT),Outro,Sênior,de R$ 8.001/mês a R$ 12.000/mês,de 3 a 4 anos,Não tive experiência na área de TI/Engenharia de Software antes de começar a trabalhar na área de dados,True,10000,-20.0,-44.0
35-39,Feminino,Branca,Sudeste,Pós-graduação,Empregado (CLT),Analytics Engineer,Sênior,de R$ 20.001/mês a R$ 25.000/mês,Mais de 10 anos,de 5 a 6 anos,False,22500,-20.0,-44.0
35-39,Masculino,Branca,Sudeste,Graduação/Bacharelado,Empregado (CLT),Outras Engenharias,Sênior,de R$ 12.001/mês a R$ 16.000/mês,de 3 a 4 anos,de 7 a 10 anos,True,14000,-20.0,-44.0
35-39,Masculino,Branca,Sudeste,Pós-graduação,Empregado (CLT),Analista de Dados,Júnior,de R$ 3.001/mês a R$ 4.000/mês,de 1 a 2 anos,Não tive experiência na área de TI/Engenharia de Software antes de começar a trabalhar na área de dados,True,3500,-20.0,-44.0
35-39,Masculino,Branca,Sudeste,Doutorado ou Phd,Empregado (CLT),Estatístico,Pleno,de R$ 6.001/mês a R$ 8.000/mês,de 7 a 10 anos,Não tive experiência na área de TI/Engenharia de Software antes de começar a trabalhar na área de dados,False,7000,-20.0,-44.0
35-39,Masculino,Branca,Sudeste,Pós-graduação,Empregado (CLT),Analista de Dados,Sênior,de R$ 8.001/mês a R$ 12.000/mês,Mais de 10 anos,Mais de 10 anos,False,10000,-20.0,-44.0
35-39,Masculino,Parda,Sudeste,Graduação/Bacharelado,Empregado (CLT),Analista de Dados,Sênior,de R$ 8.001/mês a R$ 12.000/mês,de 1 a 2 anos,Não tive experiência na área de TI/Engenharia de Software antes de começar a trabalhar na área de dados,False,10000,-20.0,-44.0
35-39,Feminino,Branca,Sudeste,Pós-graduação,Empregado (CLT),Analista de Dados,Sênior,de R$ 8.001/mês a R$ 12.000/mês,Mais de 10 anos,de 3 a 4 anos,True,10000,-20.0,-44.0
35-39,Masculino,Branca,Sul,Graduação/Bacharelado,Empregado (CLT),Engenheiro de Dados,Sênior,de R$ 12.001/mês a R$ 16.000/mês,de 3 a 4 anos,Mais de 10 anos,True,14000,-27.0,-51.0
35-39,Masculino,Branca,Sul,Graduação/Bacharelado,Empregado (CLT),Arquiteto de Dados,Sênior,de R$ 16.001/mês a R$ 20.000/mês,Mais de 10 anos,Mais de 10 anos,False,18000,-27.0,-51.0
40-44,Masculino,Branca,Sul,Graduação/Bacharelado,Empregado (CLT),Engenheiro de Dados,Pleno,de R$ 8.001/mês a R$ 12.000/mês,de 3 a 4 anos,Mais de 10 anos,True,10000,-27.0,-51.0
40-44,Masculino,Branca,Sudeste,Pós-graduação,Empregado (CLT),Analista de Dados,Sênior,de R$ 12.001/mês a R$ 16.000/mês,de 7 a 10 anos,de 7 a 10 anos,False,14000,-20.0,-44.0
40-44,Masculino,Branca,Sul,Graduação/Bacharelado,Empregado (CLT),Analista de BI,Júnior,de R$ 3.001/mês a R$ 4.000/mês,de 1 a 2 anos,de 3 a 4 anos,False,3500,-27.0,-51.0
40-44,Masculino,Preta,Sudeste,Pós-graduação,Empregado (CLT),Analista de Dados,Júnior,de R$ 4.001/mês a R$ 6.000/mês,de 1 a 2 anos,Não tive experiência na área de TI/Engenharia de Software antes de começar a trabalhar na área de dados,False,5000,-20.0,-44.0
40-44,Masculino,Branca,Centro-oeste,Pós-graduação,Empregado (CLT),Engenheiro de Dados,Sênior,de R$ 12.001/mês a R$ 16.000/mês,de 5 a 6 anos,de 3 a 4 anos,False,14000,-15.0,-52.0
40-44,Feminino,Prefiro não informar,Centro-oeste,Estudante de Graduação,Empregado (CLT),Analista de Negócios,Sênior,de R$ 6.001/mês a R$ 8.000/mês,de 1 a 2 anos,Não tive experiência na área de TI/Engenharia de Software antes de começar a trabalhar na área de dados,True,7000,-15.0,-52.0
40-44,Masculino,Branca,Sudeste,Pós-graduação,Empregado (CLT),Engenheiro de Dados,Sênior,de R$ 12.001/mês a R$ 16.000/mês,Mais de 10 anos,de 5 a 6 anos,True,14000,-20.0,-44.0
40-44,Masculino,Branca,Sudeste,Pós-graduação,Empregado (CLT),Engenheiro de Dados,Pleno,de R$ 8.001/mês a R$ 12.000/mês,de 3 a 4 anos,Não tive experiência na área de TI/Engenharia de Software antes de começar a trabalhar na área de dados,True,10000,-20.0,-44.0
40-44,Masculino,Branca,Sudeste,Pós-graduação,Empregado (CLT),Analista de BI,Pleno,de R$ 4.001/mês a R$ 6.000/mês,Menos de 1 ano,Não tive experiência na área de TI/Engenharia de Software antes de começar a trabalhar na área de dados,True,5000,-20.0,-44.0
40-44,Masculino,Branca,Sudeste,Doutorado ou Phd,Empregado (CLT),Professor/Pesquisador,Pleno,de R$ 8.001/mês a R$ 12.000/mês,de 5 a 6 anos,Não tive experiência na área de TI/Engenharia de Software antes de começar a trabalhar na área de dados,False,10000,-20.0,-44.0
40-44,Masculino,Branca,Sudeste,Pós-graduação,Empregado (CLT),Product Manager,Sênior,de R$ 12.001/mês a R$ 16.000/mês,Menos de 1 ano,Mais de 10 anos,False,14000,-20.0,-44.0
40-44,Masculino,Parda,Sudeste,Doutorado ou Phd,Empregado (CLT),Cientista de Dados,Sênior,de R$ 25.001/mês a R$ 30.000/mês,de 7 a 10 anos,de 1 a 2 anos,True,27500,-20.0,-44.0
40-44,Masculino,Branca,Sudeste,Graduação/Bacharelado,Empregado (CLT),Outro,Sênior,de R$ 2.001/mês a R$ 3.000/mês,de 1 a 2 anos,Não tive experiência na área de TI/Engenharia de Software antes de começar a trabalhar na área de dados,True,2500,-20.0,-44.0
40-44,Prefiro não informar,Branca,Sudeste,Pós-graduação,Empregado (CLT),Engenheiro de Dados,Pleno,de R$ 6.001/mês a R$ 8.000/mês,de 1 a 2 anos,de 1 a 2 anos,True,7000,-20.0,-44.0
40-44,Masculino,Branca,Sudeste,Pós-graduação,Vivo no Brasil e trabalho remoto para empresa de fora do Brasil,Analytics Engineer,Júnior,de R$ 4.001/mês a R$ 6.000/mês,de 5 a 6 anos,de 1 a 2 anos,True,5000,-20.0,-44.0
40-44,Masculino,Branca,Sudeste,Pós-graduação,Empregado (CLT),Analista de Dados,Sênior,de R$ 12.001/mês a R$ 16.000/mês,Mais de 10 anos,Não tive experiência na área de TI/Engenharia de Software antes de começar a trabalhar na área de dados,True,14000,-20.0,-44.0
40-44,Masculino,Branca,Sudeste,Pós-graduação,Empregado (CLT),Engenheiro de Dados,Sênior,de R$ 16.001/mês a R$ 20.000/mês,de 7 a 10 anos,de 7 a 10 anos,False,18000,-20.0,-44.0
40-44,Masculino,Branca,Nordeste,Mestrado,Servidor Público,Cientista de Dados,Júnior,de R$ 20.001/mês a R$ 25.000/mês,Menos de 1 ano,Mais de 10 anos,True,22500,-8.0,-38.0
40-44,Feminino,Branca,Sudeste,Doutorado ou Phd,Servidor Público,Professor/Pesquisador,Pleno,de R$ 8.001/mês a R$ 12.000/mês,Mais de 10 anos,Não tive experiência na área de TI/Engenharia de Software antes de começar a trabalhar na área de dados,False,10000,-20.0,-44.0
40-44,Masculino,Parda,,Mestrado,Vivo fora do Brasil e trabalho para empresa de fora do Brasil,Engenheiro de Dados,Sênior,de R$ 30.001/mês a R$ 40.000/mês,de 5 a 6 anos,de 7 a 10 anos,True,35000,,
40-44,Masculino,Branca,Sudeste,Mestrado,Vivo no Brasil e trabalho remoto para empresa de fora do Brasil,Engenheiro de Dados,Sênior,de R$ 25.001/mês a R$ 30.000/mês,de 5 a 6 anos,de 5 a 6 anos,False,27500,-20.0,-44.0
40-44,Masculino,Branca,Sudeste,Mestrado,Empregado (CLT),Eng. Machine Learning,Sênior,de R$ 30.001/mês a R$ 40.000/mês,Mais de 10 anos,Mais de 10 anos,True,35000,-20.0,-44.0
40-44,Feminino,Parda,Sul,Graduação/Bacharelado,Empregado (CLT),Analista de Dados,Júnior,de R$ 4.001/mês a R$ 6.000/mês,Menos de 1 ano,Não tive experiência na área de TI/Engenharia de Software antes de começar a trabalhar na área de dados,True,5000,-27.0,-51.0
40-44,Masculino,Prefiro não informar,Nordeste,Pós-graduação,Empregado (CLT),Engenheiro de Dados,Sênior,de R$ 8.001/mês a R$ 12.000/mês,de 5 a 6 anos,Mais de 10 anos,True,10000,-8.0,-38.0
40-44,Masculino,Branca,Sul,Pós-graduação,Empregado (CLT),Eng. Machine Learning,Sênior,de R$ 25.001/mês a R$ 30.000/mês,de 5 a 6 anos,Mais de 10 anos,True,27500,-27.0,-51.0
40-44,Masculino,Parda,Centro-oeste,Graduação/Bacharelado,Empregado (CLT),Cientista de Dados,Sênior,de R$ 8.001/mês a R$ 12.000/mês,Mais de 10 anos,Não tive experiência na área de TI/Engenharia de Software antes de começar a trabalhar na área de dados,True,10000,-15.0,-52.0
40-44,Masculino,Preta,Sudeste,Pós-graduação,Empregado (CLT),Analista de Suporte,Sênior,de R$ 16.001/mês a R$ 20.000/mês,Menos de 1 ano,Mais de 10 anos,False,18000,-20.0,-44.0
40-44,Masculino,Branca,Sudeste,Pós-graduação,Empregado (CLT),Analista de Dados,Sênior,de R$ 8.001/mês a R$ 12.000/mês,de 7 a 10 anos,Mais de 10 anos,True,10000,-20.0,-44.0
40-44,Masculino,Branca,Nordeste,Graduação/Bacharelado,Empregado (CLT),Cientista de Dados,Júnior,de R$ 6.001/mês a R$ 8.000/mês,de 1 a 2 anos,Não tive experiência na área de TI/Engenharia de Software antes de começar a trabalhar na área de dados,True,7000,-8.0,-38.0
40-44,Masculino,Parda,Nordeste,Pós-graduação,Empregado (CLT),Engenheiro de Dados,Sênior,de R$ 12.001/mês a R$ 16.000/mês,Mais de 10 anos,de 3 a 4 anos,True,14000,-8.0,-38.0
40-44,Masculino,Parda,Sul,Graduação/Bacharelado,Empregado (CLT),Analista de Dados,Júnior,de R$ 4.001/mês a R$ 6.000/mês,de 1 a 2 anos,Não tive experiência na área de TI/Engenharia de Software antes de começar a trabalhar na área de dados,True,5000,-27.0,-51.0
40-44,Masculino,Branca,,Doutorado ou Phd,Vivo fora do Brasil e trabalho para empresa de fora do Brasil,Cientista de Dados,Sênior,de R$ 20.001/mês a R$ 25.000/mês,de 5 a 6 anos,Não tive experiência na área de TI/Engenharia de Software antes de começar a trabalhar na área de dados,False,22500,,
40-44,Masculino,Parda,Sudeste,Pós-graduação,Empregado (CLT),Analista de BI,Pleno,de R$ 4.001/mês a R$ 6.000/mês,de 1 a 2 anos,de 5 a 6 anos,True,5000,-20.0,-44.0
40-44,Masculino,Branca,Sul,Pós-graduação,Vivo fora do Brasil e trabalho para empresa de fora do Brasil,Outro,Sênior,de R$ 30.001/mês a R$ 40.000/mês,de 1 a 2 anos,de 3 a 4 anos,False,35000,-27.0,-51.0
40-44,Masculino,Branca,Nordeste,Pós-graduação,Empregado (CLT),Analista de Suporte,Pleno,de R$ 3.001/mês a R$ 4.000/mês,Menos de 1 ano,Não tive experiência na área de TI/Engenharia de Software antes de começar a trabalhar na área de dados,False,3500,-8.0,-38.0
40-44,Masculino,Branca,,Mestrado,Vivo fora do Brasil e trabalho para empresa de fora do Brasil,Engenheiro de Dados,Sênior,Acima de R$ 40.001/mês,Mais de 10 anos,Não tive experiência na área de TI/Engenharia de Software antes de começar a trabalhar na área de dados,True,45000,,
40-44,Masculino,Branca,Sudeste,Mestrado,Empregado (CLT),Analista de Dados,Pleno,de R$ 12.001/mês a R$ 16.000/mês,de 7 a 10 anos,Não tive experiência na área de TI/Engenharia de Software antes de começar a trabalhar na área de dados,True,14000,-20.0,-44.0
40-44,Feminino,Branca,Sudeste,Pós-graduação,Empregado (CLT),Engenheiro de Dados,Pleno,de R$ 6.001/mês a R$ 8.000/mês,de 1 a 2 anos,de 1 a 2 anos,True,7000,-20.0,-44.0
40-44,Masculino,Parda,Sudeste,Pós-graduação,Empregado (CLT),Engenheiro de Dados,Pleno,de R$ 8.001/mês a R$ 12.000/mês,de 3 a 4 anos,Mais de 10 anos,True,10000,-20.0,-44.0
40-44,Feminino,Branca,Sudeste,Doutorado ou Phd,Empregado (CLT),Cientista de Dados,Pleno,de R$ 8.001/mês a R$ 12.000/mês,de 1 a 2 anos,Não tive experiência na área de TI/Engenharia de Software antes de começar a trabalhar na área de dados,True,10000,-20.0,-44.0
40-44,Feminino,Branca,Sudeste,Graduação/Bacharelado,Empregado (CLT),Analista de Negócios,Pleno,de R$ 6.001/mês a R$ 8.000/mês,de 3 a 4 anos,Não tive experiência na área de TI/Engenharia de Software antes de começar a trabalhar na área de dados,True,7000,-20.0,-44.0
40-44,Prefiro não informar,Branca,Nordeste,Mestrado,Empregado (CLT),Cientista de Dados,Sênior,de R$ 8.001/mês a R$ 12.000/mês,de 7 a 10 anos,de 3 a 4 anos,False,10000,-8.0,-38.0
40-44,Masculino,Parda,Sudeste,Graduação/Bacharelado,Empregado (CLT),Outro,Sênior,de R$ 16.001/mês a R$ 20.000/mês,Mais de 10 anos,de 5 a 6 anos,True,18000,-20.0,-44.0
40-44,Masculino,Branca,Sudeste,Graduação/Bacharelado,Empregado (CLT),Outro,Pleno,de R$ 8.001/mês a R$ 12.000/mês,de 5 a 6 anos,de 7 a 10 anos,True,10000,-20.0,-44.0
40-44,Feminino,Branca,Sudeste,Doutorado ou Phd,Vivo no Brasil e trabalho remoto para empresa de fora do Brasil,Analista de Dados,Sênior,Acima de R$ 40.001/mês,Mais de 10 anos,Não tive experiência na área de TI/Engenharia de Software antes de começar a trabalhar na área de dados,False,45000,-20.0,-44.0
40-44,Masculino,Branca,Sudeste,Pós-graduação,Empreendedor ou Empregado (CNPJ),Cientista de Dados,Pleno,de R$ 12.001/mês a R$ 16.000/mês,de 1 a 2 anos,de 1 a 2 anos,False,14000,-20.0,-44.0
40-44,Masculino,Parda,Nordeste,Graduação/Bacharelado,Empregado (CLT),Outro,Sênior,de R$ 2.001/mês a R$ 3.000/mês,de 1 a 2 anos,de 3 a 4 anos,False,2500,-8.0,-38.0
40-44,Masculino,Parda,Nordeste,Pós-graduação,Empregado (CLT),Engenheiro de Dados,Sênior,de R$ 8.001/mês a R$ 12.000/mês,de 5 a 6 anos,Mais de 10 anos,False,10000,-8.0,-38.0
40-44,Feminino,Branca,Sudeste,Pós-graduação,Freelancer,Outro,Júnior,Menos de R$ 1.000/mês,Não tenho experiência na área de dados,Não tive experiência na área de TI/Engenharia de Software antes de começar a trabalhar na área de dados,False,500,-20.0,-44.0
40-44,Masculino,Parda,Sudeste,Graduação/Bacharelado,Empreendedor ou Empregado (CNPJ),Analista de BI,Pleno,de R$ 8.001/mês a R$ 12.000/mês,de 5 a 6 anos,Menos de 1 ano,True,10000,-20.0,-44.0
40-44,Feminino,Parda,Sudeste,Pós-graduação,Empregado (CLT),Analista de BI,Pleno,de R$ 4.001/mês a R$ 6.000/mês,de 3 a 4 anos,Não tive experiência na área de TI/Engenharia de Software antes de começar a trabalhar na área de dados,True,5000,-20.0,-44.0
40-44,Masculino,Branca,Sul,Pós-graduação,Empregado (CLT),Arquiteto de Dados,Pleno,de R$ 12.001/mês a R$ 16.000/mês,de 3 a 4 anos,de 1 a 2 anos,True,14000,-27.0,-51.0
40-44,Feminino,Preta,Sudeste,Pós-graduação,Empregado (CLT),Arquiteto de Dados,Sênior,de R$ 12.001/mês a R$ 16.000/mês,Mais de 10 anos,Mais de 10 anos,True,14000,-20.0,-44.0
40-44,Masculino,Branca,Sudeste,Pós-graduação,Empregado (CLT),Analista de Dados,Sênior,de R$ 8.001/mês a R$ 12.000/mês,de 5 a 6 anos,Não tive experiência na área de TI/Engenharia de Software antes de começar a trabalhar na área de dados,True,10000,-20.0,-44.0
40-44,Masculino,Branca,Sul,Pós-graduação,Empregado (CLT),Engenheiro de Dados,Sênior,de R$ 12.001/mês a R$ 16.000/mês,Mais de 10 anos,Mais de 10 anos,True,14000,-27.0,-51.0
40-44,Masculino,Branca,Sudeste,Pós-graduação,Empregado (CLT),Engenheiro de Dados,Sênior,de R$ 8.001/mês a R$ 12.000/mês,de 3 a 4 anos,Não tive experiência na área de TI/Engenharia de Software antes de começar a trabalhar na área de dados,False,10000,-20.0,-44.0
40-44,Masculino,Branca,Centro-oeste,Pós-graduação,Empregado (CLT),Analista de Dados,Sênior,de R$ 8.001/mês a R$ 12.000/mês,de 7 a 10 anos,Não tive experiência na área de TI/Engenharia de Software antes de começar a trabalhar na área de dados,False,10000,-15.0,-52.0
40-44,Masculino,Branca,Sudeste,Pós-graduação,Empregado (CLT),Cientista de Dados,Pleno,de R$ 16.001/mês a R$ 20.000/mês,de 3 a 4 anos,Não tive experiência na área de TI/Engenharia de Software antes de começar a trabalhar na área de dados,True,18000,-20.0,-44.0
40-44,Feminino,Preta,Sudeste,Pós-graduação,Empregado (CLT),Analytics Engineer,Sênior,de R$ 12.001/mês a R$ 16.000/mês,Mais de 10 anos,Não tive experiência na área de TI/Engenharia de Software antes de começar a trabalhar na área de dados,True,14000,-20.0,-44.0
40-44,Masculino,Branca,Sul,Doutorado ou Phd,Empregado (CLT),Cientista de Dados,Pleno,de R$ 8.001/mês a R$ 12.000/mês,de 3 a 4 anos,Não tive experiência na área de TI/Engenharia de Software antes de começar a trabalhar na área de dados,True,10000,-27.0,-51.0
40-44,Masculino,Parda,Sudeste,Pós-graduação,Empreendedor ou Empregado (CNPJ),Analista de Dados,Pleno,de R$ 6.001/mês a R$ 8.000/mês,Menos de 1 ano,Menos de 1 ano,False,7000,-20.0,-44.0
40-44,Masculino,Branca,Nordeste,Pós-graduação,Empregado (CLT),Desenvolvedor,Júnior,de R$ 8.001/mês a R$ 12.000/mês,de 1 a 2 anos,Menos de 1 ano,True,10000,-8.0,-38.0
40-44,Masculino,Branca,Sul,Pós-graduação,Empregado (CLT),Analista de BI,Júnior,de R$ 6.001/mês a R$ 8.000/mês,de 1 a 2 anos,de 1 a 2 anos,True,7000,-27.0,-51.0
40-44,Masculino,Branca,Sudeste,Mestrado,Empregado (CLT),Engenheiro de Dados,Sênior,de R$ 6.001/mês a R$ 8.000/mês,de 7 a 10 anos,Mais de 10 anos,False,7000,-20.0,-44.0
40-44,Masculino,Branca,Norte,Doutorado ou Phd,Empregado (CLT),Cientista de Dados,Sênior,de R$ 25.001/mês a R$ 30.000/mês,Mais de 10 anos,Mais de 10 anos,True,27500,-5.0,-60.0
40-44,Masculino,Parda,Sudeste,Pós-graduação,Empregado (CLT),Cientista de Dados,Júnior,de R$ 8.001/mês a R$ 12.000/mês,Menos de 1 ano,Não tive experiência na área de TI/Engenharia de Software antes de começar a trabalhar na área de dados,False,10000,-20.0,-44.0
40-44,Feminino,Branca,Sudeste,Graduação/Bacharelado,Empreendedor ou Empregado (CNPJ),Analista de Dados,Sênior,de R$ 16.001/mês a R$ 20.000/mês,de 3 a 4 anos,Mais de 10 anos,True,18000,-20.0,-44.0
40-44,Masculino,Parda,Nordeste,Graduação/Bacharelado,Vivo no Brasil e trabalho remoto para empresa de fora do Brasil,Eng. Machine Learning,Sênior,Acima de R$ 40.001/mês,de 3 a 4 anos,Mais de 10 anos,True,45000,-8.0,-38.0
40-44,Feminino,Branca,Sul,Doutorado ou Phd,Empregado (CLT),Analytics Engineer,Pleno,de R$ 6.001/mês a R$ 8.000/mês,de 1 a 2 anos,Menos de 1 ano,True,7000,-27.0,-51.0
40-44,Masculino,Branca,Sul,Pós-graduação,Empregado (CLT),Cientista de Dados,Sênior,de R$ 20.001/mês a R$ 25.000/mês,de 7 a 10 anos,Menos de 1 ano,True,22500,-27.0,-51.0
40-44,Masculino,Branca,Sudeste,Pós-graduação,Empregado (CLT),Analista de BI,Sênior,de R$ 8.001/mês a R$ 12.000/mês,Mais de 10 anos,Mais de 10 anos,True,10000,-20.0,-44.0
40-44,Masculino,Branca,Sudeste,Estudante de Graduação,Estagiário,Cientista de Dados,Júnior,de R$ 1.001/mês a R$ 2.000/mês,de 1 a 2 anos,de 3 a 4 anos,True,1500,-20.0,-44.0
40-44,Masculino,Branca,Centro-oeste,Pós-graduação,Empregado (CLT),Desenvolvedor,Sênior,de R$ 6.001/mês a R$ 8.000/mês,Mais de 10 anos,Mais de 10 anos,False,7000,-15.0,-52.0
40-44,Masculino,Preta,Sudeste,Pós-graduação,Empregado (CLT),Cientista de Dados,Sênior,de R$ 8.001/mês a R$ 12.000/mês,de 7 a 10 anos,de 1 a 2 anos,False,10000,-20.0,-44.0
40-44,Masculino,Branca,Norte,Pós-graduação,Empregado (CLT),Cientista de Dados,Sênior,de R$ 8.001/mês a R$ 12.000/mês,de 3 a 4 anos,de 1 a 2 anos,False,10000,-5.0,-60.0
40-44,Masculino,Branca,Sudeste,Pós-graduação,Empregado (CLT),Analista de Dados,Sênior,de R$ 12.001/mês a R$ 16.000/mês,de 3 a 4 anos,Não tive experiência na área de TI/Engenharia de Software antes de começar a trabalhar na área de dados,True,14000,-20.0,-44.0
40-44,Masculino,Branca,Sudeste,Graduação/Bacharelado,Empregado (CLT),Analytics Engineer,Sênior,de R$ 16.001/mês a R$ 20.000/mês,Mais de 10 anos,Não tive experiência na área de TI/Engenharia de Software antes de começar a trabalhar na área de dados,True,18000,-20.0,-44.0
40-44,Masculino,Branca,Sul,Graduação/Bacharelado,Empregado (CLT),Analytics Engineer,Sênior,de R$ 8.001/mês a R$ 12.000/mês,de 5 a 6 anos,de 3 a 4 anos,True,10000,-27.0,-51.0
40-44,Feminino,Branca,Sudeste,Pós-graduação,Empregado (CLT),Analista de Negócios,Sênior,de R$ 8.001/mês a R$ 12.000/mês,Menos de 1 ano,Não tive experiência na área de TI/Engenharia de Software antes de começar a trabalhar na área de dados,True,10000,-20.0,-44.0
40-44,Masculino,Branca,Nordeste,Mestrado,Empregado (CLT),Cientista de Dados,Sênior,de R$ 12.001/mês a R$ 16.000/mês,de 7 a 10 anos,de 7 a 10 anos,True,14000,-8.0,-38.0
40-44,Feminino,Branca,Sul,Pós-graduação,Empregado (CLT),Analista de Dados,Pleno,de R$ 6.001/mês a R$ 8.000/mês,de 3 a 4 anos,Não tive experiência na área de TI/Engenharia de Software antes de começar a trabalhar na área de dados,True,7000,-27.0,-51.0
40-44,Masculino,Branca,Sudeste,Pós-graduação,Empregado (CLT),Product Manager,Sênior,de R$ 8.001/mês a R$ 12.000/mês,Menos de 1 ano,Não tive experiência na área de TI/Engenharia de Software antes de começar a trabalhar na área de dados,False,10000,-20.0,-44.0
40-44,Feminino,Branca,Sudeste,Pós-graduação,Vivo no Brasil e trabalho remoto para empresa de fora do Brasil,Outro,Sênior,de R$ 16.001/mês a R$ 20.000/mês,Não tenho experiência na área de dados,Não tive experiência na área de TI/Engenharia de Software antes de começar a trabalhar na área de dados,False,18000,-20.0,-44.0
40-44,Masculino,Parda,Sudeste,Pós-graduação,Empregado (CLT),Outro,Sênior,Acima de R$ 40.001/mês,de 7 a 10 anos,de 5 a 6 anos,True,45000,-20.0,-44.0
40-44,Masculino,Branca,Sudeste,Estudante de Graduação,Empregado (CLT),Analista de BI,Pleno,de R$ 6.001/mês a R$ 8.000/mês,de 3 a 4 anos,Mais de 10 anos,False,7000,-20.0,-44.0
40-44,Masculino,Branca,Norte,Pós-graduação,Servidor Público,Engenheiro de Dados,Sênior,de R$ 30.001/mês a R$ 40.000/mês,de 5 a 6 anos,Não tive experiência na área de TI/Engenharia de Software antes de começar a trabalhar na área de dados,False,35000,-5.0,-60.0
40-44,Masculino,Branca,Sudeste,Pós-graduação,Empregado (CLT),Analista de BI,Sênior,de R$ 12.001/mês a R$ 16.000/mês,de 3 a 4 anos,Não tive experiência na área de TI/Engenharia de Software antes de começar a trabalhar na área de dados,True,14000,-20.0,-44.0
40-44,Masculino,Parda,Sudeste,Pós-graduação,Empregado (CLT),Analista de BI,Sênior,de R$ 8.001/mês a R$ 12.000/mês,Mais de 10 anos,Menos de 1 ano,False,10000,-20.0,-44.0
40-44,Masculino,Branca,Sudeste,Pós-graduação,Empregado (CLT),Analista de Dados,Sênior,de R$ 12.001/mês a R$ 16.000/mês,Mais de 10 anos,de 3 a 4 anos,True,14000,-20.0,-44.0
40-44,Feminino,Branca,Sudeste,Graduação/Bacharelado,Empregado (CLT),Analista de Suporte,Sênior,de R$ 6.001/mês a R$ 8.000/mês,de 7 a 10 anos,de 5 a 6 anos,False,7000,-20.0,-44.0
40-44,Masculino,Branca,Sul,Pós-graduação,Servidor Público,Cientista de Dados,Pleno,de R$ 6.001/mês a R$ 8.000/mês,de 3 a 4 anos,de 3 a 4 anos,True,7000,-27.0,-51.0
40-44,Feminino,Branca,Sudeste,Pós-graduação,Empregado (CLT),Analista de BI,Sênior,de R$ 8.001/mês a R$ 12.000/mês,de 3 a 4 anos,Não tive experiência na área de TI/Engenharia de Software antes de começar a trabalhar na área de dados,False,10000,-20.0,-44.0
40-44,Masculino,Branca,Sul,Pós-graduação,Empregado (CLT),Analista de Negócios,Sênior,de R$ 16.001/mês a R$ 20.000/mês,Mais de 10 anos,Mais de 10 anos,True,18000,-27.0,-51.0
40-44,Masculino,Branca,Sul,Pós-graduação,Empregado (CLT),Analista de Dados,Sênior,de R$ 12.001/mês a R$ 16.000/mês,de 3 a 4 anos,Não tive experiência na área de TI/Engenharia de Software antes de começar a trabalhar na área de dados,True,14000,-27.0,-51.0
40-44,Feminino,Preta,Sudeste,Graduação/Bacharelado,Empregado (CLT),Analista de Dados,Pleno,de R$ 8.001/mês a R$ 12.000/mês,de 5 a 6 anos,Não tive experiência na área de TI/Engenharia de Software antes de começar a trabalhar na área de dados,False,10000,-20.0,-44.0
40-44,Masculino,Branca,Sul,Graduação/Bacharelado,Empregado (CLT),Engenheiro de Dados,Sênior,de R$ 20.001/mês a R$ 25.000/mês,de 7 a 10 anos,Mais de 10 anos,True,22500,-27.0,-51.0
40-44,Masculino,Branca,Sudeste,Graduação/Bacharelado,Empreendedor ou Empregado (CNPJ),Desenvolvedor,Pleno,de R$ 8.001/mês a R$ 12.000/mês,Não tenho experiência na área de dados,Mais de 10 anos,False,10000,-20.0,-44.0
40-44,Masculino,Preta,Sudeste,Pós-graduação,Empregado (CLT),Engenheiro de Dados,Sênior,de R$ 6.001/mês a R$ 8.000/mês,de 5 a 6 anos,de 1 a 2 anos,True,7000,-20.0,-44.0
40-44,Masculino,Branca,Sudeste,Pós-graduação,Empreendedor ou Empregado (CNPJ),Analista de Dados,Sênior,de R$ 12.001/mês a R$ 16.000/mês,Mais de 10 anos,de 5 a 6 anos,False,14000,-20.0,-44.0
40-44,Feminino,Branca,Sudeste,Pós-graduação,Empreendedor ou Empregado (CNPJ),Engenheiro de Dados,Sênior,de R$ 16.001/mês a R$ 20.000/mês,de 5 a 6 anos,Mais de 10 anos,False,18000,-20.0,-44.0
40-44,Feminino,Branca,Sul,Mestrado,Empregado (CLT),Cientista de Dados,Pleno,de R$ 8.001/mês a R$ 12.000/mês,de 5 a 6 anos,Menos de 1 ano,False,10000,-27.0,-51.0
40-44,Masculino,Branca,Sudeste,Pós-graduação,Empregado (CLT),Engenheiro de Dados,Sênior,de R$ 6.001/mês a R$ 8.000/mês,de 3 a 4 anos,de 3 a 4 anos,False,7000,-20.0,-44.0
40-44,Feminino,Branca,Sudeste,Doutorado ou Phd,Empregado (CLT),Cientista de Dados,Pleno,de R$ 8.001/mês a R$ 12.000/mês,de 1 a 2 anos,de 5 a 6 anos,True,10000,-20.0,-44.0
40-44,Masculino,Branca,Sudeste,Pós-graduação,Empregado (CLT),Outro,Sênior,Acima de R$ 40.001/mês,Mais de 10 anos,Mais de 10 anos,True,45000,-20.0,-44.0
40-44,Feminino,Preta,Sudeste,Graduação/Bacharelado,Empregado (CLT),Analista de Dados,Pleno,de R$ 8.001/mês a R$ 12.000/mês,de 7 a 10 anos,Não tive experiência na área de TI/Engenharia de Software antes de começar a trabalhar na área de dados,True,10000,-20.0,-44.0
40-44,Feminino,Branca,Sul,Doutorado ou Phd,Empregado (CLT),Cientista de Dados,Sênior,de R$ 8.001/mês a R$ 12.000/mês,de 3 a 4 anos,Não tive experiência na área de TI/Engenharia de Software antes de começar a trabalhar na área de dados,True,10000,-27.0,-51.0
40-44,Masculino,Branca,Sudeste,Pós-graduação,Empreendedor ou Empregado (CNPJ),Product Manager,Sênior,de R$ 16.001/mês a R$ 20.000/mês,de 3 a 4 anos,Mais de 10 anos,True,18000,-20.0,-44.0
40-44,Feminino,Branca,Sudeste,Graduação/Bacharelado,Freelancer,Cientista de Dados,Sênior,de R$ 12.001/mês a R$ 16.000/mês,de 3 a 4 anos,Mais de 10 anos,True,14000,-20.0,-44.0
40-44,Feminino,Branca,Centro-oeste,Doutorado ou Phd,Servidor Público,Analista de Dados,Júnior,de R$ 30.001/mês a R$ 40.000/mês,de 3 a 4 anos,de 1 a 2 anos,True,35000,-15.0,-52.0
40-44,Masculino,Branca,Sudeste,Doutorado ou Phd,Servidor Público,Analista de Suporte,Sênior,de R$ 12.001/mês a R$ 16.000/mês,Não tenho experiência na área de dados,Mais de 10 anos,False,14000,-20.0,-44.0
40-44,Masculino,Branca,Sul,Estudante de Graduação,Empregado (CLT),Cientista de Dados,Júnior,de R$ 3.001/mês a R$ 4.000/mês,de 1 a 2 anos,Não tive experiência na área de TI/Engenharia de Software antes de começar a trabalhar na área de dados,False,3500,-27.0,-51.0
40-44,Masculino,Parda,Nordeste,Doutorado ou Phd,Empregado (CLT),Analytics Engineer,Pleno,de R$ 8.001/mês a R$ 12.000/mês,de 1 a 2 anos,de 1 a 2 anos,True,10000,-8.0,-38.0
40-44,Masculino,Branca,Sudeste,Pós-graduação,Empregado (CLT),Analista de Dados,Pleno,de R$ 4.001/mês a R$ 6.000/mês,de 3 a 4 anos,de 7 a 10 anos,False,5000,-20.0,-44.0
40-44,Feminino,Branca,Sudeste,Graduação/Bacharelado,Empregado (CLT),Arquiteto de Dados,Sênior,de R$ 16.001/mês a R$ 20.000/mês,de 5 a 6 anos,Mais de 10 anos,True,18000,-20.0,-44.0
40-44,Masculino,Branca,Sul,Graduação/Bacharelado,Empregado (CLT),Engenheiro de Dados,Sênior,de R$ 20.001/mês a R$ 25.000/mês,Mais de 10 anos,Mais de 10 anos,True,22500,-27.0,-51.0
40-44,Masculino,Parda,Sudeste,Graduação/Bacharelado,Empregado (CLT),Desenvolvedor,Pleno,de R$ 8.001/mês a R$ 12.000/mês,Mais de 10 anos,de 3 a 4 anos,False,10000,-20.0,-44.0
40-44,Masculino,Branca,Norte,Doutorado ou Phd,Servidor Público,Professor/Pesquisador,Sênior,de R$ 16.001/mês a R$ 20.000/mês,de 7 a 10 anos,de 3 a 4 anos,True,18000,-5.0,-60.0
40-44,Masculino,Branca,Sul,Pós-graduação,Empregado (CLT),Analista de BI,Pleno,de R$ 8.001/mês a R$ 12.000/mês,de 3 a 4 anos,Não tive experiência na área de TI/Engenharia de Software antes de começar a trabalhar na área de dados,True,10000,-27.0,-51.0
40-44,Masculino,Branca,Centro-oeste,Graduação/Bacharelado,Vivo no Brasil e trabalho remoto para empresa de fora do Brasil,Engenheiro de Dados,Sênior,de R$ 20.001/mês a R$ 25.000/mês,Mais de 10 anos,de 5 a 6 anos,False,22500,-15.0,-52.0
40-44,Masculino,Branca,Sudeste,Graduação/Bacharelado,Empregado (CLT),Cientista de Dados,Júnior,de R$ 3.001/mês a R$ 4.000/mês,Menos de 1 ano,de 7 a 10 anos,True,3500,-20.0,-44.0
40-44,Masculino,Branca,Sul,Pós-graduação,Empregado (CLT),Eng. Machine Learning,Sênior,de R$ 20.001/mês a R$ 25.000/mês,Mais de 10 anos,de 5 a 6 anos,True,22500,-27.0,-51.0
40-44,Feminino,Branca,Centro-oeste,Mestrado,Servidor Público,Estatístico,Sênior,de R$ 20.001/mês a R$ 25.000/mês,Mais de 10 anos,Não tive experiência na área de TI/Engenharia de Software antes de começar a trabalhar na área de dados,True,22500,-15.0,-52.0
40-44,Masculino,Parda,Nordeste,Pós-graduação,Empregado (CLT),Analista de BI,Júnior,de R$ 4.001/mês a R$ 6.000/mês,de 3 a 4 anos,Não tive experiência na área de TI/Engenharia de Software antes de começar a trabalhar na área de dados,True,5000,-8.0,-38.0
40-44,Masculino,Branca,Sudeste,Graduação/Bacharelado,Empregado (CLT),Analytics Engineer,Pleno,de R$ 12.001/mês a R$ 16.000/mês,de 1 a 2 anos,Mais de 10 anos,False,14000,-20.0,-44.0
40-44,Masculino,Branca,Sudeste,Pós-graduação,Empregado (CLT),Analista de Dados,Sênior,de R$ 8.001/mês a R$ 12.000/mês,de 7 a 10 anos,Não tive experiência na área de TI/Engenharia de Software antes de começar a trabalhar na área de dados,False,10000,-20.0,-44.0
40-44,Masculino,Branca,Sul,Pós-graduação,Empregado (CLT),Engenheiro de Dados,Sênior,de R$ 8.001/mês a R$ 12.000/mês,de 5 a 6 anos,Mais de 10 anos,False,10000,-27.0,-51.0
40-44,Masculino,Parda,Centro-oeste,Pós-graduação,Empregado (CLT),Engenheiro de Dados,Sênior,de R$ 12.001/mês a R$ 16.000/mês,Mais de 10 anos,Mais de 10 anos,False,14000,-15.0,-52.0
40-44,Masculino,Branca,Sudeste,Mestrado,Empregado (CLT),Engenheiro de Dados,Sênior,de R$ 20.001/mês a R$ 25.000/mês,Mais de 10 anos,de 3 a 4 anos,True,22500,-20.0,-44.0
40-44,Masculino,Preta,Sudeste,Pós-graduação,Empregado (CLT),Analista de Dados,Júnior,de R$ 4.001/mês a R$ 6.000/mês,de 1 a 2 anos,de 3 a 4 anos,True,5000,-20.0,-44.0
40-44,Masculino,Parda,Sudeste,Pós-graduação,Empregado (CLT),Cientista de Dados,Júnior,de R$ 4.001/mês a R$ 6.000/mês,de 3 a 4 anos,Não tive experiência na área de TI/Engenharia de Software antes de começar a trabalhar na área de dados,True,5000,-20.0,-44.0
40-44,Masculino,Amarela,Sudeste,Pós-graduação,Empregado (CLT),Product Manager,Sênior,de R$ 12.001/mês a R$ 16.000/mês,de 3 a 4 anos,Mais de 10 anos,False,14000,-20.0,-44.0
40-44,Masculino,Branca,Sul,Pós-graduação,Empregado (CLT),Engenheiro de Dados,Pleno,de R$ 8.001/mês a R$ 12.000/mês,de 7 a 10 anos,Não tive experiência na área de TI/Engenharia de Software antes de começar a trabalhar na área de dados,True,10000,-27.0,-51.0
40-44,Masculino,Branca,Sudeste,Pós-graduação,Empregado (CLT),Engenheiro de Dados,Sênior,de R$ 12.001/mês a R$ 16.000/mês,de 3 a 4 anos,de 1 a 2 anos,False,14000,-20.0,-44.0
40-44,Masculino,Amarela,Sudeste,Pós-graduação,Empregado (CLT),Analista de BI,Sênior,de R$ 12.001/mês a R$ 16.000/mês,Mais de 10 anos,Mais de 10 anos,True,14000,-20.0,-44.0
40-44,Masculino,Branca,Sul,Pós-graduação,Empreendedor ou Empregado (CNPJ),Analista de BI,Pleno,de R$ 12.001/mês a R$ 16.000/mês,de 3 a 4 anos,de 7 a 10 anos,False,14000,-27.0,-51.0
40-44,Masculino,Parda,Centro-oeste,Pós-graduação,Empregado (CLT),Engenheiro de Dados,Pleno,de R$ 12.001/mês a R$ 16.000/mês,de 3 a 4 anos,Mais de 10 anos,True,14000,-15.0,-52.0
40-44,Masculino,Parda,Sul,Pós-graduação,Empregado (CLT),Engenheiro de Dados,Sênior,de R$ 8.001/mês a R$ 12.000/mês,de 7 a 10 anos,de 5 a 6 anos,True,10000,-27.0,-51.0
40-44,Masculino,Parda,Sudeste,Pós-graduação,Empregado (CLT),Engenheiro de Dados,Sênior,de R$ 8.001/mês a R$ 12.000/mês,Mais de 10 anos,Mais de 10 anos,False,10000,-20.0,-44.0
40-44,Masculino,Preta,Sudeste,Pós-graduação,Empregado (CLT),Engenheiro de Dados,Sênior,de R$ 12.001/mês a R$ 16.000/mês,de 7 a 10 anos,Não tive experiência na área de TI/Engenharia de Software antes de começar a trabalhar na área de dados,True,14000,-20.0,-44.0
40-44,Masculino,Branca,,Mestrado,Empregado (CLT),Outro,Pleno,de R$ 20.001/mês a R$ 25.000/mês,de 3 a 4 anos,Não tive experiência na área de TI/Engenharia de Software antes de começar a trabalhar na área de dados,True,22500,,
40-44,Masculino,Branca,Sudeste,Pós-graduação,Empregado (CLT),Outras Engenharias,Sênior,de R$ 12.001/mês a R$ 16.000/mês,Mais de 10 anos,Menos de 1 ano,True,14000,-20.0,-44.0
40-44,Masculino,Branca,Sudeste,Mestrado,Empregado (CLT),Engenheiro de Dados,Sênior,de R$ 20.001/mês a R$ 25.000/mês,de 7 a 10 anos,Mais de 10 anos,True,22500,-20.0,-44.0
40-44,Masculino,Branca,Sul,Pós-graduação,Empregado (CLT),Engenheiro de Dados,Sênior,de R$ 8.001/mês a R$ 12.000/mês,de 3 a 4 anos,Mais de 10 anos,True,10000,-27.0,-51.0
40-44,Masculino,Branca,Sudeste,Pós-graduação,Empregado (CLT),Outras Engenharias,Sênior,de R$ 12.001/mês a R$ 16.000/mês,Não tenho experiência na área de dados,Não tive experiência na área de TI/Engenharia de Software antes de começar a trabalhar na área de dados,True,14000,-20.0,-44.0
40-44,Masculino,Branca,Sul,Graduação/Bacharelado,Empregado (CLT),Desenvolvedor,Sênior,de R$ 8.001/mês a R$ 12.000/mês,Mais de 10 anos,de 3 a 4 anos,True,10000,-27.0,-51.0
40-44,Masculino,Parda,Sul,Pós-graduação,Empregado (CLT),Engenheiro de Dados,Sênior,de R$ 16.001/mês a R$ 20.000/mês,de 5 a 6 anos,Mais de 10 anos,True,18000,-27.0,-51.0
40-44,Masculino,Branca,Sul,Pós-graduação,Empregado (CLT),Analista de Dados,Pleno,de R$ 6.001/mês a R$ 8.000/mês,de 7 a 10 anos,de 3 a 4 anos,True,7000,-27.0,-51.0
40-44,Masculino,Parda,Sudeste,Pós-graduação,Empreendedor ou Empregado (CNPJ),Cientista de Dados,Sênior,de R$ 12.001/mês a R$ 16.000/mês,Mais de 10 anos,Não tive experiência na área de TI/Engenharia de Software antes de começar a trabalhar na área de dados,True,14000,-20.0,-44.0
40-44,Masculino,Branca,Sudeste,Graduação/Bacharelado,Empregado (CLT),Engenheiro de Dados,Sênior,de R$ 8.001/mês a R$ 12.000/mês,Mais de 10 anos,de 3 a 4 anos,True,10000,-20.0,-44.0
40-44,Feminino,Branca,Sul,Graduação/Bacharelado,Empregado (CLT),Desenvolvedor,Sênior,de R$ 8.001/mês a R$ 12.000/mês,Não tenho experiência na área de dados,de 7 a 10 anos,True,10000,-27.0,-51.0
40-44,Feminino,Branca,Sul,Pós-graduação,Empregado (CLT),Analista de Dados,Sênior,de R$ 8.001/mês a R$ 12.000/mês,de 1 a 2 anos,Mais de 10 anos,True,10000,-27.0,-51.0
40-44,Masculino,Parda,Nordeste,Mestrado,Empregado (CLT),Engenheiro de Dados,Sênior,de R$ 16.001/mês a R$ 20.000/mês,de 7 a 10 anos,Mais de 10 anos,True,18000,-8.0,-38.0
40-44,Masculino,Branca,Sudeste,Pós-graduação,Empregado (CLT),Analista de Dados,Sênior,de R$ 12.001/mês a R$ 16.000/mês,de 5 a 6 anos,Não tive experiência na área de TI/Engenharia de Software antes de começar a trabalhar na área de dados,True,14000,-20.0,-44.0
40-44,Masculino,Parda,Sudeste,Mestrado,Empregado (CLT),Cientista de Dados,Sênior,de R$ 8.001/mês a R$ 12.000/mês,de 3 a 4 anos,de 7 a 10 anos,False,10000,-20.0,-44.0
40-44,Masculino,Parda,Nordeste,Graduação/Bacharelado,Empreendedor ou Empregado (CNPJ),Eng. Machine Learning,Sênior,Acima de R$ 40.001/mês,de 5 a 6 anos,Mais de 10 anos,True,45000,-8.0,-38.0
40-44,Feminino,Preta,Sudeste,Graduação/Bacharelado,Empregado (CLT),Desenvolvedor,Pleno,de R$ 4.001/mês a R$ 6.000/mês,de 7 a 10 anos,Não tive experiência na área de TI/Engenharia de Software antes de começar a trabalhar na área de dados,False,5000,-20.0,-44.0
40-44,Masculino,Branca,Sul,Graduação/Bacharelado,Empregado (CLT),Analista de Dados,Sênior,de R$ 12.001/mês a R$ 16.000/mês,de 7 a 10 anos,de 5 a 6 anos,False,14000,-27.0,-51.0
40-44,Masculino,Branca,Sudeste,Mestrado,Empregado (CLT),Analytics Engineer,Sênior,de R$ 12.001/mês a R$ 16.000/mês,de 7 a 10 anos,de 7 a 10 anos,True,14000,-20.0,-44.0
40-44,Masculino,Branca,Sudeste,Pós-graduação,Empregado (CLT),Outro,Pleno,de R$ 4.001/mês a R$ 6.000/mês,Não tenho experiência na área de dados,Mais de 10 anos,False,5000,-20.0,-44.0
40-44,Masculino,Branca,Sudeste,Pós-graduação,Empregado (CLT),Engenheiro de Dados,Sênior,de R$ 12.001/mês a R$ 16.000/mês,de 5 a 6 anos,Mais de 10 anos,False,14000,-20.0,-44.0
40-44,Feminino,Branca,Centro-oeste,Pós-graduação,Empregado (CLT),Outro,Sênior,de R$ 12.001/mês a R$ 16.000/mês,Mais de 10 anos,Mais de 10 anos,True,14000,-15.0,-52.0
40-44,Masculino,Branca,Sul,Graduação/Bacharelado,Vivo no Brasil e trabalho remoto para empresa de fora do Brasil,Product Manager,Pleno,de R$ 12.001/mês a R$ 16.000/mês,Mais de 10 anos,Mais de 10 anos,True,14000,-27.0,-51.0
40-44,Masculino,Parda,Sul,Graduação/Bacharelado,Empreendedor ou Empregado (CNPJ),Analista de Dados,Júnior,de R$ 4.001/mês a R$ 6.000/mês,de 5 a 6 anos,Não tive experiência na área de TI/Engenharia de Software antes de começar a trabalhar na área de dados,False,5000,-27.0,-51.0
40-44,Masculino,Branca,Sudeste,Doutorado ou Phd,Empregado (CLT),Product Manager,Pleno,de R$ 8.001/mês a R$ 12.000/mês,de 3 a 4 anos,de 1 a 2 anos,True,10000,-20.0,-44.0
40-44,Feminino,Branca,Sudeste,Pós-graduação,Empregado (CLT),Product Manager,Sênior,de R$ 16.001/mês a R$ 20.000/mês,de 5 a 6 anos,Não tive experiência na área de TI/Engenharia de Software antes de começar a trabalhar na área de dados,True,18000,-20.0,-44.0
40-44,Masculino,Branca,Sudeste,Estudante de Graduação,Empregado (CLT),Analista de Dados,Júnior,de R$ 1.001/mês a R$ 2.000/mês,de 1 a 2 anos,Menos de 1 ano,True,1500,-20.0,-44.0
40-44,Feminino,Preta,Sudeste,Doutorado ou Phd,Empregado (CLT),Cientista de Dados,Sênior,de R$ 20.001/mês a R$ 25.000/mês,Mais de 10 anos,Não tive experiência na área de TI/Engenharia de Software antes de começar a trabalhar na área de dados,True,22500,-20.0,-44.0
40-44,Feminino,Branca,,Pós-graduação,Empreendedor ou Empregado (CNPJ),Analista de Dados,Sênior,de R$ 16.001/mês a R$ 20.000/mês,Mais de 10 anos,Não tive experiência na área de TI/Engenharia de Software antes de começar a trabalhar na área de dados,False,18000,,
40-44,Masculino,Parda,Sudeste,Doutorado ou Phd,Empregado (CLT),Engenheiro de Dados,Sênior,de R$ 12.001/mês a R$ 16.000/mês,de 7 a 10 anos,Não tive experiência na área de TI/Engenharia de Software antes de começar a trabalhar na área de dados,True,14000,-20.0,-44.0
40-44,Masculino,Branca,Sudeste,Graduação/Bacharelado,Empregado (CLT),Cientista de Dados,Júnior,de R$ 3.001/mês a R$ 4.000/mês,Menos de 1 ano,Mais de 10 anos,True,3500,-20.0,-44.0
40-44,Masculino,Parda,Nordeste,Doutorado ou Phd,Servidor Público,Professor/Pesquisador,Sênior,de R$ 16.001/mês a R$ 20.000/mês,Mais de 10 anos,Mais de 10 anos,False,18000,-8.0,-38.0
40-44,Masculino,Branca,Sul,Graduação/Bacharelado,Empregado (CLT),Product Manager,Sênior,de R$ 8.001/mês a R$ 12.000/mês,de 1 a 2 anos,de 5 a 6 anos,True,10000,-27.0,-51.0
40-44,Masculino,Parda,Sudeste,Graduação/Bacharelado,Empregado (CLT),Outras Engenharias,Sênior,de R$ 30.001/mês a R$ 40.000/mês,de 5 a 6 anos,Mais de 10 anos,False,35000,-20.0,-44.0
40-44,Masculino,Branca,Sudeste,Pós-graduação,Empregado (CLT),Analista de Dados,Júnior,de R$ 4.001/mês a R$ 6.000/mês,de 3 a 4 anos,de 1 a 2 anos,False,5000,-20.0,-44.0
40-44,Masculino,Branca,Sudeste,Doutorado ou Phd,Empregado (CLT),Engenheiro de Dados,Sênior,de R$ 20.001/mês a R$ 25.000/mês,de 7 a 10 anos,Mais de 10 anos,True,22500,-20.0,-44.0
40-44,Masculino,Preta,Nordeste,Pós-graduação,Empregado (CLT),Estatístico,Pleno,de R$ 4.001/mês a R$ 6.000/mês,de 7 a 10 anos,Não tive experiência na área de TI/Engenharia de Software antes de começar a trabalhar na área de dados,True,5000,-8.0,-38.0
40-44,Feminino,Branca,Sudeste,Doutorado ou Phd,Empregado (CLT),Cientista de Dados,Sênior,de R$ 12.001/mês a R$ 16.000/mês,de 3 a 4 anos,Não tive experiência na área de TI/Engenharia de Software antes de começar a trabalhar na área de dados,True,14000,-20.0,-44.0
40-44,Feminino,Branca,Nordeste,Pós-graduação,Servidor Público,Engenheiro de Dados,Sênior,de R$ 8.001/mês a R$ 12.000/mês,de 3 a 4 anos,Mais de 10 anos,True,10000,-8.0,-38.0
40-44,Masculino,Branca,Sul,Mestrado,Empregado (CLT),Desenvolvedor,Sênior,de R$ 16.001/mês a R$ 20.000/mês,de 5 a 6 anos,de 3 a 4 anos,False,18000,-27.0,-51.0
40-44,Masculino,Parda,Sudeste,Pós-graduação,Empregado (CLT),Outro,Sênior,de R$ 12.001/mês a R$ 16.000/mês,Não tenho experiência na área de dados,Mais de 10 anos,False,14000,-20.0,-44.0
40-44,Feminino,Parda,Sudeste,Pós-graduação,Empregado (CLT),Outro,Sênior,de R$ 12.001/mês a R$ 16.000/mês,Menos de 1 ano,de 3 a 4 anos,True,14000,-20.0,-44.0
40-44,Masculino,Branca,Sul,Pós-graduação,Empregado (CLT),Analista de BI,Sênior,de R$ 8.001/mês a R$ 12.000/mês,de 5 a 6 anos,de 7 a 10 anos,True,10000,-27.0,-51.0
40-44,Masculino,Branca,Centro-oeste,Pós-graduação,Empregado (CLT),Cientista de Dados,Sênior,de R$ 6.001/mês a R$ 8.000/mês,de 5 a 6 anos,de 7 a 10 anos,True,7000,-15.0,-52.0
40-44,Masculino,Preta,Sudeste,Pós-graduação,Empregado (CLT),Analista de Dados,Sênior,de R$ 8.001/mês a R$ 12.000/mês,Mais de 10 anos,de 1 a 2 anos,False,10000,-20.0,-44.0
40-44,Masculino,Branca,Sudeste,Pós-graduação,Empregado (CLT),Analista de Dados,Sênior,de R$ 12.001/mês a R$ 16.000/mês,de 5 a 6 anos,de 7 a 10 anos,True,14000,-20.0,-44.0
40-44,Masculino,Parda,Nordeste,Não tenho graduação formal,Empregado (CLT),Outro,Pleno,de R$ 1.001/mês a R$ 2.000/mês,de 3 a 4 anos,Não tive experiência na área de TI/Engenharia de Software antes de começar a trabalhar na área de dados,True,1500,-8.0,-38.0
40-44,Feminino,Branca,Sudeste,Pós-graduação,Empregado (CLT),Analista de Dados,Sênior,de R$ 12.001/mês a R$ 16.000/mês,de 5 a 6 anos,Não tive experiência na área de TI/Engenharia de Software antes de começar a trabalhar na área de dados,True,14000,-20.0,-44.0
40-44,Masculino,Parda,Sul,Graduação/Bacharelado,Empregado (CLT),Outro,Júnior,de R$ 2.001/mês a R$ 3.000/mês,Não tenho experiência na área de dados,Não tive experiência na área de TI/Engenharia de Software antes de começar a trabalhar na área de dados,False,2500,-27.0,-51.0
40-44,Masculino,Prefiro não informar,Sudeste,Doutorado ou Phd,Empreendedor ou Empregado (CNPJ),Cientista de Dados,Pleno,de R$ 8.001/mês a R$ 12.000/mês,de 5 a 6 anos,Não tive experiência na área de TI/Engenharia de Software antes de começar a trabalhar na área de dados,True,10000,-20.0,-44.0
40-44,Masculino,Branca,Sudeste,Mestrado,Empregado (CLT),Analytics Engineer,Sênior,de R$ 8.001/mês a R$ 12.000/mês,de 3 a 4 anos,Mais de 10 anos,True,10000,-20.0,-44.0
40-44,Masculino,Parda,Sudeste,Pós-graduação,Empregado (CLT),Desenvolvedor,Sênior,de R$ 8.001/mês a R$ 12.000/mês,Mais de 10 anos,de 3 a 4 anos,True,10000,-20.0,-44.0
40-44,Feminino,Branca,Sul,Estudante de Graduação,Servidor Público,Outro,Júnior,de R$ 6.001/mês a R$ 8.000/mês,Não tenho experiência na área de dados,Não tive experiência na área de TI/Engenharia de Software antes de começar a trabalhar na área de dados,False,7000,-27.0,-51.0
40-44,Masculino,Branca,Sudeste,Mestrado,Empregado (CLT),Engenheiro de Dados,Sênior,de R$ 16.001/mês a R$ 20.000/mês,de 5 a 6 anos,Mais de 10 anos,True,18000,-20.0,-44.0
40-44,Masculino,Preta,Sudeste,Mestrado,Empregado (CLT),Engenheiro de Dados,Sênior,de R$ 12.001/mês a R$ 16.000/mês,Mais de 10 anos,Mais de 10 anos,True,14000,-20.0,-44.0
40-44,Masculino,Branca,Sudeste,Graduação/Bacharelado,Empregado (CLT),Estatístico,Sênior,de R$ 8.001/mês a R$ 12.000/mês,de 7 a 10 anos,Não tive experiência na área de TI/Engenharia de Software antes de começar a trabalhar na área de dados,False,10000,-20.0,-44.0
40-44,Masculino,Parda,Sudeste,Estudante de Graduação,Estagiário,Analista de Dados,Júnior,de R$ 1.001/mês a R$ 2.000/mês,Menos de 1 ano,Não tive experiência na área de TI/Engenharia de Software antes de começar a trabalhar na área de dados,True,1500,-20.0,-44.0
40-44,Masculino,Parda,Sudeste,Pós-graduação,Empreendedor ou Empregado (CNPJ),Engenheiro de Dados,Sênior,de R$ 12.001/mês a R$ 16.000/mês,Mais de 10 anos,Não tive experiência na área de TI/Engenharia de Software antes de começar a trabalhar na área de dados,True,14000,-20.0,-44.0
40-44,Masculino,Parda,Centro-oeste,Graduação/Bacharelado,Servidor Público,Estatístico,Júnior,de R$ 4.001/mês a R$ 6.000/mês,de 5 a 6 anos,Não tive experiência na área de TI/Engenharia de Software antes de começar a trabalhar na área de dados,True,5000,-15.0,-52.0
40-44,Masculino,Branca,Sudeste,Graduação/Bacharelado,Empregado (CLT),Analista de Dados,Sênior,de R$ 8.001/mês a R$ 12.000/mês,de 7 a 10 anos,Mais de 10 anos,False,10000,-20.0,-44.0
40-44,Feminino,Branca,Sul,Pós-graduação,Empregado (CLT),Analista de Suporte,Júnior,de R$ 3.001/mês a R$ 4.000/mês,de 3 a 4 anos,Menos de 1 ano,True,3500,-27.0,-51.0
40-44,Masculino,Branca,Sul,Pós-graduação,Empregado (CLT),Analista de Dados,Sênior,de R$ 12.001/mês a R$ 16.000/mês,de 7 a 10 anos,de 7 a 10 anos,True,14000,-27.0,-51.0
40-44,Masculino,Branca,Sul,Mestrado,Empregado (CLT),Analista de Dados,Sênior,de R$ 3.001/mês a R$ 4.000/mês,de 3 a 4 anos,Mais de 10 anos,True,3500,-27.0,-51.0
40-44,Feminino,Branca,Sudeste,Pós-graduação,Empregado (CLT),Analista de Negócios,Pleno,de R$ 8.001/mês a R$ 12.000/mês,Menos de 1 ano,Não tive experiência na área de TI/Engenharia de Software antes de começar a trabalhar na área de dados,True,10000,-20.0,-44.0
40-44,Masculino,Branca,Sudeste,Doutorado ou Phd,Empregado (CLT),Analista de Dados,Sênior,de R$ 4.001/mês a R$ 6.000/mês,de 3 a 4 anos,Não tive experiência na área de TI/Engenharia de Software antes de começar a trabalhar na área de dados,False,5000,-20.0,-44.0
40-44,Masculino,Branca,Sul,Pós-graduação,Empregado (CLT),Analista de BI,Sênior,de R$ 8.001/mês a R$ 12.000/mês,Mais de 10 anos,de 5 a 6 anos,True,10000,-27.0,-51.0
40-44,Feminino,Parda,Sudeste,Pós-graduação,Empregado (CLT),Analytics Engineer,Pleno,de R$ 8.001/mês a R$ 12.000/mês,de 3 a 4 anos,Não tive experiência na área de TI/Engenharia de Software antes de começar a trabalhar na área de dados,True,10000,-20.0,-44.0
40-44,Masculino,Parda,Sudeste,Pós-graduação,Desempregado e não estou buscando recolocação,Analista de Suporte,Pleno,de R$ 4.001/mês a R$ 6.000/mês,Não tenho experiência na área de dados,Não tive experiência na área de TI/Engenharia de Software antes de começar a trabalhar na área de dados,False,5000,-20.0,-44.0
40-44,Masculino,Branca,Sul,Graduação/Bacharelado,Empregado (CLT),Desenvolvedor,Pleno,de R$ 6.001/mês a R$ 8.000/mês,de 1 a 2 anos,Mais de 10 anos,True,7000,-27.0,-51.0
40-44,Masculino,Branca,Sul,Pós-graduação,Empregado (CLT),Analista de Dados,Sênior,de R$ 16.001/mês a R$ 20.000/mês,de 5 a 6 anos,Mais de 10 anos,True,18000,-27.0,-51.0
40-44,Masculino,Branca,Sudeste,Doutorado ou Phd,Empregado (CLT),Cientista de Dados,Sênior,de R$ 12.001/mês a R$ 16.000/mês,de 7 a 10 anos,de 5 a 6 anos,True,14000,-20.0,-44.0
40-44,Masculino,Preta,Nordeste,Mestrado,Empregado (CLT),Engenheiro de Dados,Sênior,de R$ 16.001/mês a R$ 20.000/mês,de 5 a 6 anos,Mais de 10 anos,True,18000,-8.0,-38.0
40-44,Masculino,Branca,Sudeste,Pós-graduação,Empregado (CLT),Arquiteto de Dados,Sênior,de R$ 12.001/mês a R$ 16.000/mês,de 5 a 6 anos,Mais de 10 anos,True,14000,-20.0,-44.0
40-44,Masculino,Branca,Sudeste,Pós-graduação,Empregado (CLT),Cientista de Dados,Pleno,de R$ 8.001/mês a R$ 12.000/mês,de 3 a 4 anos,Mais de 10 anos,False,10000,-20.0,-44.0
40-44,Masculino,Branca,Sudeste,Graduação/Bacharelado,Empregado (CLT),Analista de Dados,Sênior,de R$ 12.001/mês a R$ 16.000/mês,de 7 a 10 anos,Não tive experiência na área de TI/Engenharia de Software antes de começar a trabalhar na área de dados,False,14000,-20.0,-44.0
40-44,Masculino,Branca,Centro-oeste,Pós-graduação,Empreendedor ou Empregado (CNPJ),Engenheiro de Dados,Sênior,de R$ 8.001/mês a R$ 12.000/mês,de 3 a 4 anos,de 1 a 2 anos,True,10000,-15.0,-52.0
40-44,Masculino,Branca,Sudeste,Graduação/Bacharelado,Empregado (CLT),Engenheiro de Dados,Sênior,de R$ 8.001/mês a R$ 12.000/mês,Mais de 10 anos,Mais de 10 anos,True,10000,-20.0,-44.0
40-44,Feminino,Parda,Nordeste,Graduação/Bacharelado,Empregado (CLT),Analista de Negócios,Sênior,de R$ 6.001/mês a R$ 8.000/mês,de 5 a 6 anos,Não tive experiência na área de TI/Engenharia de Software antes de começar a trabalhar na área de dados,True,7000,-8.0,-38.0
40-44,Feminino,Branca,Sul,Pós-graduação,Empregado (CLT),Analista de Dados,Sênior,de R$ 12.001/mês a R$ 16.000/mês,Mais de 10 anos,Não tive experiência na área de TI/Engenharia de Software antes de começar a trabalhar na área de dados,False,14000,-27.0,-51.0
40-44,Masculino,Branca,Sudeste,Pós-graduação,Servidor Público,Desenvolvedor,Pleno,de R$ 8.001/mês a R$ 12.000/mês,de 3 a 4 anos,de 7 a 10 anos,True,10000,-20.0,-44.0
40-44,Masculino,Branca,Sudeste,Pós-graduação,Empreendedor ou Empregado (CNPJ),Engenheiro de Dados,Pleno,de R$ 8.001/mês a R$ 12.000/mês,de 1 a 2 anos,de 7 a 10 anos,True,10000,-20.0,-44.0
40-44,Masculino,Branca,Sudeste,Mestrado,Empregado (CLT),Analista de Dados,Sênior,de R$ 8.001/mês a R$ 12.000/mês,Mais de 10 anos,de 1 a 2 anos,True,10000,-20.0,-44.0
40-44,Feminino,Branca,Sudeste,Pós-graduação,Empregado (CLT),Engenheiro de Dados,Sênior,de R$ 12.001/mês a R$ 16.000/mês,Mais de 10 anos,de 3 a 4 anos,False,14000,-20.0,-44.0
40-44,Masculino,Parda,Sudeste,Pós-graduação,Empreendedor ou Empregado (CNPJ),Analista de Negócios,Sênior,de R$ 16.001/mês a R$ 20.000/mês,Não tenho experiência na área de dados,Mais de 10 anos,True,18000,-20.0,-44.0
40-44,Masculino,Parda,Centro-oeste,Mestrado,Servidor Público,Analista de Dados,Pleno,de R$ 12.001/mês a R$ 16.000/mês,de 1 a 2 anos,de 1 a 2 anos,True,14000,-15.0,-52.0
40-44,Feminino,Branca,Sudeste,Pós-graduação,Empregado (CLT),Analista de Dados,Pleno,de R$ 4.001/mês a R$ 6.000/mês,de 3 a 4 anos,Não tive experiência na área de TI/Engenharia de Software antes de começar a trabalhar na área de dados,True,5000,-20.0,-44.0
40-44,Masculino,Parda,Centro-oeste,Mestrado,Servidor Público,Analista de Dados,Pleno,de R$ 12.001/mês a R$ 16.000/mês,de 1 a 2 anos,Não tive experiência na área de TI/Engenharia de Software antes de começar a trabalhar na área de dados,True,14000,-15.0,-52.0
40-44,Prefiro não informar,Prefiro não informar,Sudeste,Graduação/Bacharelado,Vivo no Brasil e trabalho remoto para empresa de fora do Brasil,Cientista de Dados,Sênior,Acima de R$ 40.001/mês,de 7 a 10 anos,Mais de 10 anos,False,45000,-20.0,-44.0
40-44,Masculino,Parda,Sudeste,Pós-graduação,Empregado (CLT),Analista de Dados,Sênior,de R$ 8.001/mês a R$ 12.000/mês,Mais de 10 anos,Não tive experiência na área de TI/Engenharia de Software antes de começar a trabalhar na área de dados,True,10000,-20.0,-44.0
40-44,Masculino,Amarela,Sudeste,Mestrado,Servidor Público,Cientista de Dados,Sênior,de R$ 6.001/mês a R$ 8.000/mês,Mais de 10 anos,Mais de 10 anos,False,7000,-20.0,-44.0
40-44,Masculino,Parda,Sudeste,Pós-graduação,Empregado (CLT),Analista de Dados,Pleno,de R$ 6.001/mês a R$ 8.000/mês,de 3 a 4 anos,de 3 a 4 anos,False,7000,-20.0,-44.0
40-44,Masculino,Branca,Sudeste,Pós-graduação,Desempregado e não estou buscando recolocação,Outro,Sênior,de R$ 30.001/mês a R$ 40.000/mês,Mais de 10 anos,de 7 a 10 anos,True,35000,-20.0,-44.0
40-44,Masculino,Branca,Centro-oeste,Pós-graduação,Servidor Público,Outras Engenharias,Pleno,de R$ 16.001/mês a R$ 20.000/mês,de 1 a 2 anos,Mais de 10 anos,False,18000,-15.0,-52.0
40-44,Masculino,Parda,Sul,Pós-graduação,Empregado (CLT),Engenheiro de Dados,Sênior,de R$ 12.001/mês a R$ 16.000/mês,Mais de 10 anos,Mais de 10 anos,True,14000,-27.0,-51.0
40-44,Masculino,Branca,Sul,Pós-graduação,Empregado (CLT),Analista de Dados,Sênior,de R$ 12.001/mês a R$ 16.000/mês,Mais de 10 anos,de 1 a 2 anos,True,14000,-27.0,-51.0
40-44,Masculino,Parda,Sul,Graduação/Bacharelado,Empregado (CLT),Engenheiro de Dados,Sênior,de R$ 12.001/mês a R$ 16.000/mês,Mais de 10 anos,Mais de 10 anos,True,14000,-27.0,-51.0
40-44,Masculino,Branca,Sul,Pós-graduação,Empregado (CLT),Engenheiro de Dados,Sênior,de R$ 12.001/mês a R$ 16.000/mês,Mais de 10 anos,Mais de 10 anos,True,14000,-27.0,-51.0
40-44,Masculino,Preta,Sudeste,Pós-graduação,Empreendedor ou Empregado (CNPJ),Analista de BI,Sênior,de R$ 16.001/mês a R$ 20.000/mês,Mais de 10 anos,Mais de 10 anos,True,18000,-20.0,-44.0
40-44,Masculino,Branca,Sudeste,Graduação/Bacharelado,Empregado (CLT),Analista de Suporte,Pleno,de R$ 3.001/mês a R$ 4.000/mês,de 1 a 2 anos,Não tive experiência na área de TI/Engenharia de Software antes de começar a trabalhar na área de dados,False,3500,-20.0,-44.0
40-44,Masculino,Parda,Sul,Pós-graduação,Empregado (CLT),Outro,Júnior,de R$ 2.001/mês a R$ 3.000/mês,Não tenho experiência na área de dados,Não tive experiência na área de TI/Engenharia de Software antes de começar a trabalhar na área de dados,False,2500,-27.0,-51.0
40-44,Masculino,Preta,Sul,Pós-graduação,Empregado (CLT),Desenvolvedor,Pleno,de R$ 6.001/mês a R$ 8.000/mês,Não tenho experiência na área de dados,Não tive experiência na área de TI/Engenharia de Software antes de começar a trabalhar na área de dados,False,7000,-27.0,-51.0
40-44,Masculino,Branca,,Pós-graduação,Vivo fora do Brasil e trabalho para empresa de fora do Brasil,Arquiteto de Dados,Sênior,de R$ 20.001/mês a R$ 25.000/mês,de 7 a 10 anos,Mais de 10 anos,True,22500,,
40-44,Masculino,Parda,Sul,Pós-graduação,Empregado (CLT),Engenheiro de Dados,Sênior,de R$ 8.001/mês a R$ 12.000/mês,de 3 a 4 anos,Mais de 10 anos,True,10000,-27.0,-51.0
40-44,Feminino,Preta,Sudeste,Pós-graduação,Empregado (CLT),Analista de Dados,Pleno,de R$ 8.001/mês a R$ 12.000/mês,Mais de 10 anos,Não tive experiência na área de TI/Engenharia de Software antes de começar a trabalhar na área de dados,False,10000,-20.0,-44.0
40-44,Masculino,Branca,Centro-oeste,Mestrado,Servidor Público,Cientista de Dados,Sênior,de R$ 30.001/mês a R$ 40.000/mês,de 7 a 10 anos,Mais de 10 anos,True,35000,-15.0,-52.0
40-44,Masculino,Branca,Sudeste,Pós-graduação,Empregado (CLT),Analista de BI,Sênior,de R$ 12.001/mês a R$ 16.000/mês,Mais de 10 anos,de 5 a 6 anos,True,14000,-20.0,-44.0
40-44,Masculino,Branca,Sudeste,Pós-graduação,Empregado (CLT),Engenheiro de Dados,Sênior,de R$ 20.001/mês a R$ 25.000/mês,Mais de 10 anos,Mais de 10 anos,True,22500,-20.0,-44.0
40-44,Masculino,Branca,Sul,Graduação/Bacharelado,Empregado (CLT),Engenheiro de Dados,Júnior,de R$ 4.001/mês a R$ 6.000/mês,de 1 a 2 anos,Não tive experiência na área de TI/Engenharia de Software antes de começar a trabalhar na área de dados,True,5000,-27.0,-51.0
40-44,Feminino,Amarela,Sudeste,Graduação/Bacharelado,Empregado (CLT),Desenvolvedor,Sênior,de R$ 8.001/mês a R$ 12.000/mês,Não tenho experiência na área de dados,Mais de 10 anos,False,10000,-20.0,-44.0
40-44,Masculino,Branca,Sudeste,Graduação/Bacharelado,Empreendedor ou Empregado (CNPJ),Analista de BI,Júnior,de R$ 6.001/mês a R$ 8.000/mês,de 1 a 2 anos,de 7 a 10 anos,True,7000,-20.0,-44.0
40-44,Feminino,Preta,Sudeste,Pós-graduação,Empregado (CLT),Analista de Negócios,Sênior,de R$ 8.001/mês a R$ 12.000/mês,de 3 a 4 anos,Não tive experiência na área de TI/Engenharia de Software antes de começar a trabalhar na área de dados,True,10000,-20.0,-44.0
40-44,Masculino,Branca,Centro-oeste,Mestrado,Empreendedor ou Empregado (CNPJ),Analista de BI,Sênior,de R$ 16.001/mês a R$ 20.000/mês,Mais de 10 anos,Mais de 10 anos,True,18000,-15.0,-52.0
40-44,Masculino,Branca,Sudeste,Graduação/Bacharelado,Vivo no Brasil e trabalho remoto para empresa de fora do Brasil,Cientista de Dados,Sênior,Acima de R$ 40.001/mês,de 7 a 10 anos,Mais de 10 anos,True,45000,-20.0,-44.0
40-44,Feminino,Branca,Sudeste,Doutorado ou Phd,Estagiário,Eng. Machine Learning,Júnior,de R$ 1.001/mês a R$ 2.000/mês,Menos de 1 ano,de 1 a 2 anos,True,1500,-20.0,-44.0
40-44,Feminino,Parda,Sudeste,Não tenho graduação formal,Empregado (CLT),Outro,Pleno,de R$ 1.001/mês a R$ 2.000/mês,Menos de 1 ano,Menos de 1 ano,True,1500,-20.0,-44.0
45-49,Feminino,Parda,Sudeste,Mestrado,Vivo no Brasil e trabalho remoto para empresa de fora do Brasil,Cientista de Dados,Sênior,de R$ 12.001/mês a R$ 16.000/mês,de 5 a 6 anos,Mais de 10 anos,True,14000,-20.0,-44.0
45-49,Masculino,Branca,Sudeste,Pós-graduação,Empregado (CLT),Cientista de Dados,Sênior,de R$ 8.001/mês a R$ 12.000/mês,de 5 a 6 anos,de 3 a 4 anos,True,10000,-20.0,-44.0
45-49,Masculino,Branca,Sul,Pós-graduação,Empregado (CLT),Arquiteto de Dados,Sênior,de R$ 16.001/mês a R$ 20.000/mês,Mais de 10 anos,Mais de 10 anos,True,18000,-27.0,-51.0
45-49,Masculino,Branca,Sul,Mestrado,Servidor Público,Analista de Dados,Pleno,de R$ 16.001/mês a R$ 20.000/mês,de 7 a 10 anos,Não tive experiência na área de TI/Engenharia de Software antes de começar a trabalhar na área de dados,True,18000,-27.0,-51.0
45-49,Masculino,Branca,Sudeste,Doutorado ou Phd,Vivo no Brasil e trabalho remoto para empresa de fora do Brasil,Cientista de Dados,Sênior,de R$ 25.001/mês a R$ 30.000/mês,Mais de 10 anos,Menos de 1 ano,False,27500,-20.0,-44.0
45-49,Masculino,Branca,Centro-oeste,Graduação/Bacharelado,Empregado (CLT),Engenheiro de Dados,Sênior,de R$ 16.001/mês a R$ 20.000/mês,de 5 a 6 anos,Mais de 10 anos,True,18000,-15.0,-52.0
45-49,Feminino,Branca,Sul,Pós-graduação,Empregado (CLT),Analista de BI,Júnior,de R$ 3.001/mês a R$ 4.000/mês,de 1 a 2 anos,Mais de 10 anos,True,3500,-27.0,-51.0
45-49,Masculino,Branca,Sul,Pós-graduação,Empregado (CLT),Analista de Dados,Pleno,de R$ 4.001/mês a R$ 6.000/mês,de 1 a 2 anos,de 7 a 10 anos,True,5000,-27.0,-51.0
45-49,Masculino,Branca,,Pós-graduação,Vivo fora do Brasil e trabalho para empresa de fora do Brasil,Engenheiro de Dados,Sênior,de R$ 20.001/mês a R$ 25.000/mês,de 5 a 6 anos,Mais de 10 anos,True,22500,,
45-49,Masculino,Branca,Nordeste,Mestrado,Servidor Público,Outras Engenharias,Pleno,de R$ 4.001/mês a R$ 6.000/mês,de 3 a 4 anos,Não tive experiência na área de TI/Engenharia de Software antes de começar a trabalhar na área de dados,False,5000,-8.0,-38.0
45-49,Masculino,Parda,Sul,Pós-graduação,Servidor Público,Engenheiro de Dados,Pleno,de R$ 8.001/mês a R$ 12.000/mês,de 3 a 4 anos,Não tive experiência na área de TI/Engenharia de Software antes de começar a trabalhar na área de dados,True,10000,-27.0,-51.0
45-49,Masculino,Branca,Sudeste,Pós-graduação,Empregado (CLT),Engenheiro de Dados,Júnior,de R$ 6.001/mês a R$ 8.000/mês,de 3 a 4 anos,Não tive experiência na área de TI/Engenharia de Software antes de começar a trabalhar na área de dados,True,7000,-20.0,-44.0
45-49,Masculino,Branca,Sudeste,Graduação/Bacharelado,Empregado (CLT),Analista de Dados,Sênior,de R$ 12.001/mês a R$ 16.000/mês,Mais de 10 anos,de 3 a 4 anos,True,14000,-20.0,-44.0
45-49,Masculino,Branca,Sudeste,Pós-graduação,Empregado (CLT),Engenheiro de Dados,Sênior,de R$ 30.001/mês a R$ 40.000/mês,Mais de 10 anos,Mais de 10 anos,True,35000,-20.0,-44.0
45-49,Feminino,Preta,Sudeste,Pós-graduação,Empregado (CLT),Estatístico,Pleno,de R$ 6.001/mês a R$ 8.000/mês,de 3 a 4 anos,Menos de 1 ano,False,7000,-20.0,-44.0
45-49,Feminino,Amarela,Sul,Mestrado,Servidor Público,Analista de Dados,Júnior,de R$ 12.001/mês a R$ 16.000/mês,de 1 a 2 anos,Não tive experiência na área de TI/Engenharia de Software antes de começar a trabalhar na área de dados,True,14000,-27.0,-51.0
45-49,Masculino,Branca,Sul,Graduação/Bacharelado,Empreendedor ou Empregado (CNPJ),Engenheiro de Dados,Pleno,de R$ 8.001/mês a R$ 12.000/mês,de 1 a 2 anos,de 1 a 2 anos,True,10000,-27.0,-51.0
45-49,Masculino,Branca,Sul,Pós-graduação,Empregado (CLT),Cientista de Dados,Sênior,de R$ 25.001/mês a R$ 30.000/mês,Mais de 10 anos,Mais de 10 anos,True,27500,-27.0,-51.0
45-49,Masculino,Branca,Sul,Pós-graduação,Servidor Público,Analista de Negócios,Júnior,de R$ 4.001/mês a R$ 6.000/mês,Menos de 1 ano,de 5 a 6 anos,False,5000,-27.0,-51.0
45-49,Masculino,Branca,Sul,Pós-graduação,Empregado (CLT),Analista de Dados,Pleno,de R$ 4.001/mês a R$ 6.000/mês,de 1 a 2 anos,Mais de 10 anos,True,5000,-27.0,-51.0
45-49,Masculino,Branca,Sul,Doutorado ou Phd,Empregado (CLT),Analista de Dados,Pleno,de R$ 6.001/mês a R$ 8.000/mês,de 1 a 2 anos,de 1 a 2 anos,False,7000,-27.0,-51.0
45-49,Masculino,Branca,Nordeste,Graduação/Bacharelado,Empregado (CLT),Analista de Dados,Pleno,de R$ 3.001/mês a R$ 4.000/mês,de 1 a 2 anos,de 7 a 10 anos,True,3500,-8.0,-38.0
45-49,Masculino,Branca,Sudeste,Graduação/Bacharelado,Empregado (CLT),Analista de BI,Sênior,de R$ 6.001/mês a R$ 8.000/mês,de 7 a 10 anos,de 7 a 10 anos,False,7000,-20.0,-44.0
45-49,Feminino,Branca,Sul,Pós-graduação,Empregado (CLT),Outro,Sênior,de R$ 16.001/mês a R$ 20.000/mês,Menos de 1 ano,Não tive experiência na área de TI/Engenharia de Software antes de começar a trabalhar na área de dados,True,18000,-27.0,-51.0
45-49,Masculino,Parda,Norte,Pós-graduação,Empregado (CLT),Engenheiro de Dados,Pleno,de R$ 8.001/mês a R$ 12.000/mês,de 3 a 4 anos,Não tive experiência na área de TI/Engenharia de Software antes de começar a trabalhar na área de dados,True,10000,-5.0,-60.0
45-49,Masculino,Branca,Sudeste,Graduação/Bacharelado,Empregado (CLT),Outras Engenharias,Sênior,de R$ 8.001/mês a R$ 12.000/mês,Não tenho experiência na área de dados,Não tive experiência na área de TI/Engenharia de Software antes de começar a trabalhar na área de dados,True,10000,-20.0,-44.0
45-49,Masculino,Branca,Sudeste,Mestrado,Vivo no Brasil e trabalho remoto para empresa de fora do Brasil,Cientista de Dados,Sênior,de R$ 12.001/mês a R$ 16.000/mês,de 5 a 6 anos,de 1 a 2 anos,False,14000,-20.0,-44.0
45-49,Masculino,Branca,Sudeste,Pós-graduação,Empregado (CLT),Analytics Engineer,Sênior,de R$ 12.001/mês a R$ 16.000/mês,de 3 a 4 anos,Mais de 10 anos,False,14000,-20.0,-44.0
45-49,Masculino,Branca,,Pós-graduação,Vivo fora do Brasil e trabalho para empresa de fora do Brasil,Engenheiro de Dados,Sênior,de R$ 16.001/mês a R$ 20.000/mês,de 5 a 6 anos,Mais de 10 anos,True,18000,,
45-49,Masculino,Parda,Sudeste,Pós-graduação,Empregado (CLT),Analista de Dados,Sênior,de R$ 8.001/mês a R$ 12.000/mês,de 7 a 10 anos,de 3 a 4 anos,True,10000,-20.0,-44.0
45-49,Masculino,Branca,Sudeste,Pós-graduação,Empregado (CLT),Analista de BI,Sênior,de R$ 8.001/mês a R$ 12.000/mês,de 5 a 6 anos,Mais de 10 anos,True,10000,-20.0,-44.0
45-49,Masculino,Parda,Sudeste,Pós-graduação,Empregado (CLT),Outro,Sênior,de R$ 8.001/mês a R$ 12.000/mês,Não tenho experiência na área de dados,Não tive experiência na área de TI/Engenharia de Software antes de começar a trabalhar na área de dados,True,10000,-20.0,-44.0
45-49,Masculino,Parda,Sudeste,Mestrado,Empregado (CLT),Cientista de Dados,Sênior,de R$ 8.001/mês a R$ 12.000/mês,de 7 a 10 anos,Não tive experiência na área de TI/Engenharia de Software antes de começar a trabalhar na área de dados,False,10000,-20.0,-44.0
45-49,Masculino,Branca,,Mestrado,Servidor Público,Analista de Dados,Pleno,de R$ 6.001/mês a R$ 8.000/mês,de 5 a 6 anos,Não tive experiência na área de TI/Engenharia de Software antes de começar a trabalhar na área de dados,False,7000,,
45-49,Masculino,Parda,Centro-oeste,Pós-graduação,Empregado (CLT),Engenheiro de Dados,Sênior,de R$ 16.001/mês a R$ 20.000/mês,de 5 a 6 anos,Mais de 10 anos,True,18000,-15.0,-52.0
45-49,Masculino,Parda,Sul,Graduação/Bacharelado,Empregado (CLT),Analista de Suporte,Júnior,de R$ 2.001/mês a R$ 3.000/mês,Menos de 1 ano,de 7 a 10 anos,True,2500,-27.0,-51.0
45-49,Masculino,Branca,Sul,Pós-graduação,Empregado (CLT),Outro,Sênior,de R$ 4.001/mês a R$ 6.000/mês,de 1 a 2 anos,Menos de 1 ano,True,5000,-27.0,-51.0
45-49,Masculino,Parda,,Pós-graduação,Empregado (CLT),Engenheiro de Dados,Sênior,de R$ 20.001/mês a R$ 25.000/mês,Mais de 10 anos,Não tive experiência na área de TI/Engenharia de Software antes de começar a trabalhar na área de dados,True,22500,,
45-49,Masculino,Branca,Nordeste,Mestrado,Empregado (CLT),Cientista de Dados,Sênior,de R$ 12.001/mês a R$ 16.000/mês,Mais de 10 anos,Não tive experiência na área de TI/Engenharia de Software antes de começar a trabalhar na área de dados,True,14000,-8.0,-38.0
45-49,Masculino,Parda,Sudeste,Pós-graduação,Empregado (CLT),Desenvolvedor,Sênior,de R$ 12.001/mês a R$ 16.000/mês,Menos de 1 ano,Mais de 10 anos,False,14000,-20.0,-44.0
45-49,Masculino,Branca,Sudeste,Pós-graduação,Servidor Público,Desenvolvedor,Pleno,de R$ 4.001/mês a R$ 6.000/mês,de 5 a 6 anos,Mais de 10 anos,True,5000,-20.0,-44.0
45-49,Masculino,Branca,Sul,Mestrado,Empregado (CLT),Cientista de Dados,Sênior,Acima de R$ 40.001/mês,Mais de 10 anos,Mais de 10 anos,True,45000,-27.0,-51.0
45-49,Masculino,Branca,Sul,Graduação/Bacharelado,Empregado (CLT),Analista de Dados,Pleno,de R$ 4.001/mês a R$ 6.000/mês,de 1 a 2 anos,de 5 a 6 anos,False,5000,-27.0,-51.0
45-49,Masculino,Branca,Sudeste,Doutorado ou Phd,Empregado (CLT),Cientista de Dados,Sênior,Acima de R$ 40.001/mês,Mais de 10 anos,Mais de 10 anos,True,45000,-20.0,-44.0
45-49,Masculino,Branca,Nordeste,Mestrado,Servidor Público,Desenvolvedor,Pleno,de R$ 16.001/mês a R$ 20.000/mês,Mais de 10 anos,Mais de 10 anos,True,18000,-8.0,-38.0
45-49,Feminino,Branca,Sudeste,Pós-graduação,Empregado (CLT),Cientista de Dados,Sênior,de R$ 8.001/mês a R$ 12.000/mês,de 3 a 4 anos,de 7 a 10 anos,True,10000,-20.0,-44.0
45-49,Feminino,Branca,Sul,Graduação/Bacharelado,Empregado (CLT),Engenheiro de Dados,Sênior,de R$ 8.001/mês a R$ 12.000/mês,de 5 a 6 anos,Mais de 10 anos,True,10000,-27.0,-51.0
45-49,Masculino,Preta,Sudeste,Pós-graduação,Empregado (CLT),Desenvolvedor,Pleno,de R$ 4.001/mês a R$ 6.000/mês,de 3 a 4 anos,de 3 a 4 anos,True,5000,-20.0,-44.0
45-49,Feminino,Branca,Sudeste,Doutorado ou Phd,Empregado (CLT),Cientista de Dados,Sênior,de R$ 16.001/mês a R$ 20.000/mês,de 5 a 6 anos,Mais de 10 anos,False,18000,-20.0,-44.0
45-49,Masculino,Branca,Sul,Pós-graduação,Empreendedor ou Empregado (CNPJ),Analista de Dados,Pleno,de R$ 3.001/mês a R$ 4.000/mês,de 1 a 2 anos,Não tive experiência na área de TI/Engenharia de Software antes de começar a trabalhar na área de dados,False,3500,-27.0,-51.0
45-49,Masculino,Parda,,Pós-graduação,Vivo fora do Brasil e trabalho para empresa de fora do Brasil,Analista de Negócios,Sênior,de R$ 16.001/mês a R$ 20.000/mês,de 1 a 2 anos,Mais de 10 anos,True,18000,,
45-49,Masculino,Parda,Centro-oeste,Pós-graduação,Empregado (CLT),Analista de BI,Pleno,de R$ 8.001/mês a R$ 12.000/mês,Mais de 10 anos,de 7 a 10 anos,False,10000,-15.0,-52.0
45-49,Masculino,Branca,Centro-oeste,Pós-graduação,Empregado (CLT),Desenvolvedor,Pleno,de R$ 8.001/mês a R$ 12.000/mês,de 3 a 4 anos,de 3 a 4 anos,True,10000,-15.0,-52.0
45-49,Feminino,Amarela,Sudeste,Doutorado ou Phd,Empregado (CLT),Cientista de Dados,Sênior,de R$ 12.001/mês a R$ 16.000/mês,de 7 a 10 anos,Não tive experiência na área de TI/Engenharia de Software antes de começar a trabalhar na área de dados,False,14000,-20.0,-44.0
45-49,Masculino,Branca,Sudeste,Pós-graduação,Empregado (CLT),Analista de Dados,Sênior,de R$ 8.001/mês a R$ 12.000/mês,Mais de 10 anos,de 5 a 6 anos,True,10000,-20.0,-44.0
45-49,Masculino,Prefiro não informar,Centro-oeste,Pós-graduação,Servidor Público,Analista de Suporte,Sênior,de R$ 16.001/mês a R$ 20.000/mês,Menos de 1 ano,Mais de 10 anos,False,18000,-15.0,-52.0
45-49,Masculino,Branca,Sul,Graduação/Bacharelado,Empregado (CLT),Analista de BI,Pleno,de R$ 4.001/mês a R$ 6.000/mês,de 3 a 4 anos,Não tive experiência na área de TI/Engenharia de Software antes de começar a trabalhar na área de dados,True,5000,-27.0,-51.0
45-49,Feminino,Parda,Nordeste,Graduação/Bacharelado,Servidor Público,Analista de Dados,Júnior,de R$ 4.001/mês a R$ 6.000/mês,de 5 a 6 anos,Não tive experiência na área de TI/Engenharia de Software antes de começar a trabalhar na área de dados,True,5000,-8.0,-38.0
45-49,Masculino,Parda,Nordeste,Graduação/Bacharelado,Servidor Público,Outro,Pleno,de R$ 16.001/mês a R$ 20.000/mês,de 7 a 10 anos,Não tive experiência na área de TI/Engenharia de Software antes de começar a trabalhar na área de dados,True,18000,-8.0,-38.0
45-49,Feminino,Branca,Sudeste,Pós-graduação,Empregado (CLT),Cientista de Dados,Pleno,de R$ 8.001/mês a R$ 12.000/mês,de 3 a 4 anos,Não tive experiência na área de TI/Engenharia de Software antes de começar a trabalhar na área de dados,True,10000,-20.0,-44.0
45-49,Masculino,Parda,Centro-oeste,Pós-graduação,Empregado (CLT),Engenheiro de Dados,Sênior,de R$ 20.001/mês a R$ 25.000/mês,Mais de 10 anos,Mais de 10 anos,True,22500,-15.0,-52.0
45-49,Masculino,Branca,Sudeste,Graduação/Bacharelado,Empregado (CLT),Analista de Dados,Sênior,de R$ 16.001/mês a R$ 20.000/mês,de 5 a 6 anos,Não tive experiência na área de TI/Engenharia de Software antes de começar a trabalhar na área de dados,True,18000,-20.0,-44.0
45-49,Masculino,Branca,Sudeste,Pós-graduação,Empregado (CLT),Cientista de Dados,Pleno,de R$ 8.001/mês a R$ 12.000/mês,Mais de 10 anos,de 1 a 2 anos,False,10000,-20.0,-44.0
45-49,Feminino,Branca,Sul,Pós-graduação,Empregado (CLT),Analista de BI,Sênior,de R$ 6.001/mês a R$ 8.000/mês,Mais de 10 anos,Mais de 10 anos,True,7000,-27.0,-51.0
45-49,Masculino,Branca,Sul,Pós-graduação,Empregado (CLT),Analista de Dados,Pleno,de R$ 6.001/mês a R$ 8.000/mês,de 3 a 4 anos,de 3 a 4 anos,True,7000,-27.0,-51.0
45-49,Masculino,Branca,Sul,Pós-graduação,Empregado (CLT),Engenheiro de Dados,Pleno,de R$ 8.001/mês a R$ 12.000/mês,de 3 a 4 anos,Mais de 10 anos,False,10000,-27.0,-51.0
45-49,Masculino,Parda,Sudeste,Pós-graduação,Empregado (CLT),Analista de Negócios,Sênior,de R$ 16.001/mês a R$ 20.000/mês,Menos de 1 ano,de 7 a 10 anos,False,18000,-20.0,-44.0
45-49,Masculino,Branca,Sul,Pós-graduação,Empregado (CLT),Cientista de Dados,Sênior,de R$ 8.001/mês a R$ 12.000/mês,de 3 a 4 anos,Não tive experiência na área de TI/Engenharia de Software antes de começar a trabalhar na área de dados,True,10000,-27.0,-51.0
45-49,Masculino,Branca,Sudeste,Pós-graduação,Vivo no Brasil e trabalho remoto para empresa de fora do Brasil,Analista de Suporte,Sênior,de R$ 25.001/mês a R$ 30.000/mês,Mais de 10 anos,Mais de 10 anos,False,27500,-20.0,-44.0
45-49,Feminino,Branca,Sul,Pós-graduação,Empregado (CLT),Analista de BI,Sênior,de R$ 8.001/mês a R$ 12.000/mês,Mais de 10 anos,Menos de 1 ano,True,10000,-27.0,-51.0
45-49,Masculino,Branca,Sudeste,Pós-graduação,Empregado (CLT),Arquiteto de Dados,Pleno,de R$ 16.001/mês a R$ 20.000/mês,Mais de 10 anos,de 3 a 4 anos,False,18000,-20.0,-44.0
45-49,Masculino,Branca,Centro-oeste,Mestrado,Servidor Público,Outro,Júnior,de R$ 25.001/mês a R$ 30.000/mês,Não tenho experiência na área de dados,Não tive experiência na área de TI/Engenharia de Software antes de começar a trabalhar na área de dados,False,27500,-15.0,-52.0
45-49,Masculino,Parda,Sudeste,Pós-graduação,Empregado (CLT),Analista de Suporte,Júnior,de R$ 2.001/mês a R$ 3.000/mês,Não tenho experiência na área de dados,Não tive experiência na área de TI/Engenharia de Software antes de começar a trabalhar na área de dados,False,2500,-20.0,-44.0
45-49,Masculino,Branca,Sudeste,Pós-graduação,Empreendedor ou Empregado (CNPJ),Analista de Negócios,Júnior,de R$ 12.001/mês a R$ 16.000/mês,de 5 a 6 anos,Não tive experiência na área de TI/Engenharia de Software antes de começar a trabalhar na área de dados,False,14000,-20.0,-44.0
45-49,Masculino,Amarela,Sudeste,Pós-graduação,Empregado (CLT),Analista de Dados,Sênior,de R$ 8.001/mês a R$ 12.000/mês,de 3 a 4 anos,de 5 a 6 anos,False,10000,-20.0,-44.0
45-49,Masculino,Branca,Sudeste,Doutorado ou Phd,Servidor Público,Professor/Pesquisador,Sênior,de R$ 12.001/mês a R$ 16.000/mês,Mais de 10 anos,Não tive experiência na área de TI/Engenharia de Software antes de começar a trabalhar na área de dados,False,14000,-20.0,-44.0
45-49,Feminino,Branca,Sul,Pós-graduação,Empregado (CLT),Analista de Dados,Pleno,de R$ 3.001/mês a R$ 4.000/mês,de 3 a 4 anos,de 1 a 2 anos,True,3500,-27.0,-51.0
45-49,Masculino,Branca,Sudeste,Pós-graduação,Empregado (CLT),Arquiteto de Dados,Sênior,de R$ 16.001/mês a R$ 20.000/mês,Mais de 10 anos,Mais de 10 anos,False,18000,-20.0,-44.0
45-49,Feminino,Parda,Sudeste,Doutorado ou Phd,Servidor Público,Outro,Pleno,de R$ 8.001/mês a R$ 12.000/mês,de 1 a 2 anos,Não tive experiência na área de TI/Engenharia de Software antes de começar a trabalhar na área de dados,False,10000,-20.0,-44.0
45-49,Masculino,Branca,Sudeste,Pós-graduação,Empregado (CLT),Arquiteto de Dados,Sênior,de R$ 25.001/mês a R$ 30.000/mês,de 5 a 6 anos,Mais de 10 anos,True,27500,-20.0,-44.0
45-49,Masculino,Branca,Sudeste,Pós-graduação,Empregado (CLT),Analista de Dados,Sênior,de R$ 8.001/mês a R$ 12.000/mês,Mais de 10 anos,de 7 a 10 anos,False,10000,-20.0,-44.0
45-49,Masculino,Branca,Sudeste,Pós-graduação,Empregado (CLT),Analista de Dados,Sênior,de R$ 8.001/mês a R$ 12.000/mês,de 7 a 10 anos,Mais de 10 anos,False,10000,-20.0,-44.0
45-49,Masculino,Branca,Sudeste,Pós-graduação,Empregado (CLT),Cientista de Dados,Pleno,de R$ 12.001/mês a R$ 16.000/mês,de 3 a 4 anos,Não tive experiência na área de TI/Engenharia de Software antes de começar a trabalhar na área de dados,True,14000,-20.0,-44.0
45-49,Feminino,Branca,Centro-oeste,Pós-graduação,Empregado (CLT),Analista de BI,Pleno,de R$ 6.001/mês a R$ 8.000/mês,de 3 a 4 anos,de 1 a 2 anos,False,7000,-15.0,-52.0
45-49,Feminino,Parda,Centro-oeste,Pós-graduação,Empregado (CLT),Arquiteto de Dados,Sênior,de R$ 12.001/mês a R$ 16.000/mês,Mais de 10 anos,de 3 a 4 anos,True,14000,-15.0,-52.0
45-49,Masculino,Branca,Sul,Pós-graduação,Empregado (CLT),Cientista de Dados,Sênior,de R$ 16.001/mês a R$ 20.000/mês,Mais de 10 anos,Não tive experiência na área de TI/Engenharia de Software antes de começar a trabalhar na área de dados,True,18000,-27.0,-51.0
45-49,Masculino,Parda,Sudeste,Pós-graduação,Empregado (CLT),Desenvolvedor,Sênior,de R$ 6.001/mês a R$ 8.000/mês,de 7 a 10 anos,Mais de 10 anos,False,7000,-20.0,-44.0
45-49,Masculino,Branca,Nordeste,Pós-graduação,Empregado (CLT),Outro,Júnior,de R$ 4.001/mês a R$ 6.000/mês,de 1 a 2 anos,de 5 a 6 anos,False,5000,-8.0,-38.0
45-49,Masculino,Branca,Sul,Graduação/Bacharelado,Empregado (CLT),Outro,Júnior,de R$ 4.001/mês a R$ 6.000/mês,Mais de 10 anos,Não tive experiência na área de TI/Engenharia de Software antes de começar a trabalhar na área de dados,False,5000,-27.0,-51.0
45-49,Masculino,Branca,Sudeste,Pós-graduação,Empregado (CLT),Engenheiro de Dados,Sênior,de R$ 12.001/mês a R$ 16.000/mês,de 5 a 6 anos,Mais de 10 anos,True,14000,-20.0,-44.0
45-49,Masculino,Branca,Sudeste,Pós-graduação,Empregado (CLT),Engenheiro de Dados,Pleno,de R$ 12.001/mês a R$ 16.000/mês,de 1 a 2 anos,Não tive experiência na área de TI/Engenharia de Software antes de começar a trabalhar na área de dados,True,14000,-20.0,-44.0
45-49,Masculino,Branca,Sudeste,Pós-graduação,Empregado (CLT),Analista de BI,Sênior,de R$ 8.001/mês a R$ 12.000/mês,de 5 a 6 anos,Mais de 10 anos,True,10000,-20.0,-44.0
45-49,Masculino,Branca,Sul,Graduação/Bacharelado,Empregado (CLT),Analista de Dados,Pleno,de R$ 6.001/mês a R$ 8.000/mês,de 3 a 4 anos,Não tive experiência na área de TI/Engenharia de Software antes de começar a trabalhar na área de dados,True,7000,-27.0,-51.0
45-49,Masculino,Branca,Sudeste,Pós-graduação,Empregado (CLT),Cientista de Dados,Sênior,de R$ 16.001/mês a R$ 20.000/mês,Mais de 10 anos,Mais de 10 anos,True,18000,-20.0,-44.0
45-49,Masculino,Branca,Sudeste,Pós-graduação,Empregado (CLT),Engenheiro de Dados,Sênior,de R$ 16.001/mês a R$ 20.000/mês,Mais de 10 anos,de 7 a 10 anos,False,18000,-20.0,-44.0
45-49,Feminino,Branca,Sudeste,Pós-graduação,Empregado (CLT),Arquiteto de Dados,Sênior,de R$ 12.001/mês a R$ 16.000/mês,Mais de 10 anos,de 5 a 6 anos,True,14000,-20.0,-44.0
45-49,Masculino,Branca,Sudeste,Graduação/Bacharelado,Empregado (CLT),Analista de Dados,Pleno,de R$ 2.001/mês a R$ 3.000/mês,de 3 a 4 anos,Mais de 10 anos,False,2500,-20.0,-44.0
45-49,Masculino,Branca,Sul,Graduação/Bacharelado,Empregado (CLT),Engenheiro de Dados,Sênior,de R$ 8.001/mês a R$ 12.000/mês,de 3 a 4 anos,Mais de 10 anos,True,10000,-27.0,-51.0
45-49,Masculino,Parda,,Pós-graduação,Vivo fora do Brasil e trabalho para empresa de fora do Brasil,Arquiteto de Dados,Sênior,de R$ 25.001/mês a R$ 30.000/mês,Mais de 10 anos,Mais de 10 anos,True,27500,,
45-49,Masculino,Preta,Sudeste,Pós-graduação,Empreendedor ou Empregado (CNPJ),Engenheiro de Dados,Pleno,de R$ 16.001/mês a R$ 20.000/mês,de 3 a 4 anos,de 3 a 4 anos,True,18000,-20.0,-44.0
45-49,Masculino,Branca,Norte,Pós-graduação,Empreendedor ou Empregado (CNPJ),Outro,Júnior,de R$ 8.001/mês a R$ 12.000/mês,Menos de 1 ano,Não tive experiência na área de TI/Engenharia de Software antes de começar a trabalhar na área de dados,True,10000,-5.0,-60.0
45-49,Masculino,Branca,Sudeste,Pós-graduação,Empregado (CLT),Analista de Dados,Sênior,de R$ 8.001/mês a R$ 12.000/mês,Menos de 1 ano,Não tive experiência na área de TI/Engenharia de Software antes de começar a trabalhar na área de dados,True,10000,-20.0,-44.0
45-49,Masculino,Branca,Sul,Não tenho graduação formal,Empregado (CLT),Analista de Suporte,Sênior,de R$ 4.001/mês a R$ 6.000/mês,Não tenho experiência na área de dados,Não tive experiência na área de TI/Engenharia de Software antes de começar a trabalhar na área de dados,False,5000,-27.0,-51.0
45-49,Masculino,Branca,Sudeste,Pós-graduação,Desempregado e não estou buscando recolocação,Arquiteto de Dados,Sênior,de R$ 12.001/mês a R$ 16.000/mês,Mais de 10 anos,Mais de 10 anos,False,14000,-20.0,-44.0
45-49,Feminino,Parda,Sudeste,Pós-graduação,Empregado (CLT),Analista de Dados,Sênior,de R$ 8.001/mês a R$ 12.000/mês,de 5 a 6 anos,Mais de 10 anos,False,10000,-20.0,-44.0
45-49,Feminino,Branca,Nordeste,Pós-graduação,Empregado (CLT),Cientista de Dados,Sênior,de R$ 30.001/mês a R$ 40.000/mês,de 3 a 4 anos,Mais de 10 anos,True,35000,-8.0,-38.0
45-49,Masculino,Parda,Sudeste,Pós-graduação,Empreendedor ou Empregado (CNPJ),Analista de Dados,Sênior,de R$ 12.001/mês a R$ 16.000/mês,de 3 a 4 anos,Mais de 10 anos,False,14000,-20.0,-44.0
45-49,Masculino,Branca,Sudeste,Graduação/Bacharelado,Empregado (CLT),Engenheiro de Dados,Sênior,de R$ 16.001/mês a R$ 20.000/mês,de 5 a 6 anos,Mais de 10 anos,False,18000,-20.0,-44.0
45-49,Masculino,Branca,Sudeste,Pós-graduação,Empregado (CLT),Analista de Dados,Sênior,de R$ 12.001/mês a R$ 16.000/mês,Mais de 10 anos,Mais de 10 anos,True,14000,-20.0,-44.0
50-54,Masculino,Branca,Sudeste,Pós-graduação,Empregado (CLT),Cientista de Dados,Sênior,de R$ 12.001/mês a R$ 16.000/mês,de 3 a 4 anos,Mais de 10 anos,False,14000,-20.0,-44.0
50-54,Masculino,Branca,Sudeste,Pós-graduação,Empregado (CLT),Analista de BI,Pleno,de R$ 8.001/mês a R$ 12.000/mês,de 1 a 2 anos,Não tive experiência na área de TI/Engenharia de Software antes de começar a trabalhar na área de dados,True,10000,-20.0,-44.0
50-54,Feminino,Branca,Sudeste,Doutorado ou Phd,Empregado (CLT),Analista de Dados,Sênior,de R$ 12.001/mês a R$ 16.000/mês,de 7 a 10 anos,Mais de 10 anos,True,14000,-20.0,-44.0
50-54,Masculino,Prefiro não informar,Sudeste,Doutorado ou Phd,Servidor Público,Desenvolvedor,Júnior,de R$ 8.001/mês a R$ 12.000/mês,de 1 a 2 anos,de 3 a 4 anos,True,10000,-20.0,-44.0
50-54,Masculino,Branca,Nordeste,Pós-graduação,Servidor Público,Desenvolvedor,Pleno,de R$ 4.001/mês a R$ 6.000/mês,Menos de 1 ano,de 1 a 2 anos,True,5000,-8.0,-38.0
50-54,Masculino,Parda,Sudeste,Graduação/Bacharelado,Empregado (CLT),Outro,Pleno,de R$ 8.001/mês a R$ 12.000/mês,Não tenho experiência na área de dados,Não tive experiência na área de TI/Engenharia de Software antes de começar a trabalhar na área de dados,True,10000,-20.0,-44.0
50-54,Masculino,Branca,Sudeste,Pós-graduação,Empregado (CLT),Engenheiro de Dados,Sênior,de R$ 30.001/mês a R$ 40.000/mês,de 5 a 6 anos,Mais de 10 anos,True,35000,-20.0,-44.0
50-54,Masculino,Branca,Sul,Doutorado ou Phd,Empregado (CLT),Professor/Pesquisador,Sênior,de R$ 4.001/mês a R$ 6.000/mês,Não tenho experiência na área de dados,Não tive experiência na área de TI/Engenharia de Software antes de começar a trabalhar na área de dados,False,5000,-27.0,-51.0
50-54,Masculino,Branca,Sul,Pós-graduação,Empregado (CLT),Professor/Pesquisador,Sênior,de R$ 2.001/mês a R$ 3.000/mês,Mais de 10 anos,Não tive experiência na área de TI/Engenharia de Software antes de começar a trabalhar na área de dados,False,2500,-27.0,-51.0
50-54,Masculino,Branca,Sudeste,Pós-graduação,Freelancer,Analista de BI,Sênior,de R$ 16.001/mês a R$ 20.000/mês,de 7 a 10 anos,Não tive experiência na área de TI/Engenharia de Software antes de começar a trabalhar na área de dados,False,18000,-20.0,-44.0
50-54,Masculino,Parda,Nordeste,Graduação/Bacharelado,Empregado (CLT),Outro,Pleno,de R$ 2.001/mês a R$ 3.000/mês,Não tenho experiência na área de dados,Mais de 10 anos,False,2500,-8.0,-38.0
50-54,Masculino,Branca,Sudeste,Pós-graduação,Empregado (CLT),Outro,Sênior,de R$ 16.001/mês a R$ 20.000/mês,de 3 a 4 anos,Mais de 10 anos,True,18000,-20.0,-44.0
50-54,Feminino,Branca,Sul,Pós-graduação,Empregado (CLT),Analista de Suporte,Sênior,de R$ 4.001/mês a R$ 6.000/mês,de 3 a 4 anos,de 3 a 4 anos,False,5000,-27.0,-51.0
50-54,Masculino,Parda,Sul,Pós-graduação,Empregado (CLT),Analista de Dados,Sênior,de R$ 8.001/mês a R$ 12.000/mês,de 7 a 10 anos,Mais de 10 anos,False,10000,-27.0,-51.0
50-54,Masculino,Branca,Sudeste,Pós-graduação,Empregado (CLT),Engenheiro de Dados,Sênior,de R$ 8.001/mês a R$ 12.000/mês,Mais de 10 anos,de 7 a 10 anos,True,10000,-20.0,-44.0
50-54,Masculino,Branca,Sul,Graduação/Bacharelado,Empregado (CLT),Arquiteto de Dados,Sênior,de R$ 8.001/mês a R$ 12.000/mês,Mais de 10 anos,Mais de 10 anos,True,10000,-27.0,-51.0
50-54,Masculino,Parda,Centro-oeste,Pós-graduação,Empregado (CLT),Analista de Suporte,Sênior,de R$ 8.001/mês a R$ 12.000/mês,de 3 a 4 anos,Não tive experiência na área de TI/Engenharia de Software antes de começar a trabalhar na área de dados,True,10000,-15.0,-52.0
50-54,Masculino,Branca,Sudeste,Pós-graduação,Empregado (CLT),Analista de Negócios,Sênior,de R$ 8.001/mês a R$ 12.000/mês,de 5 a 6 anos,Não tive experiência na área de TI/Engenharia de Software antes de começar a trabalhar na área de dados,True,10000,-20.0,-44.0
50-54,Masculino,Branca,Sudeste,Graduação/Bacharelado,Empregado (CLT),Outro,Sênior,de R$ 6.001/mês a R$ 8.000/mês,Não tenho experiência na área de dados,Não tive experiência na área de TI/Engenharia de Software antes de começar a trabalhar na área de dados,False,7000,-20.0,-44.0
50-54,Masculino,Parda,Sudeste,Pós-graduação,Empregado (CLT),Engenheiro de Dados,Sênior,de R$ 20.001/mês a R$ 25.000/mês,Mais de 10 anos,Mais de 10 anos,False,22500,-20.0,-44.0
50-54,Masculino,Branca,Sudeste,Pós-graduação,Empregado (CLT),Outro,Pleno,de R$ 4.001/mês a R$ 6.000/mês,de 3 a 4 anos,Não tive experiência na área de TI/Engenharia de Software antes de começar a trabalhar na área de dados,True,5000,-20.0,-44.0
50-54,Masculino,Branca,Sudeste,Pós-graduação,Empregado (CLT),Analista de Dados,Sênior,de R$ 16.001/mês a R$ 20.000/mês,Mais de 10 anos,de 3 a 4 anos,True,18000,-20.0,-44.0
50-54,Masculino,Branca,Sudeste,Graduação/Bacharelado,Empregado (CLT),Engenheiro de Dados,Sênior,de R$ 16.001/mês a R$ 20.000/mês,Mais de 10 anos,de 5 a 6 anos,False,18000,-20.0,-44.0
50-54,Masculino,Branca,Sul,Pós-graduação,Empregado (CLT),Analista de BI,Pleno,de R$ 8.001/mês a R$ 12.000/mês,de 5 a 6 anos,Não tive experiência na área de TI/Engenharia de Software antes de começar a trabalhar na área de dados,True,10000,-27.0,-51.0
50-54,Masculino,Preta,Sudeste,Estudante de Graduação,Empregado (CLT),Analista de Dados,Sênior,de R$ 8.001/mês a R$ 12.000/mês,de 5 a 6 anos,Não tive experiência na área de TI/Engenharia de Software antes de começar a trabalhar na área de dados,False,10000,-20.0,-44.0
50-54,Feminino,Branca,Centro-oeste,Estudante de Graduação,Estagiário,Analista de BI,Júnior,de R$ 1.001/mês a R$ 2.000/mês,Não tenho experiência na área de dados,Não tive experiência na área de TI/Engenharia de Software antes de começar a trabalhar na área de dados,False,1500,-15.0,-52.0
50-54,Feminino,Branca,Sudeste,Graduação/Bacharelado,Servidor Público,Outro,Júnior,de R$ 8.001/mês a R$ 12.000/mês,Não tenho experiência na área de dados,de 7 a 10 anos,False,10000,-20.0,-44.0
50-54,Masculino,Branca,Nordeste,Pós-graduação,Empregado (CLT),Analista de Dados,Sênior,de R$ 8.001/mês a R$ 12.000/mês,de 5 a 6 anos,Mais de 10 anos,True,10000,-8.0,-38.0
50-54,Masculino,Branca,Sudeste,Pós-graduação,Empregado (CLT),Cientista de Dados,Sênior,de R$ 8.001/mês a R$ 12.000/mês,Mais de 10 anos,Mais de 10 anos,True,10000,-20.0,-44.0
50-54,Masculino,Branca,Sudeste,Pós-graduação,Empregado (CLT),Engenheiro de Dados,Sênior,Acima de R$ 40.001/mês,Mais de 10 anos,de 3 a 4 anos,True,45000,-20.0,-44.0
50-54,Masculino,Branca,Sul,Graduação/Bacharelado,Empregado (CLT),Engenheiro de Dados,Sênior,de R$ 12.001/mês a R$ 16.000/mês,Mais de 10 anos,Mais de 10 anos,True,14000,-27.0,-51.0
50-54,Masculino,Branca,Sudeste,Pós-graduação,Empreendedor ou Empregado (CNPJ),Analista de Dados,Sênior,de R$ 8.001/mês a R$ 12.000/mês,de 3 a 4 anos,Não tive experiência na área de TI/Engenharia de Software antes de começar a trabalhar na área de dados,False,10000,-20.0,-44.0
50-54,Masculino,Branca,Sul,Graduação/Bacharelado,Empregado (CLT),Cientista de Dados,Sênior,de R$ 25.001/mês a R$ 30.000/mês,de 7 a 10 anos,Mais de 10 anos,True,27500,-27.0,-51.0
50-54,Masculino,Branca,Sul,Pós-graduação,Freelancer,Outro,Sênior,de R$ 4.001/mês a R$ 6.000/mês,Não tenho experiência na área de dados,Mais de 10 anos,False,5000,-27.0,-51.0
50-54,Masculino,Branca,Sudeste,Graduação/Bacharelado,Empregado (CLT),Analista de BI,Júnior,de R$ 1.001/mês a R$ 2.000/mês,Não tenho experiência na área de dados,Não tive experiência na área de TI/Engenharia de Software antes de começar a trabalhar na área de dados,False,1500,-20.0,-44.0
50-54,Masculino,Branca,Sul,Pós-graduação,Empregado (CLT),Product Manager,Sênior,de R$ 12.001/mês a R$ 16.000/mês,de 7 a 10 anos,de 7 a 10 anos,True,14000,-27.0,-51.0
50-54,Masculino,Parda,Centro-oeste,Mestrado,Empregado (CLT),Estatístico,Sênior,de R$ 8.001/mês a R$ 12.000/mês,Mais de 10 anos,Mais de 10 anos,False,10000,-15.0,-52.0
50-54,Masculino,Branca,Sudeste,Graduação/Bacharelado,Empregado (CLT),Cientista de Dados,Sênior,de R$ 16.001/mês a R$ 20.000/mês,de 7 a 10 anos,Não tive experiência na área de TI/Engenharia de Software antes de começar a trabalhar na área de dados,True,18000,-20.0,-44.0
50-54,Masculino,Branca,Sudeste,Graduação/Bacharelado,Empregado (CLT),Engenheiro de Dados,Sênior,de R$ 20.001/mês a R$ 25.000/mês,de 7 a 10 anos,Mais de 10 anos,True,22500,-20.0,-44.0
50-54,Masculino,Branca,Sudeste,Pós-graduação,Empregado (CLT),Outro,Sênior,de R$ 16.001/mês a R$ 20.000/mês,Mais de 10 anos,Mais de 10 anos,True,18000,-20.0,-44.0
50-54,Masculino,Branca,Sudeste,Graduação/Bacharelado,Empregado (CLT),Analista de Suporte,Pleno,de R$ 2.001/mês a R$ 3.000/mês,de 1 a 2 anos,Não tive experiência na área de TI/Engenharia de Software antes de começar a trabalhar na área de dados,False,2500,-20.0,-44.0
50-54,Masculino,Parda,Nordeste,Graduação/Bacharelado,Empregado (CLT),Engenheiro de Dados,Sênior,de R$ 12.001/mês a R$ 16.000/mês,de 3 a 4 anos,Mais de 10 anos,True,14000,-8.0,-38.0
50-54,Masculino,Preta,Centro-oeste,Pós-graduação,Empregado (CLT),Arquiteto de Dados,Sênior,de R$ 12.001/mês a R$ 16.000/mês,Mais de 10 anos,de 7 a 10 anos,False,14000,-15.0,-52.0
50-54,Masculino,Parda,Sudeste,Graduação/Bacharelado,Empregado (CLT),Analista de Dados,Pleno,de R$ 6.001/mês a R$ 8.000/mês,Mais de 10 anos,Mais de 10 anos,True,7000,-20.0,-44.0
50-54,Masculino,Branca,Sudeste,Pós-graduação,Servidor Público,Desenvolvedor,Sênior,de R$ 16.001/mês a R$ 20.000/mês,de 1 a 2 anos,Mais de 10 anos,True,18000,-20.0,-44.0
50-54,Masculino,Preta,Centro-oeste,Pós-graduação,Desempregado e não estou buscando recolocação,Arquiteto de Dados,Sênior,de R$ 12.001/mês a R$ 16.000/mês,Mais de 10 anos,Mais de 10 anos,False,14000,-15.0,-52.0
50-54,Masculino,Branca,Sudeste,Graduação/Bacharelado,Empregado (CLT),Analytics Engineer,Sênior,de R$ 16.001/mês a R$ 20.000/mês,Mais de 10 anos,Mais de 10 anos,True,18000,-20.0,-44.0
50-54,Masculino,Branca,Sudeste,Graduação/Bacharelado,Empreendedor ou Empregado (CNPJ),Engenheiro de Dados,Sênior,de R$ 25.001/mês a R$ 30.000/mês,Mais de 10 anos,Mais de 10 anos,True,27500,-20.0,-44.0
50-54,Masculino,Preta,Sudeste,Graduação/Bacharelado,Empregado (CLT),Outro,Júnior,de R$ 6.001/mês a R$ 8.000/mês,de 1 a 2 anos,de 3 a 4 anos,True,7000,-20.0,-44.0
50-54,Feminino,Branca,Sudeste,Pós-graduação,Empregado (CLT),Analista de Negócios,Sênior,de R$ 30.001/mês a R$ 40.000/mês,Mais de 10 anos,Mais de 10 anos,True,35000,-20.0,-44.0
50-54,Feminino,Branca,Sudeste,Doutorado ou Phd,Empreendedor ou Empregado (CNPJ),Cientista de Dados,Pleno,de R$ 3.001/mês a R$ 4.000/mês,de 3 a 4 anos,Não tive experiência na área de TI/Engenharia de Software antes de começar a trabalhar na área de dados,True,3500,-20.0,-44.0
50-54,Masculino,Branca,Sudeste,Pós-graduação,Empregado (CLT),Analista de BI,Sênior,de R$ 12.001/mês a R$ 16.000/mês,Mais de 10 anos,Mais de 10 anos,True,14000,-20.0,-44.0
50-54,Masculino,Branca,Sudeste,Pós-graduação,Empreendedor ou Empregado (CNPJ),Outro,Sênior,Acima de R$ 40.001/mês,Mais de 10 anos,Menos de 1 ano,False,45000,-20.0,-44.0
50-54,Masculino,Branca,Sul,Pós-graduação,Servidor Público,Analista de BI,Sênior,de R$ 12.001/mês a R$ 16.000/mês,de 5 a 6 anos,Mais de 10 anos,False,14000,-27.0,-51.0
55+,Masculino,Branca,Sudeste,Pós-graduação,Empregado (CLT),Cientista de Dados,Pleno,de R$ 8.001/mês a R$ 12.000/mês,de 5 a 6 anos,Não tive experiência na área de TI/Engenharia de Software antes de começar a trabalhar na área de dados,True,10000,-20.0,-44.0
55+,Feminino,Branca,Sudeste,Pós-graduação,Empregado (CLT),Outro,Júnior,de R$ 1.001/mês a R$ 2.000/mês,Menos de 1 ano,Menos de 1 ano,True,1500,-20.0,-44.0
55+,Masculino,Parda,Sul,Pós-graduação,Empregado (CLT),Outras Engenharias,Sênior,de R$ 12.001/mês a R$ 16.000/mês,de 7 a 10 anos,de 5 a 6 anos,True,14000,-27.0,-51.0
55+,Feminino,Branca,Nordeste,Doutorado ou Phd,Servidor Público,Analista de Suporte,Sênior,de R$ 4.001/mês a R$ 6.000/mês,Mais de 10 anos,de 7 a 10 anos,True,5000,-8.0,-38.0
55+,Feminino,Branca,Sudeste,Pós-graduação,Empregado (CLT),Analista de Suporte,Sênior,de R$ 8.001/mês a R$ 12.000/mês,Mais de 10 anos,Mais de 10 anos,True,10000,-20.0,-44.0
55+,Masculino,Branca,,Mestrado,Servidor Público,Outro,Sênior,de R$ 25.001/mês a R$ 30.000/mês,de 1 a 2 anos,Não tive experiência na área de TI/Engenharia de Software antes de começar a trabalhar na área de dados,False,27500,,
55+,Masculino,Branca,Sudeste,Pós-graduação,Empreendedor ou Empregado (CNPJ),Desenvolvedor,Pleno,de R$ 8.001/mês a R$ 12.000/mês,de 3 a 4 anos,Não tive experiência na área de TI/Engenharia de Software antes de começar a trabalhar na área de dados,True,10000,-20.0,-44.0
55+,Masculino,Branca,Sudeste,Pós-graduação,Empregado (CLT),Engenheiro de Dados,Pleno,de R$ 12.001/mês a R$ 16.000/mês,Mais de 10 anos,Mais de 10 anos,True,14000,-20.0,-44.0
55+,Masculino,Branca,Sudeste,Graduação/Bacharelado,Freelancer,Outro,Júnior,de R$ 6.001/mês a R$ 8.000/mês,Não tenho experiência na área de dados,Não tive experiência na área de TI/Engenharia de Software antes de começar a trabalhar na área de dados,True,7000,-20.0,-44.0
55+,Masculino,Branca,,Graduação/Bacharelado,Vivo fora do Brasil e trabalho para empresa de fora do Brasil,Desenvolvedor,Sênior,de R$ 6.001/mês a R$ 8.000/mês,de 1 a 2 anos,Mais de 10 anos,True,7000,,
55+,Masculino,Branca,Sul,Mestrado,Servidor Público,Desenvolvedor,Sênior,de R$ 12.001/mês a R$ 16.000/mês,Mais de 10 anos,Mais de 10 anos,True,14000,-27.0,-51.0
55+,Masculino,Parda,Sudeste,Graduação/Bacharelado,Empregado (CLT),Analista de Dados,Sênior,de R$ 8.001/mês a R$ 12.000/mês,de 3 a 4 anos,Mais de 10 anos,True,10000,-20.0,-44.0
55+,Masculino,Branca,Sul,Pós-graduação,Empregado (CLT),Analista de Suporte,Sênior,de R$ 6.001/mês a R$ 8.000/mês,Mais de 10 anos,Mais de 10 anos,True,7000,-27.0,-51.0
55+,Masculino,Branca,Sul,Pós-graduação,Empreendedor ou Empregado (CNPJ),Analista de BI,Sênior,de R$ 8.001/mês a R$ 12.000/mês,de 3 a 4 anos,Mais de 10 anos,True,10000,-27.0,-51.0
55+,Masculino,Branca,Sudeste,Doutorado ou Phd,Empregado (CLT),Analista de Dados,Sênior,de R$ 16.001/mês a R$ 20.000/mês,Mais de 10 anos,Mais de 10 anos,True,18000,-20.0,-44.0
55+,Masculino,Branca,Sudeste,Pós-graduação,Empregado (CLT),Analista de Dados,Júnior,de R$ 4.001/mês a R$ 6.000/mês,de 1 a 2 anos,Menos de 1 ano,True,5000,-20.0,-44.0
55+,Masculino,Branca,Sudeste,Pós-graduação,Servidor Público,Analista de BI,Sênior,de R$ 20.001/mês a R$ 25.000/mês,Mais de 10 anos,Mais de 10 anos,False,22500,-20.0,-44.0
55+,Masculino,Branca,Sudeste,Graduação/Bacharelado,Empregado (CLT),Analista de Dados,Júnior,de R$ 6.001/mês a R$ 8.000/mês,de 1 a 2 anos,Não tive experiência na área de TI/Engenharia de Software antes de começar a trabalhar na área de dados,True,7000,-20.0,-44.0
55+,Masculino,Parda,Sudeste,Graduação/Bacharelado,Empregado (CLT),Outro,Sênior,de R$ 20.001/mês a R$ 25.000/mês,Mais de 10 anos,Mais de 10 anos,True,22500,-20.0,-44.0
55+,Masculino,Branca,Sul,Pós-graduação,Empregado (CLT),Analista de Dados,Sênior,de R$ 8.001/mês a R$ 12.000/mês,de 5 a 6 anos,Mais de 10 anos,True,10000,-27.0,-51.0
55+,Masculino,Branca,Sudeste,Pós-graduação,Freelancer,Analista de Dados,Sênior,de R$ 8.001/mês a R$ 12.000/mês,Mais de 10 anos,de 1 a 2 anos,False,10000,-20.0,-44.0
55+,Masculino,Preta,Centro-oeste,Mestrado,Servidor Público,Desenvolvedor,Sênior,de R$ 25.001/mês a R$ 30.000/mês,de 7 a 10 anos,Mais de 10 anos,True,27500,-15.0,-52.0
55+,Masculino,Parda,Sudeste,Não tenho graduação formal,Empregado (CLT),Outro,Júnior,de R$ 1.001/mês a R$ 2.000/mês,Não tenho experiência na área de dados,Não tive experiência na área de TI/Engenharia de Software antes de começar a trabalhar na área de dados,True,1500,-20.0,-44.0
55+,Masculino,Branca,Sudeste,Pós-graduação,Empregado (CLT),Engenheiro de Dados,Sênior,de R$ 30.001/mês a R$ 40.000/mês,Mais de 10 anos,de 7 a 10 anos,True,35000,-20.0,-44.0
55+,Masculino,Branca,Centro-oeste,Mestrado,Empreendedor ou Empregado (CNPJ),Cientista de Dados,Sênior,de R$ 12.001/mês a R$ 16.000/mês,de 5 a 6 anos,Mais de 10 anos,True,14000,-15.0,-52.0
